CONGLOME,VIVIENDA,HOGAR,es_panel
15009,12,11,0
15009,25,11,0
15009,49,11,0
15009,61,11,0
15009,74,11,0
15009,86,11,0
15009,130,11,0
15024,26,11,1
15024,39,11,1
15024,69,11,1
15024,98,11,1
15024,123,11,1
15029,3,11,1
15029,17,11,1
15029,47,11,1
15029,68,11,1
15040,9,11,0
15040,56,11,0
15040,77,11,0
15040,99,11,0
15040,121,11,0
15040,142,11,0
15052,3,11,0
15052,14,11,0
15052,24,11,0
15052,34,11,0
15052,42,11,0
15052,55,11,0
15080,9,11,0
15080,10,11,0
15080,12,11,0
15080,64,11,0
15080,65,11,0
15080,66,11,0
15080,67,11,0
15080,68,11,0
15084,69,11,0
15084,70,11,0
15084,71,11,0
15084,72,11,0
15084,167,11,0
15084,168,11,0
15084,169,11,0
15084,170,11,0
15095,24,11,0
15095,49,11,0
15095,86,11,0
15095,98,11,0
15095,123,11,0
15095,144,11,0
15103,9,11,1
15103,10,11,1
15103,11,11,1
15103,12,11,1
15103,19,11,1
15103,20,11,1
15107,69,11,0
15107,70,11,0
15107,71,11,0
15107,152,11,0
15107,153,11,0
15107,154,11,0
15107,155,11,0
15107,156,11,0
15139,181,11,0
15139,182,11,0
15139,183,11,0
15139,184,11,0
15139,386,11,0
15139,387,11,0
15139,388,11,0
15139,389,11,0
15149,29,11,0
15149,30,11,0
15149,31,11,0
15149,110,11,0
15149,111,11,0
15149,113,11,0
15149,114,11,0
15149,115,11,0
15160,82,11,1
15160,83,11,1
15160,84,11,1
15160,195,11,1
15191,10,11,0
15191,25,11,0
15191,40,11,0
15191,51,11,0
15191,81,11,0
15191,94,11,0
15191,107,11,0
15191,119,11,0
15202,12,11,0
15202,29,11,0
15202,61,11,0
15202,77,11,0
15202,94,11,0
15202,110,11,0
15202,139,11,0
15202,157,11,0
15219,2,11,0
15219,45,11,0
15219,64,11,0
15219,83,11,0
15219,111,11,0
15219,125,11,0
15221,9,11,0
15221,21,11,0
15221,46,11,0
15221,58,11,0
15221,70,11,0
15221,82,11,0
15238,12,11,1
15238,43,11,1
15238,59,11,1
15238,90,11,1
15238,106,11,1
15245,11,11,0
15245,22,11,0
15245,30,11,0
15245,38,11,0
15245,45,11,0
15245,53,11,0
15249,11,11,0
15249,32,11,0
15249,54,11,0
15249,74,11,0
15249,96,11,0
15249,139,11,0
15279,9,11,1
15279,15,11,1
15279,21,11,1
15279,33,11,1
15279,44,11,1
15279,64,11,1
15281,10,11,0
15281,25,11,0
15281,44,11,0
15281,61,11,0
15281,78,11,0
15281,96,11,0
15281,114,11,0
15281,147,11,0
15291,10,11,0
15291,23,11,0
15291,36,11,0
15291,51,11,0
15291,76,11,0
15291,89,11,0
15304,1,11,0
15304,18,11,0
15304,48,11,0
15304,64,11,0
15304,81,11,0
15304,97,11,0
15323,1,11,0
15323,22,11,0
15323,40,11,0
15323,49,11,0
15323,68,11,0
15323,77,11,0
15323,86,11,0
15323,95,11,0
15327,17,11,0
15327,18,11,0
15327,19,11,0
15327,20,11,0
15327,72,11,0
15327,73,11,0
15327,74,11,0
15327,76,11,0
15342,10,11,0
15342,11,11,0
15342,86,11,0
15342,87,11,0
15342,88,11,0
15342,89,11,0
15342,90,11,0
15342,102,11,0
15356,13,11,0
15356,15,11,0
15356,16,11,0
15356,64,11,0
15356,65,11,0
15356,66,11,0
15356,67,11,0
15356,68,11,0
15372,21,11,1
15372,22,11,1
15372,23,11,1
15372,65,11,1
15372,66,11,1
15372,67,11,1
15372,68,11,1
15384,21,11,1
15384,23,11,1
15384,119,11,1
15384,121,11,1
15384,129,11,1
15384,130,11,1
15396,9,11,0
15396,30,11,0
15396,50,11,0
15396,70,11,0
15396,110,11,0
15396,130,11,0
15396,149,11,0
15396,167,11,0
15424,6,11,0
15424,24,11,0
15424,61,11,0
15424,83,11,0
15424,144,11,0
15424,161,11,0
15427,22,11,0
15427,38,11,0
15427,50,11,0
15427,66,11,0
15427,107,11,0
15427,123,11,0
15435,1,11,0
15435,13,11,0
15435,25,11,0
15435,36,11,0
15435,48,11,0
15435,72,11,0
15449,7,11,0
15449,16,11,0
15449,40,11,0
15449,45,11,0
15449,47,11,0
15449,50,11,0
15449,60,11,0
15449,63,11,0
15460,45,11,0
15460,46,11,0
15460,47,11,0
15460,48,11,0
15460,98,11,0
15460,99,11,0
15460,100,11,0
15460,101,11,0
15465,378,11,0
15465,380,11,0
15465,381,11,0
15465,864,11,0
15465,868,11,0
15465,869,11,0
15465,870,11,0
15465,871,11,0
15491,13,11,0
15491,14,11,0
15491,15,11,0
15491,16,11,0
15491,33,11,0
15491,34,11,0
15491,35,11,0
15491,36,11,0
15495,33,11,0
15495,36,11,0
15495,135,11,0
15495,136,11,0
15495,137,11,0
15495,138,11,0
15495,139,11,0
15495,140,11,0
15501,17,11,1
15501,18,11,1
15501,20,11,1
15501,101,11,1
15501,104,11,1
15513,1,11,1
15513,12,11,1
15513,23,11,1
15513,57,11,1
15513,68,11,1
15513,102,11,1
15527,22,11,0
15527,41,11,0
15527,56,11,0
15527,100,11,0
15527,114,11,0
15527,128,11,0
15527,143,11,0
15527,162,11,0
15545,28,11,0
15545,40,11,0
15545,52,11,0
15545,86,11,0
15545,89,11,0
15545,108,11,0
15553,3,11,0
15553,27,11,0
15553,48,11,0
15553,93,11,0
15553,117,11,0
15553,139,11,0
15553,182,11,0
15553,203,11,0
15555,15,11,0
15555,32,12,0
15555,32,22,0
15555,46,11,0
15555,63,11,0
15555,99,11,0
15555,115,12,0
15555,115,22,0
15578,8,11,0
15578,15,11,0
15578,23,11,0
15578,45,11,0
15578,52,11,0
15578,60,11,0
15582,5,11,0
15582,25,11,0
15582,64,11,0
15582,84,11,0
15582,105,11,0
15582,126,11,0
15598,12,11,0
15598,31,11,0
15598,49,11,0
15598,107,11,0
15598,125,11,0
15598,161,11,0
15600,7,11,0
15600,21,11,0
15600,36,11,0
15600,63,11,0
15600,105,11,0
15602,14,11,0
15602,26,11,0
15602,35,11,0
15602,55,11,0
15602,67,11,0
15602,90,11,0
15602,116,11,0
15602,128,11,0
15622,18,11,1
15622,25,11,1
15622,50,11,1
15628,9,11,1
15628,75,11,1
15628,108,11,1
15659,4,11,0
15659,43,11,0
15659,66,11,0
15659,81,11,0
15659,101,11,0
15659,120,11,0
15691,17,11,1
15691,32,11,1
15691,46,11,1
15691,61,11,1
15691,74,11,1
15704,15,11,0
15704,46,11,0
15704,62,11,0
15704,93,12,0
15704,93,22,0
15704,109,11,0
15704,141,11,0
15716,6,11,0
15716,17,11,0
15716,39,11,0
15716,50,11,0
15716,62,11,0
15716,73,11,0
15732,17,11,1
15732,35,11,1
15732,67,11,1
15732,83,11,1
15732,131,11,1
15734,2,11,1
15734,12,11,1
15734,23,11,1
15734,32,11,1
15734,42,11,1
15734,51,11,1
15739,127,11,0
15739,129,11,0
15739,130,11,0
15739,132,11,0
15739,136,11,0
15739,178,11,0
15739,179,11,0
15739,182,11,0
15752,21,11,1
15752,23,11,1
15752,24,11,1
15752,76,11,1
15752,77,11,1
15752,78,11,1
15752,79,11,1
15752,80,11,1
15775,57,11,0
15775,59,11,0
15775,60,11,0
15775,178,11,0
15775,179,11,0
15775,180,11,0
15775,181,11,0
15787,11,11,0
15787,28,11,0
15787,45,11,0
15787,60,11,0
15787,77,11,0
15787,109,11,0
15787,124,11,0
15787,140,11,0
15803,1,11,0
15803,25,11,0
15803,45,11,0
15803,67,11,0
15803,110,11,0
15803,132,11,0
15811,53,11,1
15811,90,11,1
15811,128,11,1
15811,147,11,1
15811,166,11,1
15811,184,11,1
15822,14,11,1
15822,40,11,1
15822,62,11,1
15822,136,11,1
15822,185,11,1
15822,205,11,1
15831,8,11,0
15831,21,11,0
15831,35,11,0
15831,48,11,0
15831,76,11,0
15831,89,11,0
15845,9,11,0
15845,70,11,0
15845,88,11,0
15845,106,11,0
15845,142,11,0
15845,160,11,0
15859,19,11,0
15859,57,11,0
15859,76,11,0
15859,110,11,0
15859,128,11,0
15859,144,11,0
15880,8,11,0
15880,16,11,0
15880,28,11,0
15880,54,11,0
15880,63,11,0
15880,79,11,0
15880,87,11,0
15880,100,11,0
15897,25,11,0
15897,27,11,0
15897,28,11,0
15897,92,11,0
15897,93,11,0
15897,94,11,0
15897,95,11,0
15897,105,11,0
15921,1,11,1
15921,2,11,1
15921,3,11,1
15921,4,11,1
15921,256,11,1
15921,258,11,1
15921,260,11,1
15931,6,11,1
15931,7,11,1
15931,33,11,1
15931,34,11,1
15931,35,11,1
15931,38,11,1
15946,200,11,0
15946,203,11,0
15946,601,11,0
15946,602,11,0
15946,605,11,0
15946,609,11,0
15946,610,11,0
15946,612,11,0
15960,29,11,0
15960,40,11,0
15960,51,11,0
15960,62,11,0
15960,73,11,0
15960,93,11,0
15960,104,11,0
15975,4,11,1
15975,15,11,1
15975,26,11,1
15975,58,11,1
15975,69,11,1
15975,80,11,1
16004,9,11,0
16004,21,11,0
16004,32,11,0
16004,44,11,0
16004,55,11,0
16004,65,11,0
16017,11,11,0
16017,25,11,0
16017,59,11,0
16017,75,11,0
16017,92,11,0
16017,112,11,0
16025,63,11,0
16025,85,11,0
16025,110,11,0
16025,130,11,0
16025,152,11,0
16025,197,11,0
16027,1,11,0
16027,23,11,0
16027,45,11,0
16027,88,11,0
16027,110,11,0
16027,153,11,0
16034,3,11,1
16034,18,11,1
16034,33,11,1
16034,48,11,1
16034,77,11,1
16034,92,11,1
16041,1,11,0
16041,18,11,0
16041,23,11,0
16041,32,11,0
16041,56,11,0
16041,71,11,0
16041,78,11,0
16041,82,11,0
16049,25,11,0
16049,26,11,0
16049,27,11,0
16049,480,11,0
16049,481,11,0
16049,482,11,0
16049,483,11,0
16049,484,11,0
16065,185,11,0
16065,187,11,0
16065,188,11,0
16065,388,11,0
16065,393,11,0
16065,394,11,0
16069,9,11,0
16069,10,11,0
16069,11,11,0
16069,174,11,0
16069,175,11,0
16069,177,11,0
16069,178,11,0
16069,179,11,0
16084,133,11,0
16084,134,11,0
16084,135,11,0
16084,136,11,0
16084,283,11,0
16084,284,11,0
16084,285,11,0
16084,286,11,0
16090,81,11,0
16090,82,11,0
16090,84,11,0
16090,168,11,0
16090,169,11,0
16090,171,11,0
16090,172,11,0
16090,173,11,0
16099,1,11,0
16099,2,11,0
16099,3,11,0
16099,4,11,0
16099,273,11,0
16099,276,11,0
16099,278,11,0
16099,279,11,0
16122,294,11,1
16122,295,11,1
16122,296,11,1
16122,610,11,1
16122,611,11,1
16122,612,11,1
16122,613,11,1
16131,154,11,1
16131,156,11,1
16131,424,11,1
16131,425,11,1
16131,426,11,1
16131,427,11,1
16144,2,11,0
16144,3,11,0
16144,4,11,0
16144,79,11,0
16144,80,11,0
16144,81,11,0
16144,82,11,0
16144,83,11,0
16154,29,11,1
16154,30,11,1
16154,31,11,1
16154,32,11,1
16154,129,11,1
16154,130,11,1
16154,131,11,1
16154,132,11,1
16166,23,11,0
16166,40,11,0
16166,89,11,0
16166,127,11,0
16166,142,11,0
16166,153,11,0
16187,22,11,0
16187,47,12,0
16187,47,22,0
16187,72,11,0
16187,95,11,0
16187,140,11,0
16187,160,11,0
16205,1,11,0
16205,9,11,0
16205,17,11,0
16205,27,11,0
16205,35,11,0
16205,47,11,0
16219,10,11,0
16219,18,11,0
16219,34,11,0
16219,51,11,0
16219,59,11,0
16219,65,11,0
16233,10,11,0
16233,24,11,0
16233,39,11,0
16233,55,11,0
16233,67,11,0
16233,93,11,0
16235,18,11,0
16235,36,11,0
16235,53,11,0
16235,74,11,0
16235,92,11,0
16235,110,11,0
16235,129,11,0
16235,145,11,0
16241,1,11,0
16241,15,11,0
16241,29,11,0
16241,43,12,0
16241,43,22,0
16241,57,11,0
16241,100,11,0
16251,2,11,0
16251,19,11,0
16251,66,11,0
16251,88,11,0
16251,110,11,0
16251,132,12,0
16251,132,22,0
16253,10,11,1
16253,29,11,1
16253,68,11,1
16253,88,11,1
16253,108,11,1
16253,125,11,1
16253,184,11,1
16263,12,11,0
16263,26,11,0
16263,69,11,0
16263,85,11,0
16263,97,11,0
16263,126,11,0
16263,140,11,0
16286,88,12,1
16286,88,22,1
16286,112,11,1
16286,159,11,1
16286,183,11,1
16288,12,11,1
16288,30,11,1
16288,66,11,1
16288,84,11,1
16288,101,11,1
16288,119,11,1
16305,8,11,1
16305,27,11,1
16305,83,11,1
16305,101,11,1
16305,121,11,1
16305,179,11,1
16305,197,11,1
16319,13,11,1
16319,213,11,1
16319,280,11,1
16319,346,11,1
16319,612,11,1
16345,8,11,0
16345,28,11,0
16345,101,11,0
16345,120,11,0
16345,147,11,0
16345,174,11,0
16363,12,11,0
16363,78,11,0
16363,99,11,0
16363,121,11,0
16363,142,11,0
16373,2,11,1
16373,20,11,1
16373,71,11,1
16383,14,11,1
16383,89,11,1
16383,105,11,1
16397,9,11,0
16397,25,11,0
16397,41,11,0
16397,54,11,0
16397,69,11,0
16397,108,11,0
16411,11,11,0
16411,56,11,0
16411,78,11,0
16411,97,11,0
16411,167,11,0
16411,191,11,0
16421,7,11,1
16421,17,11,1
16421,44,11,1
16421,54,11,1
16421,63,11,1
16428,9,11,1
16428,21,11,1
16428,56,11,1
16428,67,11,1
16428,79,11,1
16444,1,11,1
16444,14,11,1
16444,25,11,1
16444,37,11,1
16444,117,11,1
16444,127,11,1
16446,13,11,0
16446,14,11,0
16446,113,11,0
16446,121,11,0
16446,123,11,0
16446,125,11,0
16446,126,11,0
16446,127,11,0
16450,6,11,0
16450,8,11,0
16450,85,11,0
16450,86,11,0
16450,87,11,0
16450,93,11,0
16450,94,11,0
16450,96,11,0
16485,85,11,1
16485,86,11,1
16485,88,11,1
16485,136,11,1
16485,137,11,1
16485,138,11,1
16485,139,11,1
16513,13,11,0
16513,14,11,0
16513,16,11,0
16513,77,11,0
16513,78,11,0
16513,80,11,0
16513,82,11,0
16513,83,11,0
16515,5,11,0
16515,6,11,0
16515,7,11,0
16515,8,11,0
16515,10,11,0
16515,11,11,0
16515,12,11,0
16515,15,11,0
16521,1,11,0
16521,2,11,0
16521,3,11,0
16521,4,11,0
16521,96,11,0
16521,97,11,0
16521,105,11,0
16521,106,11,0
16534,35,11,1
16534,54,11,1
16534,74,11,1
16534,113,11,1
16534,133,11,1
16538,12,11,1
16538,27,11,1
16538,55,11,1
16538,70,11,1
16538,84,11,1
16538,112,11,1
16545,1,11,0
16545,22,11,0
16545,76,11,0
16545,100,11,0
16545,124,11,0
16545,148,11,0
16556,31,11,1
16556,49,11,1
16556,108,11,1
16556,128,11,1
16561,4,11,0
16561,22,11,0
16561,31,11,0
16561,59,11,0
16561,68,11,0
16561,77,11,0
16561,87,11,0
16561,97,11,0
16569,33,11,0
16569,34,11,0
16569,35,11,0
16569,36,11,0
16569,63,11,0
16569,64,11,0
16569,65,11,0
16569,66,11,0
16594,9,11,0
16594,10,11,0
16594,11,11,0
16594,12,11,0
16594,63,11,0
16594,64,11,0
16594,66,11,0
16594,68,11,0
16612,1,11,0
16612,3,11,0
16612,13,11,0
16612,14,11,0
16612,15,11,0
16612,16,11,0
16612,18,11,0
16612,19,11,0
16616,77,11,0
16616,78,11,0
16616,79,11,0
16616,80,11,0
16616,168,11,0
16616,169,11,0
16616,171,11,0
16616,172,11,0
16630,17,11,0
16630,18,11,0
16630,19,11,0
16630,20,11,0
16630,61,11,0
16630,62,11,0
16630,63,11,0
16630,64,11,0
16636,121,11,1
16636,122,11,1
16636,123,11,1
16636,124,11,1
16636,190,11,1
16636,191,11,1
16636,192,11,1
16660,10,11,1
16660,11,11,1
16660,87,11,1
16660,88,11,1
16660,89,11,1
16660,90,11,1
16660,92,11,1
16683,2,11,0
16683,24,11,0
16683,46,11,0
16683,66,11,0
16683,96,11,0
16683,110,11,0
16689,37,11,0
16689,52,11,0
16689,82,11,0
16689,97,11,0
16689,112,11,0
16689,127,11,0
16709,13,11,1
16709,30,11,1
16709,48,11,1
16709,65,11,1
16709,100,11,1
16709,117,11,1
16727,15,11,1
16727,47,11,1
16727,60,11,1
16727,102,11,1
16727,115,11,1
16731,5,11,0
16731,26,11,0
16731,66,11,0
16731,87,11,0
16731,105,11,0
16731,124,11,0
16739,23,11,0
16739,53,11,0
16739,69,11,0
16739,84,11,0
16739,99,11,0
16739,115,11,0
16747,20,11,1
16747,39,11,1
16747,78,11,1
16747,97,11,1
16747,117,11,1
16754,25,11,0
16754,34,11,0
16754,43,11,0
16754,52,11,0
16754,61,11,0
16754,74,11,0
16754,91,11,0
16754,97,11,0
16757,49,11,0
16757,50,11,0
16757,51,11,0
16757,52,11,0
16757,148,11,0
16757,152,11,0
16757,153,11,0
16757,154,11,0
16777,5,11,0
16777,6,11,0
16777,7,11,0
16777,8,11,0
16777,21,11,0
16777,23,11,0
16777,24,11,0
16777,25,11,0
16807,65,11,1
16807,66,11,1
16807,168,11,1
16807,169,11,1
16807,170,11,1
16807,171,11,1
16807,172,11,1
16811,3,11,1
16811,10,11,1
16811,16,11,1
16811,29,11,1
16811,36,11,1
16811,42,11,1
16811,55,11,1
16811,68,11,1
16827,29,11,1
16827,30,11,1
16827,31,11,1
16827,32,11,1
16827,66,11,1
16827,67,11,1
16827,69,11,1
16827,81,11,1
16831,25,11,0
16831,26,11,0
16831,27,11,0
16831,28,11,0
16831,89,11,0
16831,90,11,0
16831,91,11,0
16831,92,11,0
16836,125,11,0
16836,126,11,0
16836,127,11,0
16836,128,11,0
16836,504,11,0
16836,505,11,0
16836,506,11,0
16836,507,11,0
16850,39,11,0
16850,67,11,0
16850,100,11,0
16850,135,11,0
16850,151,11,0
16850,168,11,0
16857,4,11,0
16857,15,11,0
16857,28,11,0
16857,38,11,0
16857,47,11,0
16857,67,11,0
16857,76,11,0
16857,85,11,0
16869,14,11,0
16869,34,11,0
16869,52,11,0
16869,96,11,0
16869,112,11,0
16869,131,11,0
16881,20,11,0
16881,62,11,0
16881,85,11,0
16881,107,11,0
16881,129,11,0
16881,151,11,0
16891,2,11,0
16891,13,11,0
16891,18,11,0
16891,22,11,0
16891,29,11,0
16891,34,11,0
16910,17,11,1
16910,60,11,1
16910,74,11,1
16910,103,11,1
16910,118,11,1
16926,6,11,1
16926,41,11,1
16926,73,11,1
16926,96,11,1
16926,129,11,1
16926,162,11,1
16926,179,11,1
16941,1,11,0
16941,21,11,0
16941,61,11,0
16941,81,11,0
16941,102,11,0
16941,122,11,0
16947,19,11,0
16947,42,11,0
16947,63,11,0
16947,85,11,0
16947,130,11,0
16947,147,11,0
16964,5,11,0
16964,14,11,0
16964,17,11,0
16964,36,11,0
16964,40,11,0
16964,61,11,0
16974,16,11,0
16974,34,11,0
16974,51,11,0
16974,70,11,0
16974,106,11,0
16974,126,11,0
16982,3,11,0
16982,17,11,0
16982,27,11,0
16982,58,11,0
16982,101,11,0
16991,18,11,0
16991,33,11,0
16991,48,11,0
16991,63,11,0
16991,78,11,0
16991,93,11,0
17007,11,11,0
17007,38,11,0
17007,46,11,0
17007,66,11,0
17007,78,11,0
17007,93,11,0
17013,14,11,0
17013,36,11,0
17013,78,11,0
17013,99,11,0
17013,121,12,0
17013,121,22,0
17013,142,11,0
17030,11,11,1
17030,69,11,1
17030,89,11,1
17030,108,11,1
17030,128,11,1
17035,9,11,1
17035,25,11,1
17035,57,11,1
17035,73,11,1
17035,90,11,1
17035,106,11,1
17054,4,11,1
17054,22,11,1
17054,39,11,1
17054,56,11,1
17054,91,11,1
17054,109,11,1
17066,26,11,1
17066,47,11,1
17066,87,11,1
17066,107,11,1
17066,128,11,1
17068,13,11,0
17068,14,11,0
17068,15,11,0
17068,16,11,0
17068,217,11,0
17068,218,11,0
17068,219,11,0
17068,220,11,0
17070,41,11,1
17070,42,11,1
17070,43,11,1
17070,96,11,1
17070,97,11,1
17070,98,11,1
17070,99,11,1
17070,100,11,1
17100,9,11,0
17100,25,11,0
17100,56,11,0
17100,71,11,0
17100,87,11,0
17100,102,11,0
17106,31,11,0
17106,63,11,0
17106,78,11,0
17106,93,11,0
17106,124,11,0
17106,138,11,0
17106,153,11,0
17126,2,11,0
17126,15,11,0
17126,39,11,0
17126,51,11,0
17126,64,11,0
17126,76,11,0
17146,11,11,1
17146,59,11,1
17146,75,11,1
17146,107,11,1
17146,138,11,1
17146,155,11,1
17148,8,11,1
17148,23,11,1
17148,46,11,1
17148,56,11,1
17148,73,11,1
17148,85,11,1
17167,6,11,0
17167,35,11,0
17167,45,11,0
17167,57,11,0
17167,67,11,0
17167,83,11,0
17185,4,11,0
17185,24,11,0
17185,44,11,0
17185,84,11,0
17185,124,11,0
17185,144,11,0
17204,41,11,1
17204,50,11,1
17204,60,11,1
17227,31,11,0
17227,46,11,0
17227,62,11,0
17227,109,11,0
17227,125,11,0
17227,134,11,0
17229,13,11,0
17229,29,11,0
17229,75,11,0
17229,90,11,0
17229,119,11,0
17229,131,11,0
17231,12,11,0
17231,26,11,0
17231,55,11,0
17231,70,11,0
17231,85,11,0
17231,99,11,0
17241,7,11,1
17241,32,11,1
17241,43,11,1
17241,81,11,1
17269,20,11,0
17269,31,11,0
17269,41,11,0
17269,52,11,0
17269,63,11,0
17269,74,11,0
17269,83,11,0
17269,105,11,0
17299,21,11,0
17299,22,11,0
17299,23,11,0
17299,24,11,0
17299,121,11,0
17299,130,11,0
17299,131,11,0
17299,132,11,0
17301,5,11,0
17301,7,11,0
17301,8,11,0
17301,120,11,0
17301,121,11,0
17301,123,11,0
17301,124,11,0
17301,125,11,0
17303,9,11,0
17303,10,11,0
17303,11,11,0
17303,12,11,0
17303,143,11,0
17303,144,11,0
17303,146,11,0
17303,147,11,0
17309,49,11,0
17309,50,11,0
17309,51,11,0
17309,103,11,0
17309,105,11,0
17309,106,11,0
17309,107,11,0
17309,108,11,0
17316,177,11,1
17316,178,11,1
17316,179,11,1
17316,180,11,1
17316,510,11,1
17316,511,11,1
17316,512,11,1
17319,9,11,1
17319,10,11,1
17319,11,11,1
17319,12,11,1
17319,201,11,1
17319,202,11,1
17319,203,11,1
17319,204,11,1
17330,7,11,0
17330,35,11,0
17330,44,11,0
17330,57,11,0
17330,74,11,0
17330,94,11,0
17342,4,11,0
17342,24,11,0
17342,61,11,0
17342,80,11,0
17342,99,11,0
17342,119,11,0
17346,49,11,0
17346,65,11,0
17346,84,11,0
17346,102,11,0
17346,118,11,0
17346,131,11,0
17356,8,11,0
17356,24,11,0
17356,83,11,0
17356,107,11,0
17356,126,11,0
17356,164,11,0
17356,184,11,0
17370,10,11,0
17370,31,11,0
17370,42,11,0
17370,69,11,0
17370,73,11,0
17370,81,11,0
17372,7,11,0
17372,26,11,0
17372,37,11,0
17372,47,11,0
17372,62,11,0
17372,70,11,0
17372,99,11,0
17393,14,11,0
17393,33,11,0
17393,53,11,0
17393,66,11,0
17393,90,11,0
17393,132,11,0
17393,166,11,0
17393,186,11,0
17398,15,11,1
17398,66,11,1
17398,75,11,1
17398,95,11,1
17398,157,11,1
17414,11,11,1
17414,26,11,1
17414,38,11,1
17414,52,11,1
17414,65,11,1
17414,92,11,1
17433,14,11,1
17433,64,11,1
17433,81,11,1
17433,115,11,1
17445,24,11,0
17445,53,11,0
17445,70,11,0
17445,85,11,0
17445,116,11,0
17445,128,11,0
17457,13,11,0
17457,28,11,0
17457,43,11,0
17457,59,11,0
17457,75,11,0
17457,90,11,0
17462,4,11,0
17462,24,11,0
17462,63,11,0
17462,83,11,0
17462,105,11,0
17462,125,11,0
17470,6,11,0
17470,23,11,0
17470,54,11,0
17470,71,11,0
17470,88,11,0
17470,105,11,0
17478,17,11,0
17478,38,11,0
17478,59,11,0
17478,80,11,0
17478,101,11,0
17478,143,11,0
17479,24,11,1
17479,61,11,1
17479,74,11,1
17479,86,11,1
17527,21,11,0
17527,22,11,0
17527,23,11,0
17527,24,11,0
17527,85,11,0
17527,87,11,0
17527,88,11,0
17527,89,11,0
17559,1,11,0
17559,2,11,0
17559,4,11,0
17559,82,11,0
17559,84,11,0
17559,85,11,0
17559,86,11,0
17559,87,11,0
17561,21,11,1
17561,61,11,1
17561,73,11,1
17561,98,11,1
17571,69,11,1
17571,70,11,1
17571,71,11,1
17571,173,11,1
17571,174,11,1
17571,176,11,1
17571,183,11,1
17577,15,12,0
17577,15,22,0
17577,34,11,0
17577,73,12,0
17577,73,22,0
17577,112,11,0
17577,131,11,0
17577,169,11,0
17577,188,11,0
17577,205,11,0
17592,17,11,0
17592,37,11,0
17592,71,11,0
17592,89,11,0
17592,109,11,0
17592,127,11,0
17597,1,11,0
17597,15,11,0
17597,28,11,0
17597,57,11,0
17597,80,11,0
17597,92,11,0
17615,6,11,0
17615,18,11,0
17615,42,11,0
17615,54,11,0
17615,67,11,0
17615,79,11,0
17616,2,11,0
17616,14,11,0
17616,26,11,0
17616,37,11,0
17616,49,11,0
17616,61,11,0
17620,13,11,0
17620,29,11,0
17620,44,11,0
17620,76,11,0
17620,91,11,0
17620,122,11,0
17638,13,11,1
17638,25,11,1
17638,62,11,1
17638,73,11,1
17676,2,11,0
17676,20,11,0
17676,53,11,0
17676,71,11,0
17676,88,11,0
17676,109,11,0
17697,11,11,0
17697,25,11,0
17697,52,11,0
17697,65,11,0
17697,79,11,0
17697,92,11,0
17707,17,11,0
17707,35,11,0
17707,49,11,0
17707,67,11,0
17707,102,11,0
17707,120,11,0
17708,17,11,0
17708,33,11,0
17708,49,11,0
17708,65,11,0
17708,81,11,0
17708,97,11,0
17724,30,11,1
17724,68,11,1
17724,88,11,1
17724,107,11,1
17724,126,11,1
17724,165,11,1
17735,3,11,0
17735,20,11,0
17735,54,11,0
17735,71,11,0
17735,89,11,0
17735,106,11,0
17743,13,11,1
17743,28,11,1
17743,56,11,1
17743,70,11,1
17743,85,11,1
17743,99,11,1
17746,7,11,1
17746,26,11,1
17746,56,11,1
17746,65,11,1
17746,110,11,1
17776,61,11,1
17776,62,11,1
17776,63,11,1
17776,64,11,1
17776,441,11,1
17776,442,12,1
17776,442,22,1
17776,443,11,1
17776,444,11,1
17786,17,11,0
17786,18,11,0
17786,19,11,0
17786,20,11,0
17786,120,11,0
17786,125,11,0
17786,126,11,0
17786,127,11,0
17796,7,11,0
17796,19,11,0
17796,48,11,1
17796,66,11,0
17796,93,11,0
17796,119,11,0
17796,137,11,0
17810,3,11,0
17810,24,11,0
17810,63,11,0
17810,83,11,0
17810,103,11,0
17810,124,11,0
17810,162,11,0
17810,182,11,0
17821,30,11,0
17821,54,11,0
17821,78,11,0
17821,99,11,0
17821,119,12,0
17821,119,22,0
17821,140,11,0
17825,9,11,0
17825,21,11,0
17825,32,11,0
17825,55,11,0
17825,67,11,0
17857,16,11,0
17857,37,11,0
17857,57,11,0
17857,99,11,0
17857,119,11,0
17866,15,11,0
17866,42,11,0
17866,89,13,0
17866,89,23,0
17866,89,33,0
17866,109,11,0
17866,137,11,0
17866,160,11,0
17866,206,11,0
17866,226,11,0
17884,16,11,0
17884,40,11,0
17884,63,11,0
17884,87,11,0
17884,134,11,0
17884,158,11,0
17900,8,11,0
17900,46,13,0
17900,64,11,0
17900,81,11,0
17900,98,11,0
17900,115,11,0
17911,19,11,0
17911,72,11,0
17911,85,11,0
17911,116,12,0
17911,116,22,0
17911,185,11,0
17911,208,11,0
17912,7,11,0
17912,33,11,0
17912,55,11,0
17912,107,11,0
17912,131,11,0
17912,152,11,0
17912,199,11,0
17912,246,11,0
17920,14,11,0
17920,55,11,0
17920,97,11,0
17920,138,11,0
17920,157,11,0
17920,175,11,0
17922,15,11,0
17922,47,11,0
17922,62,11,0
17922,78,11,0
17922,94,11,0
17922,110,12,0
17922,110,22,0
17926,8,11,0
17926,12,11,0
17926,16,11,0
17926,36,11,0
17926,46,11,0
17951,7,11,0
17951,30,11,0
17951,53,11,0
17951,75,11,0
17951,124,11,0
17951,169,11,0
17955,19,11,0
17955,44,11,0
17955,61,11,0
17955,82,11,0
17955,128,11,0
17955,149,11,0
17970,19,11,0
17970,44,11,0
17970,70,11,0
17970,146,11,0
17970,171,11,0
17970,217,11,0
17973,10,11,0
17973,34,11,0
17973,46,11,0
17973,58,11,0
17973,93,11,0
17973,103,11,0
17990,10,11,0
17990,29,11,0
17990,46,11,0
17990,68,11,0
17990,98,11,0
17990,136,11,0
17990,166,11,0
17990,183,11,0
18003,20,11,0
18003,41,11,0
18003,82,11,0
18003,103,11,0
18003,125,11,0
18003,150,11,0
18011,9,11,0
18011,30,12,0
18011,30,22,0
18011,70,11,0
18011,93,11,0
18011,114,11,0
18011,136,11,0
18015,3,11,0
18015,16,11,0
18015,39,11,0
18015,52,11,0
18015,64,11,0
18015,90,11,0
18016,11,11,0
18016,23,11,0
18016,36,11,0
18016,48,11,0
18016,61,11,0
18016,90,11,0
18037,12,11,0
18037,36,11,0
18037,84,11,0
18037,108,11,0
18037,134,11,0
18037,158,11,0
18038,4,11,0
18038,24,11,0
18038,64,11,0
18038,84,11,0
18038,105,11,0
18038,125,11,0
18044,7,11,0
18044,15,11,0
18044,23,11,0
18044,39,11,0
18044,42,11,0
18044,52,11,0
18086,13,11,0
18086,30,11,0
18086,46,11,0
18086,63,11,0
18086,97,11,0
18086,115,11,0
18086,165,11,0
18098,11,11,0
18098,26,11,0
18098,56,11,0
18098,71,11,0
18098,87,12,0
18098,87,22,0
18098,102,11,0
18108,6,11,0
18108,20,11,0
18108,47,11,0
18108,61,11,0
18108,74,11,0
18108,88,11,0
18126,9,11,0
18126,29,11,0
18126,65,11,0
18126,85,11,0
18126,104,11,0
18126,124,11,0
18126,161,11,0
18126,180,11,0
18145,14,11,0
18145,73,13,0
18145,73,23,0
18145,73,33,0
18145,112,11,0
18145,133,11,0
18145,152,11,0
18177,24,11,1
18177,115,11,1
18177,145,11,1
18181,12,11,1
18181,27,11,1
18181,58,11,1
18181,74,11,1
18181,89,11,1
18199,3,11,1
18199,54,11,1
18199,71,11,1
18199,87,11,1
18215,16,11,1
18215,33,11,1
18215,66,11,1
18215,83,11,1
18215,99,11,1
18222,29,11,1
18222,73,11,1
18222,96,11,1
18261,11,11,1
18261,24,11,1
18261,39,11,1
18261,95,11,1
18261,108,11,1
18262,6,11,0
18262,17,11,0
18262,29,11,0
18262,51,11,0
18262,57,11,0
18262,68,11,0
18268,15,11,1
18268,23,11,1
18268,32,11,1
18268,91,11,1
18272,29,11,1
18272,66,11,1
18288,23,11,1
18288,59,11,1
18288,95,11,1
18288,113,11,1
18288,132,11,1
18309,7,11,1
18309,89,11,1
18309,105,11,1
18318,32,11,1
18318,52,11,1
18318,104,11,1
18325,11,11,1
18325,25,11,1
18325,51,11,1
18325,65,11,1
18325,79,11,1
18325,93,11,1
18332,12,11,1
18332,59,11,1
18332,92,12,1
18332,92,22,1
18332,108,11,1
18346,9,11,0
18346,25,11,0
18346,41,11,0
18346,59,11,0
18346,107,11,0
18346,123,11,0
18359,33,11,0
18359,111,11,0
18359,130,11,0
18359,150,11,0
18359,167,11,0
18366,15,11,0
18366,39,11,0
18366,87,11,0
18366,112,11,0
18366,137,11,0
18366,162,11,0
18385,12,13,0
18385,12,23,0
18385,12,33,0
18385,46,11,0
18385,70,11,0
18385,82,11,0
18385,92,12,0
18385,92,22,0
18391,5,11,0
18391,51,11,0
18391,66,11,0
18391,80,11,0
18391,95,11,0
18391,119,11,0
18399,21,11,0
18399,32,11,0
18399,44,11,0
18399,59,11,0
18399,99,11,0
18413,3,11,0
18413,24,11,0
18413,46,11,0
18413,88,11,0
18413,111,11,0
18413,131,11,0
18460,72,11,1
18460,91,11,1
18460,110,11,1
18460,129,11,1
18469,12,11,1
18469,28,11,1
18469,45,11,1
18469,79,11,1
18469,95,12,1
18469,95,22,1
18472,2,11,1
18472,33,11,1
18472,44,11,1
18472,61,12,1
18472,61,22,1
18472,106,11,1
18489,15,11,1
18489,62,12,1
18489,62,22,1
18489,78,11,1
18489,93,11,1
18489,109,11,1
18489,124,11,1
18498,12,11,1
18498,34,11,1
18498,77,11,1
18498,163,11,1
18510,94,11,0
18510,95,11,0
18510,96,11,0
18510,239,11,0
18510,240,11,0
18510,241,11,0
18510,242,11,0
18510,243,11,0
18511,1,11,0
18511,4,11,0
18511,195,11,0
18511,196,11,0
18511,197,11,0
18511,198,11,0
18511,199,11,0
18511,200,11,0
18537,11,11,0
18537,20,11,0
18537,32,11,0
18537,45,11,0
18537,66,11,0
18537,75,11,0
18537,78,11,0
18537,87,11,0
18552,5,11,0
18552,24,11,0
18552,34,11,0
18552,42,11,0
18552,70,11,0
18552,80,11,0
18552,98,11,0
18552,108,11,0
18566,1,11,0
18566,14,11,0
18566,38,11,0
18566,53,11,0
18566,65,12,0
18566,65,22,0
18566,85,11,0
18566,94,11,0
18566,116,11,0
18571,35,11,0
18571,71,11,0
18571,107,11,0
18571,175,11,0
18571,277,11,0
18571,309,11,0
18579,12,11,0
18579,29,11,0
18579,43,12,0
18579,43,22,0
18579,60,11,0
18579,93,11,0
18579,109,11,0
18583,8,11,0
18583,21,11,0
18583,50,11,0
18583,64,11,0
18583,77,11,0
18583,95,11,0
18629,38,11,1
18629,77,11,1
18629,96,11,1
18629,115,11,1
18629,154,11,1
18633,52,11,1
18633,65,11,1
18633,79,11,1
18636,30,11,0
18636,48,11,0
18636,66,11,0
18636,84,11,0
18636,121,11,0
18636,156,11,0
18644,20,11,1
18644,46,11,1
18644,75,11,1
18644,97,11,1
18644,175,11,1
18675,1,11,0
18675,18,11,0
18675,34,11,0
18675,49,11,0
18675,66,11,0
18675,112,11,0
18680,10,11,0
18680,28,11,0
18680,64,11,0
18680,83,11,0
18680,99,11,0
18680,118,11,0
18690,14,11,0
18690,37,11,0
18690,85,11,0
18690,108,11,0
18690,133,11,0
18690,157,11,0
18710,24,11,1
18710,42,11,1
18710,78,11,1
18710,114,11,1
18713,25,11,0
18713,26,11,0
18713,27,11,0
18713,28,11,0
18713,210,11,0
18713,211,11,0
18713,212,11,0
18713,213,11,0
18721,85,11,1
18721,87,11,1
18721,88,11,1
18721,283,11,1
18721,284,11,1
18721,287,11,1
18721,288,11,1
18722,9,11,0
18722,10,11,0
18722,11,11,0
18722,12,11,0
18722,41,11,0
18722,42,11,0
18722,43,11,0
18722,44,11,0
18729,35,11,0
18729,36,11,0
18729,37,11,0
18729,38,11,0
18729,39,11,0
18729,40,11,0
18729,41,11,0
18729,42,11,0
18758,21,11,0
18758,22,11,0
18758,23,11,0
18758,24,11,0
18758,86,11,0
18758,87,11,0
18764,33,11,1
18764,34,11,1
18764,35,11,1
18764,36,11,1
18764,92,11,1
18764,94,11,1
18764,96,11,1
18790,12,11,0
18790,33,11,0
18790,53,11,0
18790,74,11,0
18790,95,11,0
18790,116,12,0
18790,116,22,0
18796,14,11,0
18796,36,11,0
18796,48,11,0
18796,58,11,0
18796,69,11,0
18796,90,11,0
18796,100,11,0
18800,73,11,0
18800,95,11,0
18800,118,11,0
18800,140,11,0
18818,3,11,1
18818,81,11,1
18818,137,11,1
18818,159,11,1
18833,16,11,0
18833,44,11,0
18833,57,11,0
18833,69,11,0
18833,82,11,0
18844,16,11,0
18844,27,11,0
18844,38,11,0
18844,61,11,0
18844,83,11,0
18844,94,11,0
18860,7,11,1
18860,34,11,1
18860,62,11,1
18860,88,11,1
18860,116,11,1
18879,29,11,1
18879,66,11,1
18879,67,11,1
18895,12,11,0
18895,40,11,0
18895,68,11,0
18895,83,11,0
18895,97,11,0
18895,107,11,0
18915,10,11,0
18915,21,11,0
18915,44,11,0
18915,55,11,0
18915,67,11,0
18937,26,11,1
18937,38,11,1
18937,51,11,1
18937,78,11,1
18937,91,11,1
18940,6,11,1
18940,23,11,1
18940,39,11,1
18940,109,11,1
18940,159,11,1
18940,176,11,1
18954,4,11,0
18954,14,11,0
18954,35,11,0
18954,46,11,0
18954,56,11,0
18954,68,11,0
18974,24,11,0
18974,48,11,0
18974,70,11,0
18974,93,11,0
18974,140,11,0
18974,163,11,0
18989,6,11,1
18989,49,11,1
18989,71,11,1
18989,81,11,1
18990,30,11,1
18990,57,11,1
18990,101,11,1
19038,26,11,1
19038,28,11,1
19038,90,11,1
19039,1,11,0
19039,15,11,0
19039,29,11,0
19039,44,11,0
19039,66,11,0
19039,75,11,0
19039,84,11,0
19039,91,11,0
19067,12,11,0
19067,32,11,0
19067,53,11,0
19067,94,11,0
19067,135,11,0
19067,155,11,0
19070,6,11,0
19070,29,11,0
19070,52,11,0
19070,72,11,0
19070,83,11,0
19070,94,11,0
19070,115,11,0
19071,10,11,1
19071,60,11,1
19071,127,11,1
19071,145,11,1
19071,180,11,1
19089,1,11,0
19089,35,11,0
19089,64,11,0
19089,75,11,0
19089,86,11,0
19089,105,11,0
19106,5,11,1
19106,26,11,1
19106,79,11,1
19106,93,11,1
19106,116,11,1
19110,2,11,0
19110,24,11,0
19110,29,11,0
19110,53,11,0
19110,63,11,0
19110,72,11,0
19114,25,11,0
19114,53,11,0
19114,79,11,0
19114,110,11,0
19114,164,11,0
19114,192,11,0
19133,37,11,0
19133,38,11,0
19133,39,11,0
19133,40,11,0
19133,314,11,0
19133,315,11,0
19133,316,11,0
19133,317,11,0
19154,38,11,1
19154,39,11,1
19154,85,11,1
19154,86,11,1
19154,88,11,1
19163,117,11,0
19163,118,11,0
19163,119,11,0
19163,120,11,0
19163,242,11,0
19163,245,11,0
19163,247,11,0
19163,248,11,0
19176,101,11,1
19176,102,11,1
19176,103,11,1
19176,104,11,1
19176,214,11,1
19176,215,11,1
19176,216,11,1
19181,15,11,0
19181,51,11,0
19181,62,11,0
19181,75,11,0
19181,89,11,0
19181,108,11,0
19201,1,11,0
19201,22,11,0
19201,57,11,0
19201,78,11,0
19201,98,11,0
19201,118,11,0
19217,13,11,0
19217,30,11,0
19217,63,11,0
19217,79,11,0
19217,96,11,0
19217,112,11,0
19220,12,11,0
19220,32,11,0
19220,72,11,0
19220,92,11,0
19220,113,12,0
19220,113,22,0
19220,133,11,0
19229,16,11,1
19229,60,11,1
19229,104,11,1
19250,16,11,0
19250,42,11,0
19250,59,11,0
19250,73,11,0
19250,87,11,0
19250,112,11,0
19265,10,11,0
19265,24,11,0
19265,49,11,0
19265,63,11,0
19265,77,11,0
19265,103,11,0
19277,9,11,0
19277,26,11,0
19277,43,11,0
19277,74,11,0
19277,93,11,0
19277,111,11,0
19285,15,11,0
19285,35,11,0
19285,72,11,0
19285,91,11,0
19285,112,11,0
19285,131,11,0
19296,14,11,0
19296,37,11,0
19296,84,11,0
19296,107,11,0
19296,131,11,0
19296,154,11,0
19315,2,11,0
19315,17,11,0
19315,44,11,0
19315,59,11,0
19315,89,11,0
19315,103,11,0
19324,10,11,0
19324,24,11,0
19324,53,11,0
19324,67,11,0
19324,82,11,0
19324,96,11,0
19333,9,11,0
19333,46,11,0
19333,63,11,0
19333,80,11,0
19333,97,11,0
19333,113,11,0
19345,9,11,1
19345,22,11,1
19345,48,11,1
19345,61,11,1
19345,73,11,1
19345,86,11,1
19364,9,11,1
19364,107,11,1
19364,127,11,1
19368,6,11,1
19368,56,11,1
19368,73,11,1
19368,90,11,1
19368,107,11,1
19384,10,11,1
19384,29,11,1
19384,48,11,1
19384,106,11,1
19384,125,11,1
19388,217,11,0
19388,218,11,0
19388,219,11,0
19388,220,11,0
19388,535,11,0
19388,536,11,0
19388,537,11,0
19388,538,11,0
19392,9,11,0
19392,10,11,0
19392,11,11,0
19392,12,11,0
19392,80,11,0
19392,81,11,0
19392,82,11,0
19392,83,11,0
19393,389,11,0
19393,390,11,0
19393,391,13,0
19393,391,23,0
19393,391,33,0
19393,392,11,0
19393,830,11,0
19393,831,11,0
19393,832,11,0
19393,833,11,0
19436,174,11,1
19436,176,11,1
19436,355,11,1
19436,356,11,1
19436,357,11,1
19436,358,11,1
19436,359,11,1
19436,360,11,1
19441,4,11,0
19441,44,11,0
19441,50,11,0
19441,139,11,0
19452,9,11,0
19452,56,11,0
19452,69,11,0
19452,81,11,0
19452,103,11,0
19452,114,11,0
19463,10,11,0
19463,26,11,0
19463,53,11,0
19463,64,11,0
19463,93,11,0
19463,101,11,0
19477,26,11,0
19477,37,11,0
19477,62,11,0
19477,78,11,0
19477,126,11,0
19477,144,11,0
19481,21,11,0
19481,45,11,0
19481,58,11,0
19481,74,11,0
19481,99,11,0
19505,10,11,0
19505,24,11,0
19505,40,11,0
19505,55,11,0
19505,95,11,0
19515,14,11,1
19515,62,11,1
19526,33,11,1
19526,104,11,1
19526,152,11,1
19542,13,11,0
19542,14,11,0
19542,15,11,0
19542,16,11,0
19542,67,11,0
19542,69,11,0
19542,70,11,0
19542,97,11,0
19548,25,11,0
19548,26,11,0
19548,27,11,0
19548,153,11,0
19548,156,11,0
19548,158,11,0
19548,159,11,0
19548,160,11,0
19563,47,11,0
19563,48,11,0
19563,248,11,0
19563,257,11,0
19563,258,11,0
19563,259,11,0
19563,261,11,0
19563,262,11,0
19569,57,11,0
19569,58,11,0
19569,193,11,0
19569,195,11,0
19569,201,11,0
19569,203,11,0
19569,204,11,0
19569,205,11,0
19575,176,11,0
19575,189,11,0
19575,191,11,0
19575,192,11,0
19575,193,11,0
19575,194,11,0
19575,196,11,0
19595,5,11,1
19595,6,11,1
19595,187,11,1
19595,188,11,1
19595,189,11,1
19595,196,11,1
19595,197,11,1
19612,65,11,1
19612,67,11,1
19612,68,11,1
19612,70,11,1
19612,71,11,1
19633,5,11,0
19633,17,11,0
19633,35,11,0
19633,52,11,0
19633,83,11,0
19633,97,11,0
19640,37,11,1
19640,63,11,1
19640,75,11,1
19653,20,11,0
19653,42,11,0
19653,53,11,0
19653,65,11,0
19653,76,11,0
19653,85,11,0
19661,3,11,0
19661,45,11,0
19661,59,11,0
19661,73,11,0
19661,87,11,0
19661,101,11,0
19670,5,11,0
19670,23,11,0
19670,38,11,0
19670,54,11,0
19670,85,11,0
19670,115,11,0
19682,6,11,1
19682,50,11,1
19682,112,11,1
19682,133,11,1
19689,11,11,0
19689,12,11,0
19689,173,11,0
19689,174,11,0
19689,175,11,0
19689,176,11,0
19689,177,11,0
19689,178,11,0
19706,53,11,0
19706,54,11,0
19706,56,11,0
19706,148,11,0
19706,149,11,0
19706,150,11,0
19706,155,11,0
19706,156,11,0
19711,117,11,1
19711,118,11,1
19711,119,11,1
19711,283,11,1
19711,284,11,1
19711,288,11,1
19726,27,11,0
19726,42,11,0
19726,58,11,0
19726,76,11,0
19726,93,11,0
19726,124,11,0
19726,170,11,0
19739,13,11,0
19739,59,11,0
19739,77,11,0
19739,98,11,0
19739,143,11,0
19739,183,11,0
19749,19,11,0
19749,35,11,0
19749,51,11,0
19749,68,11,0
19749,85,11,0
19749,101,11,0
19749,119,11,0
19765,22,11,0
19765,41,11,0
19765,61,11,0
19765,80,12,0
19765,80,22,0
19765,101,11,0
19765,119,12,0
19774,18,11,0
19774,36,11,0
19774,55,11,0
19774,92,11,0
19774,110,11,0
19774,145,11,0
19791,7,11,1
19791,19,11,1
19791,42,11,1
19791,54,11,1
19791,78,11,1
19798,18,11,0
19798,19,11,0
19798,20,11,0
19798,21,11,0
19798,52,11,0
19798,53,11,0
19798,54,11,0
19798,55,11,0
19799,147,11,1
19799,148,11,1
19799,311,11,1
19799,312,11,1
19799,313,11,1
19799,314,11,1
19830,9,11,0
19830,30,11,0
19830,71,11,0
19830,91,11,0
19830,112,11,0
19830,132,11,0
19835,14,11,0
19835,17,11,0
19835,68,11,0
19835,88,11,0
19839,8,11,0
19839,18,11,0
19839,29,11,0
19839,39,11,0
19839,51,11,0
19839,62,11,0
19839,74,11,0
19839,94,11,0
19860,15,11,0
19860,34,11,0
19860,51,11,0
19860,135,11,0
19860,148,11,0
19862,4,11,0
19862,12,11,0
19862,20,11,0
19862,36,11,0
19862,47,11,0
19862,65,11,0
19873,17,11,0
19873,36,11,0
19873,73,11,0
19873,92,11,0
19873,112,11,0
19873,131,11,0
19879,21,11,0
19879,37,11,0
19879,53,11,0
19879,69,11,0
19879,85,11,0
19879,132,11,0
19879,148,11,0
19892,2,11,0
19892,18,11,0
19892,51,11,0
19892,67,11,0
19892,99,11,0
19892,115,11,0
19930,1,11,0
19930,16,11,0
19930,26,11,0
19930,28,11,0
19930,35,11,0
19930,45,11,0
19941,15,11,1
19941,28,11,1
19941,46,11,1
19947,1,12,1
19947,42,11,1
19947,55,11,1
19947,73,11,1
19966,3,11,1
19966,16,11,1
19966,39,11,1
19966,48,11,1
19966,63,11,1
19982,19,11,1
19982,25,11,1
19982,34,11,1
19982,43,11,1
20004,16,11,0
20004,24,11,0
20004,49,11,0
20004,84,11,0
20004,101,11,0
20004,123,11,0
20005,10,11,1
20005,78,11,1
20005,130,11,1
20012,41,11,1
20012,42,11,1
20012,43,11,1
20012,44,11,0
20012,205,11,1
20012,206,11,1
20012,207,11,1
20012,208,11,1
20022,1,11,0
20022,2,11,0
20022,4,11,0
20022,115,11,0
20022,116,11,0
20022,120,11,0
20022,124,11,0
20033,1,11,0
20033,28,11,0
20033,37,11,0
20033,46,11,0
20033,56,11,0
20033,63,11,0
20033,82,11,0
20033,99,11,0
20043,17,11,0
20043,36,11,0
20043,53,11,0
20043,107,11,0
20043,125,11,0
20043,161,11,0
20043,179,11,0
20043,195,11,0
20054,8,11,0
20054,28,11,0
20054,47,11,0
20054,65,11,0
20054,84,11,0
20054,123,11,0
20064,8,11,0
20064,21,11,0
20064,37,11,0
20064,50,11,0
20064,63,11,0
20064,90,11,0
20064,113,11,0
20064,126,11,0
20087,5,11,1
20087,48,11,1
20087,62,11,1
20087,77,11,1
20087,91,11,1
20087,120,11,1
20087,134,11,1
20099,2,11,1
20099,25,11,1
20099,68,11,1
20099,90,11,1
20099,112,11,1
20099,134,11,1
20117,10,11,0
20117,26,11,0
20117,54,11,0
20117,87,11,0
20117,116,11,0
20117,128,11,0
20132,4,11,0
20132,17,11,0
20132,44,11,0
20132,58,11,0
20132,98,11,0
20137,15,11,0
20137,28,11,0
20137,41,11,0
20137,54,11,0
20137,66,11,0
20137,79,11,0
20149,35,11,1
20149,49,11,1
20149,73,11,1
20149,90,11,1
20162,2,11,1
20162,25,11,1
20162,37,11,1
20162,49,11,1
20162,61,11,1
20162,72,11,1
20174,33,11,0
20174,34,11,0
20174,35,11,0
20174,161,11,0
20174,164,11,0
20174,165,11,0
20174,167,11,0
20174,168,11,0
20180,1,11,1
20180,2,11,1
20180,4,11,1
20180,21,11,1
20180,22,11,1
20180,23,11,1
20180,24,11,1
20184,13,11,0
20184,28,11,0
20184,57,11,0
20184,87,11,0
20184,102,11,0
20184,115,11,0
20203,1,11,0
20203,21,11,0
20203,41,11,0
20203,75,11,0
20203,94,11,0
20203,147,11,0
20210,12,11,0
20210,28,11,0
20210,58,11,0
20210,74,11,0
20210,89,11,0
20210,105,11,0
20216,10,11,0
20216,22,11,0
20216,36,11,0
20216,86,11,0
20216,110,11,0
20216,133,11,0
20238,14,11,0
20238,30,11,0
20238,61,11,0
20238,76,11,0
20238,92,11,0
20238,107,11,0
20249,10,11,0
20249,42,11,0
20249,56,11,0
20249,71,11,0
20249,86,11,0
20249,115,11,0
20260,61,12,1
20260,61,22,1
20260,71,11,1
20260,106,11,1
20275,86,11,1
20275,104,11,1
20275,122,11,1
20275,139,11,1
20276,9,11,1
20276,25,11,1
20276,55,11,1
20276,71,12,1
20276,71,22,1
20276,86,11,1
20276,116,11,1
20276,131,11,1
20276,147,11,1
20288,16,11,0
20288,28,11,0
20288,39,11,0
20288,52,11,0
20288,65,11,0
20288,78,11,0
20317,8,11,0
20317,24,11,0
20317,57,11,0
20317,73,11,0
20317,89,11,0
20317,105,11,0
20319,10,11,1
20319,47,11,1
20319,70,11,1
20319,82,11,1
20319,94,11,1
20327,5,11,0
20327,7,11,0
20327,8,11,0
20327,101,11,0
20327,102,11,0
20327,103,11,0
20327,104,11,0
20327,108,11,0
20344,101,11,0
20344,102,11,0
20344,103,11,0
20344,265,11,0
20344,266,11,0
20344,269,11,0
20344,270,11,0
20344,272,11,0
20349,1,11,1
20349,5,11,1
20349,7,11,1
20349,8,11,1
20349,38,11,1
20349,41,11,1
20540,57,11,1
20540,58,11,1
20540,59,11,1
20540,60,11,1
20540,73,11,1
20540,74,11,1
20540,94,11,1
20541,9,11,0
20541,39,11,0
20541,69,11,0
20541,100,11,0
20541,129,11,0
20546,65,11,1
20546,66,11,1
20546,67,11,1
20546,68,11,1
20546,285,11,1
20546,286,11,1
20546,287,11,1
20546,288,11,1
20548,7,11,0
20548,24,11,0
20548,74,11,0
20548,90,11,0
20548,125,11,0
20548,140,11,0
20554,8,11,0
20554,33,11,0
20554,34,11,0
20554,35,11,0
20554,37,11,0
20554,38,11,0
20554,39,11,0
20554,40,11,0
20555,8,11,0
20555,25,11,0
20555,60,11,0
20555,94,11,0
20555,111,11,0
20561,30,11,1
20561,31,11,1
20561,32,11,1
20561,80,11,1
20561,81,11,1
20561,82,11,1
20561,83,11,1
20561,84,11,1
20567,1,11,1
20567,9,11,1
20567,33,11,1
20567,41,11,1
20567,49,11,1
20567,73,11,1
20567,81,11,1
20573,44,11,0
20573,64,11,0
20573,123,11,0
20573,145,11,0
20573,163,11,0
20589,2,11,1
20589,89,11,1
20589,91,11,1
20589,98,11,1
20589,99,11,1
20589,100,11,1
20628,58,11,0
20628,79,11,0
20628,99,11,0
20628,119,11,0
20628,139,11,0
20628,159,11,0
20630,17,11,0
20630,18,11,0
20630,19,11,0
20630,73,11,0
20630,74,11,0
20630,75,11,0
20630,76,11,0
20630,77,11,0
20636,4,11,0
20636,26,11,0
20636,34,11,0
20636,51,11,0
20636,59,11,0
20636,68,11,0
20636,74,11,0
20636,82,11,0
20646,15,11,0
20646,31,11,0
20646,47,11,0
20646,79,11,0
20646,94,11,0
20646,110,11,0
20659,14,11,0
20659,48,11,0
20659,66,11,0
20659,84,11,0
20659,101,11,0
20659,119,11,0
20704,13,11,0
20704,14,11,0
20704,47,11,0
20704,49,11,0
20704,51,11,0
20704,53,11,0
20704,57,11,0
20704,59,11,0
15013,25,11,0
15013,40,11,0
15013,72,11,0
15013,103,11,0
15013,118,11,0
15020,47,11,1
15020,61,11,1
15020,74,11,1
15020,88,11,1
15031,23,11,0
15031,55,11,0
15031,66,11,0
15031,78,11,0
15031,90,11,0
15031,99,11,0
15048,5,11,0
15048,19,11,0
15048,42,11,0
15048,54,11,0
15048,67,11,0
15048,79,11,0
15056,2,11,0
15056,16,11,0
15056,46,11,0
15056,60,11,0
15056,75,11,0
15056,89,11,0
15058,20,11,1
15058,52,11,1
15058,68,11,1
15065,25,11,1
15065,59,11,1
15065,76,12,1
15065,76,22,1
15065,94,11,1
15065,111,11,1
15076,3,11,0
15076,18,11,0
15076,45,11,0
15076,59,11,0
15076,99,11,0
15076,126,11,0
15076,139,11,0
15076,150,11,0
15099,74,11,1
15099,75,11,1
15099,76,11,1
15099,158,11,1
15099,159,11,1
15099,160,11,1
15099,161,11,1
15109,61,11,0
15109,62,11,0
15109,63,11,0
15109,184,11,0
15109,185,11,0
15109,186,11,0
15109,187,11,0
15109,188,11,0
15115,13,11,0
15115,15,11,0
15115,16,11,0
15115,101,11,0
15115,102,11,0
15115,103,11,0
15115,104,11,0
15144,13,11,0
15144,14,11,0
15144,15,11,0
15144,16,11,0
15144,33,11,0
15144,34,11,0
15144,36,11,0
15144,37,11,0
15161,13,11,1
15161,321,11,1
15161,322,11,1
15161,326,11,1
15161,327,11,1
15169,1,11,1
15169,3,11,1
15169,121,11,1
15169,123,11,1
15169,124,11,1
15169,125,11,1
15197,22,11,0
15197,45,11,0
15197,90,11,0
15197,113,11,0
15197,135,11,0
15197,158,11,0
15199,33,11,0
15199,45,11,0
15199,58,11,0
15199,89,11,0
15199,102,11,0
15199,116,11,0
15212,31,11,0
15212,65,11,0
15212,82,11,0
15212,99,11,0
15212,116,11,0
15233,14,11,1
15233,33,11,1
15233,71,11,1
15233,90,11,1
15233,108,12,1
15233,108,22,1
15233,128,11,1
15257,10,11,0
15257,24,11,0
15257,52,11,0
15257,66,11,0
15257,81,11,0
15257,95,11,0
15261,6,11,1
15261,20,11,1
15261,35,11,1
15261,62,11,1
15261,89,11,1
15261,103,11,1
15274,99,11,1
15274,101,11,1
15274,103,11,1
15274,104,11,1
15274,105,11,1
15274,106,11,1
15277,28,11,0
15277,38,11,0
15277,48,11,0
15277,69,11,0
15277,79,11,0
15277,89,11,0
15277,100,11,0
15277,109,11,0
15287,38,11,1
15287,56,11,1
15287,94,11,1
15287,133,11,1
15289,2,11,0
15289,16,11,0
15289,43,11,0
15289,57,11,0
15289,113,11,0
15289,127,11,0
15289,140,11,0
15293,3,11,0
15293,17,11,0
15293,44,11,0
15293,58,11,0
15293,71,11,0
15293,85,11,0
15316,1,11,1
15316,15,11,1
15316,27,11,1
15322,1,11,1
15322,13,11,1
15322,28,11,1
15322,64,11,1
15322,75,11,1
15322,86,11,1
15322,98,11,1
15322,109,11,1
15331,53,11,1
15331,54,11,1
15331,55,11,1
15331,56,11,1
15331,156,11,1
15331,158,11,1
15331,159,11,1
15344,1,11,0
15344,2,11,0
15344,3,11,0
15344,4,11,0
15344,139,11,0
15344,140,11,0
15344,141,11,0
15344,142,11,0
15347,45,11,0
15347,47,11,0
15347,48,11,0
15347,119,11,0
15347,120,11,0
15347,122,11,0
15347,124,11,0
15347,125,11,0
15371,9,11,0
15371,10,11,0
15371,11,11,0
15371,12,11,0
15371,111,11,0
15371,112,11,0
15371,114,11,0
15371,115,11,0
15383,33,11,0
15383,34,11,0
15383,35,11,0
15383,36,11,0
15383,104,11,0
15383,105,11,0
15383,106,11,0
15383,109,11,0
15399,26,11,0
15399,44,11,0
15399,79,11,0
15399,117,11,0
15399,134,11,0
15399,151,11,0
15401,11,11,0
15401,46,11,0
15401,81,11,0
15401,98,11,0
15401,116,11,0
15401,148,11,0
15408,84,11,1
15408,109,11,1
15408,133,11,1
15408,158,11,1
15422,9,11,0
15422,27,11,0
15422,48,11,0
15422,66,11,0
15422,78,11,0
15422,91,11,0
15439,10,11,1
15439,38,11,1
15439,52,11,1
15439,67,11,1
15439,96,11,1
15447,14,11,1
15447,29,11,1
15447,58,11,1
15447,73,11,1
15447,87,11,1
15448,4,11,0
15448,13,11,0
15448,20,11,0
15448,29,11,0
15448,38,11,0
15448,47,11,0
15448,56,11,0
15448,80,11,0
15450,9,11,1
15450,10,11,1
15450,11,11,1
15450,12,11,1
15450,97,11,1
15450,98,11,1
15450,99,11,1
15450,100,11,1
15476,109,11,0
15476,110,11,0
15476,111,11,0
15476,112,11,0
15476,231,11,0
15476,232,11,0
15476,238,11,0
15476,241,11,0
15482,33,11,0
15482,34,11,0
15482,35,11,0
15482,36,11,0
15482,198,11,0
15482,199,11,0
15482,200,11,0
15482,201,11,0
15487,21,11,0
15487,22,11,0
15487,23,11,0
15487,24,11,0
15487,73,11,0
15487,74,11,0
15487,75,11,0
15487,76,11,0
15507,73,11,1
15507,75,11,1
15507,155,11,1
15507,156,11,1
15507,157,11,1
15507,158,11,1
15535,3,11,0
15535,21,11,0
15535,56,11,0
15535,76,11,0
15535,109,11,0
15535,127,11,0
15536,35,11,0
15536,49,11,0
15536,66,11,0
15536,82,11,0
15536,101,11,0
15536,132,11,0
15536,148,11,0
15551,17,11,0
15551,38,11,0
15551,58,11,0
15551,79,11,0
15551,121,11,0
15551,142,11,0
15558,5,11,0
15558,16,11,0
15558,27,11,0
15558,39,11,0
15558,50,11,0
15558,59,11,0
15558,77,11,0
15558,113,11,0
15572,1,11,0
15572,29,11,0
15572,43,11,0
15572,57,11,0
15572,70,11,0
15572,84,11,0
15611,16,11,0
15611,33,11,0
15611,50,11,0
15611,94,11,0
15611,123,11,0
15614,10,11,0
15614,23,11,0
15614,38,11,0
15614,50,12,0
15614,50,22,0
15614,77,11,0
15614,92,11,0
15614,106,11,0
15614,147,11,0
15619,11,11,1
15619,29,11,1
15619,47,11,1
15619,65,11,1
15619,100,11,1
15619,118,11,1
15624,1,11,1
15624,18,11,1
15624,76,11,1
15624,95,11,1
15624,114,11,1
15624,169,11,1
15639,56,11,1
15639,71,11,1
15639,117,11,1
15649,19,11,1
15649,32,11,1
15649,45,11,1
15649,70,11,1
15649,82,11,1
15649,96,11,1
15673,13,11,0
15673,28,11,0
15673,57,11,0
15673,73,11,0
15673,103,11,0
15673,116,11,0
15675,6,11,0
15675,35,11,0
15675,62,11,0
15675,76,11,0
15675,104,11,0
15675,119,11,0
15712,12,11,0
15712,26,11,0
15712,40,11,0
15712,55,11,0
15712,71,11,0
15712,114,11,0
15714,7,11,0
15714,19,11,0
15714,25,11,0
15714,28,11,0
15714,38,11,0
15714,55,11,0
15726,10,11,0
15726,29,11,0
15726,48,11,0
15726,67,11,0
15726,86,11,0
15726,104,11,0
15735,1,11,1
15735,10,11,1
15735,16,11,1
15744,77,11,0
15744,78,11,0
15744,79,11,0
15744,80,11,0
15744,155,11,0
15744,156,11,0
15744,157,11,0
15744,158,11,0
15763,3,11,0
15763,17,11,0
15763,23,11,0
15763,43,11,0
15763,50,11,0
15763,63,11,0
15763,69,11,0
15763,71,11,0
15773,7,11,1
15773,17,11,1
15773,27,11,1
15773,37,11,1
15773,47,11,1
15773,57,11,1
15773,67,11,1
15773,97,11,1
15778,42,11,1
15778,43,11,1
15778,129,11,1
15778,130,11,1
15778,132,11,1
15778,133,11,1
15778,134,11,1
15778,135,11,1
15791,3,11,0
15791,39,11,0
15791,71,11,0
15791,90,11,0
15791,107,11,0
15791,140,11,0
15791,157,11,0
15791,175,11,0
15801,5,11,0
15801,15,11,0
15801,26,11,0
15801,36,11,0
15801,47,11,0
15801,68,11,0
15809,5,11,0
15809,15,11,0
15809,33,11,0
15809,41,11,0
15809,49,11,0
15809,56,11,0
15838,29,11,0
15838,47,11,0
15838,83,11,0
15838,103,11,0
15838,120,11,0
15838,138,11,0
15842,7,11,0
15842,30,11,0
15842,41,11,0
15842,53,11,0
15842,65,11,0
15842,88,11,0
15847,1,11,1
15847,3,11,1
15847,5,11,1
15847,34,11,1
15847,45,11,1
15847,62,11,1
15850,27,11,1
15850,38,11,1
15850,94,11,1
15850,108,11,1
15884,1,11,0
15884,3,11,0
15884,9,11,0
15884,10,11,0
15884,11,11,0
15884,12,11,0
15884,25,11,0
15884,27,11,0
15892,18,11,0
15892,19,11,0
15892,20,11,0
15892,21,11,0
15892,43,11,0
15892,44,11,0
15892,55,11,0
15892,56,11,0
15900,6,11,0
15900,27,11,0
15900,37,11,0
15900,47,11,0
15900,67,11,0
15900,96,11,0
15900,106,11,0
15900,115,11,0
15910,13,11,0
15910,14,11,0
15910,15,11,0
15910,16,11,0
15910,89,11,0
15910,90,11,0
15910,91,11,0
15910,92,11,0
15929,6,11,1
15929,7,11,1
15929,123,11,1
15929,124,11,1
15929,125,11,1
15929,126,11,1
15929,127,11,1
15938,17,11,1
15938,34,11,1
15938,52,11,1
15938,85,11,1
15938,121,11,1
15938,172,11,1
15938,191,11,1
15950,49,11,1
15950,50,11,1
15950,51,11,1
15950,52,11,1
15950,461,11,1
15950,462,11,1
15950,463,11,1
15964,14,11,0
15964,32,11,0
15964,50,11,0
15964,67,11,0
15964,121,11,0
15972,1,11,0
15972,15,11,0
15972,41,11,0
15972,97,11,0
15972,108,11,0
15978,4,11,1
15978,61,11,1
15978,85,11,1
15978,105,11,1
15978,166,11,1
15978,186,11,1
15984,2,11,0
15984,23,11,0
15984,44,11,0
15984,66,11,0
15984,87,11,0
15984,171,11,0
16021,5,11,0
16021,18,11,0
16021,43,11,0
16021,56,11,0
16021,70,11,0
16021,105,11,0
16029,32,11,0
16029,50,11,0
16029,67,11,0
16029,102,11,0
16029,137,11,0
16029,155,11,0
16035,23,11,1
16035,46,11,1
16035,58,11,1
16035,71,11,1
16035,83,11,1
16059,21,11,0
16059,22,11,0
16059,23,11,0
16059,24,11,0
16059,125,11,0
16059,126,11,0
16059,127,11,0
16059,128,11,0
16063,50,11,0
16063,51,11,0
16063,104,11,0
16063,106,11,0
16063,107,11,0
16063,108,11,0
16063,109,11,0
16063,110,11,0
16073,33,11,0
16073,34,11,0
16073,35,11,0
16073,36,11,0
16073,95,11,0
16073,97,11,0
16073,98,11,0
16073,99,11,0
16087,1,11,0
16087,2,11,0
16087,3,11,0
16087,4,11,0
16087,86,11,0
16087,87,11,0
16087,88,11,0
16087,89,11,0
16123,81,11,1
16123,82,11,1
16123,84,11,1
16123,141,11,1
16123,142,11,1
16123,143,11,1
16123,144,11,1
16125,13,11,1
16125,14,11,1
16125,16,11,1
16125,100,11,1
16125,101,11,1
16125,102,11,1
16125,104,11,1
16133,13,11,0
16133,14,11,0
16133,15,11,0
16133,16,11,0
16133,145,11,0
16133,146,11,0
16133,147,11,0
16133,148,11,0
16143,18,11,0
16143,19,11,0
16143,20,11,0
16143,86,11,0
16143,89,11,0
16143,90,11,0
16143,91,11,0
16143,92,11,0
16158,25,11,1
16158,39,11,1
16158,52,11,1
16158,65,11,1
16158,79,11,1
16158,92,11,1
16158,117,11,1
16158,130,11,1
16164,33,11,1
16164,34,11,1
16164,35,11,1
16164,36,11,1
16164,81,11,1
16164,82,11,1
16164,83,11,1
16164,84,11,1
16176,14,11,0
16176,34,11,0
16176,52,11,0
16176,131,11,0
16176,149,11,0
16176,164,11,0
16186,9,11,0
16186,58,11,0
16186,74,11,0
16186,92,11,0
16186,108,11,0
16196,1,11,0
16196,15,11,0
16196,28,11,0
16196,41,11,0
16196,83,11,0
16200,16,11,0
16200,43,11,0
16200,58,11,0
16200,71,11,0
16200,84,11,0
16200,96,11,0
16211,1,11,0
16211,19,11,0
16211,74,11,0
16211,91,11,0
16211,109,11,0
16211,142,11,0
16211,155,11,0
16224,42,11,0
16224,57,11,0
16224,74,11,0
16224,90,11,0
16224,124,11,0
16224,138,11,0
16224,155,11,0
16247,4,11,0
16247,30,11,0
16247,64,11,0
16247,84,11,0
16247,125,11,0
16247,145,11,0
16249,3,11,0
16249,43,11,0
16249,81,11,0
16249,100,11,0
16249,118,11,0
16249,157,11,0
16249,176,11,0
16249,202,11,0
16256,2,11,0
16256,19,11,0
16256,52,11,0
16256,68,11,0
16256,95,11,0
16256,101,11,0
16271,32,11,0
16271,55,11,0
16271,72,11,0
16271,91,11,0
16271,109,11,0
16284,15,11,1
16284,26,11,1
16284,39,11,1
16284,51,11,1
16284,64,11,1
16284,91,11,1
16292,17,11,1
16292,49,11,1
16292,65,11,1
16292,129,11,1
16292,145,11,1
16316,37,11,1
16316,57,11,1
16316,77,11,1
16316,118,11,1
16316,138,11,1
16329,15,11,1
16329,36,11,1
16329,77,11,1
16329,98,11,1
16329,119,11,1
16329,140,11,1
16333,39,11,0
16333,74,11,0
16333,93,11,0
16333,112,11,0
16333,130,11,0
16333,165,11,0
16350,5,11,0
16350,41,11,0
16350,58,11,0
16350,76,11,0
16350,93,11,0
16350,111,11,0
16350,128,11,0
16350,180,11,0
16355,10,11,0
16355,21,11,0
16355,44,11,0
16355,52,11,0
16355,70,11,0
16355,78,11,0
16372,2,11,1
16372,8,11,1
16372,20,11,1
16372,39,11,1
16372,45,11,1
16389,25,11,0
16389,48,11,0
16389,74,11,0
16389,98,11,0
16389,148,11,0
16389,173,11,0
16401,23,11,0
16401,34,11,0
16401,47,11,0
16401,59,11,0
16401,72,11,0
16401,97,11,0
16407,3,11,0
16407,37,11,0
16407,54,11,0
16407,71,11,0
16407,88,11,0
16407,105,11,0
16416,29,11,1
16416,83,11,1
16416,116,11,1
16416,133,11,1
16427,9,11,0
16427,40,11,0
16427,71,11,0
16427,87,11,0
16427,102,11,0
16460,5,11,1
16460,6,11,1
16460,74,11,1
16460,76,11,1
16460,77,11,1
16460,78,11,1
16464,49,11,0
16464,50,11,0
16464,51,11,0
16464,52,11,0
16464,121,11,0
16464,123,11,0
16464,124,11,0
16464,125,11,0
16472,13,11,0
16472,24,11,0
16472,33,11,0
16472,66,11,0
16472,78,11,0
16472,89,11,0
16472,99,11,0
16472,120,11,0
16480,13,11,0
16480,14,11,0
16480,15,11,0
16480,16,11,0
16480,225,11,0
16480,226,11,0
16480,227,11,0
16480,229,11,0
16490,269,11,1
16490,270,11,1
16490,272,11,1
16490,521,11,1
16490,522,11,1
16490,523,11,1
16490,524,11,1
16490,525,11,1
16505,18,11,0
16505,19,11,0
16505,29,11,0
16505,30,11,0
16505,31,11,0
16505,32,11,0
16505,34,11,0
16505,61,11,0
16541,17,11,0
16541,37,11,0
16541,57,11,0
16541,78,11,0
16541,138,11,0
16541,172,11,0
16548,3,11,0
16548,16,11,0
16548,42,11,0
16548,56,11,0
16548,69,11,0
16548,82,11,0
16585,79,11,0
16585,88,11,0
16585,89,11,0
16585,90,11,0
16585,91,11,0
16585,92,11,0
16585,93,11,0
16585,94,11,0
16599,17,11,0
16599,18,11,0
16599,19,11,0
16599,20,11,0
16599,162,11,0
16599,163,11,0
16599,164,11,0
16599,166,11,0
16605,13,11,0
16605,26,11,0
16605,38,11,0
16605,75,11,0
16605,100,11,0
16605,112,11,0
16605,124,11,0
16624,43,11,0
16624,44,11,0
16624,126,11,0
16624,128,11,0
16624,129,11,0
16624,130,11,0
16624,131,11,0
16624,132,11,0
16626,49,11,0
16626,50,11,0
16626,52,11,0
16626,120,11,0
16626,122,11,0
16626,125,11,0
16626,126,11,0
16626,129,11,0
16635,53,11,1
16635,55,11,1
16635,139,11,1
16635,140,11,1
16648,4,11,1
16648,19,11,1
16648,27,11,1
16648,43,11,1
16648,49,11,1
16648,56,11,1
16648,79,11,1
16653,5,11,1
16653,6,11,1
16653,7,11,1
16653,8,11,1
16653,65,11,1
16653,66,11,1
16653,67,11,1
16653,68,11,1
16662,2,11,1
16662,3,11,1
16662,4,11,1
16662,177,11,1
16662,178,11,1
16662,180,11,1
16662,181,11,1
16662,183,11,1
16666,3,11,0
16666,32,11,0
16666,46,11,0
16666,58,11,0
16666,85,11,0
16666,97,11,0
16666,113,11,0
16666,137,11,0
16670,13,11,0
16670,26,11,0
16670,39,11,0
16670,68,11,0
16670,82,11,0
16670,107,11,0
16670,120,11,0
16670,135,11,0
16686,7,11,0
16686,19,11,0
16686,31,11,0
16686,53,11,0
16686,88,11,0
16686,99,11,0
16699,31,11,1
16699,46,11,1
16699,61,11,1
16699,90,11,1
16699,104,11,1
16699,148,11,1
16714,9,11,0
16714,48,11,0
16714,105,11,0
16714,125,11,0
16714,142,11,0
16714,160,11,0
16719,21,11,0
16719,35,11,0
16719,49,11,0
16719,91,11,0
16719,104,11,0
16719,116,11,0
16744,21,11,0
16744,34,11,0
16744,48,11,0
16744,75,11,0
16744,102,11,0
16744,115,11,0
16764,25,11,0
16764,26,11,0
16764,27,11,0
16764,28,11,0
16764,187,11,0
16764,188,11,0
16764,189,11,0
16764,190,11,0
16766,2,11,0
16766,16,11,0
16766,30,11,0
16766,44,11,0
16766,58,11,0
16766,87,11,0
16766,115,11,0
16766,129,11,0
16768,10,11,0
16768,12,11,0
16768,49,11,0
16768,52,11,0
16768,53,11,0
16768,54,11,0
16768,55,11,0
16768,56,11,0
16790,5,11,0
16790,8,11,0
16790,57,11,0
16790,58,11,0
16790,59,11,0
16790,60,11,0
16790,61,11,0
16790,62,11,0
16802,17,11,0
16802,18,11,0
16802,19,11,0
16802,20,11,0
16802,100,11,0
16802,101,11,0
16802,102,11,0
16802,105,11,0
16821,5,11,1
16821,6,11,1
16821,19,11,1
16821,35,11,1
16821,37,11,1
16839,62,11,0
16839,63,11,0
16839,64,11,0
16839,131,11,0
16839,132,11,0
16839,133,11,0
16839,135,11,0
16839,136,11,0
16847,49,11,1
16847,50,11,1
16847,51,11,1
16847,52,11,1
16847,193,11,1
16847,194,11,1
16847,195,11,1
16847,196,11,1
16861,14,11,0
16861,25,11,0
16861,31,11,0
16861,40,11,0
16861,49,11,0
16861,59,11,0
16885,11,11,0
16885,23,11,0
16885,47,11,0
16885,59,11,0
16885,72,11,0
16885,94,11,0
16894,6,11,0
16894,26,11,0
16894,65,11,0
16894,85,11,0
16894,106,11,0
16894,126,11,0
16897,10,11,0
16897,22,11,0
16897,34,11,0
16897,46,11,0
16897,70,11,0
16897,83,11,0
16897,107,11,0
16907,24,11,1
16907,50,11,1
16907,104,11,1
16907,132,11,1
16907,156,11,1
16918,14,11,1
16918,28,11,1
16918,55,11,1
16918,84,11,1
16918,99,11,1
16918,111,11,1
16918,125,11,1
16938,5,11,0
16938,20,11,0
16938,32,11,0
16938,41,11,0
16938,51,11,0
16938,63,11,0
16953,25,11,0
16953,40,11,0
16953,54,11,0
16953,69,11,0
16953,100,11,0
16953,123,11,0
16959,15,11,0
16959,38,11,0
16959,60,11,0
16959,82,11,0
16959,126,11,0
16959,146,11,0
16966,17,11,1
16966,39,11,1
16966,81,11,1
16966,103,11,1
16966,125,11,1
16966,147,11,1
16972,5,11,0
16972,22,11,0
16972,51,11,0
16972,70,11,0
16972,87,11,0
16972,106,11,0
16979,12,11,0
16979,29,11,0
16979,46,11,0
16979,63,11,0
16979,80,11,0
16979,98,11,0
16988,27,11,0
16988,42,11,0
16988,71,11,0
16988,100,11,0
16988,128,11,0
17006,5,11,0
17006,22,11,0
17006,39,11,0
17006,55,11,0
17006,72,11,0
17006,106,11,0
17017,21,11,0
17017,43,11,0
17017,64,11,0
17017,87,11,0
17017,109,11,0
17017,131,11,0
17023,1,11,1
17023,42,11,1
17023,53,11,1
17037,44,11,1
17037,88,11,1
17037,111,11,1
17037,156,11,1
17052,11,11,1
17052,31,11,1
17052,70,11,1
17052,90,12,1
17052,90,22,1
17052,110,12,1
17052,110,22,1
17052,130,12,1
17052,130,22,1
17072,10,11,0
17072,20,11,0
17072,29,11,0
17072,41,11,0
17072,61,11,0
17072,70,11,0
17072,79,11,0
17072,90,11,0
17082,17,11,0
17082,19,11,0
17082,20,11,0
17082,73,11,0
17082,75,11,0
17082,76,11,0
17082,77,11,0
17086,23,11,1
17086,24,11,1
17086,78,11,1
17086,84,11,1
17096,28,11,1
17096,71,11,1
17096,85,11,1
17096,99,11,1
17096,126,11,1
17097,27,11,0
17097,41,11,0
17097,55,11,0
17097,68,11,0
17097,86,11,0
17097,97,11,0
17104,5,11,0
17104,33,11,0
17104,68,11,0
17104,81,11,0
17104,93,11,0
17104,102,11,0
17121,22,11,0
17121,73,11,0
17121,98,11,0
17121,123,11,0
17121,147,11,0
17121,172,11,0
17128,28,11,0
17128,40,11,0
17128,53,11,0
17128,65,11,0
17128,90,11,0
17128,102,11,0
17158,26,11,0
17158,42,11,0
17158,58,11,0
17158,74,11,0
17158,90,11,0
17158,107,11,0
17173,10,12,0
17173,10,22,0
17173,24,11,0
17173,43,11,0
17173,58,11,0
17173,93,11,0
17173,115,11,0
17180,29,11,0
17180,42,11,0
17180,69,12,0
17180,69,22,0
17180,83,11,0
17180,95,11,0
17180,105,11,0
17197,10,11,0
17197,24,11,0
17197,52,11,0
17197,67,11,0
17197,81,11,0
17197,96,11,0
17200,4,11,1
17200,23,11,1
17200,41,11,1
17200,58,11,1
17200,112,11,1
17216,15,11,1
17216,62,11,1
17216,86,11,1
17216,110,11,1
17216,134,11,1
17216,158,11,1
17223,8,11,0
17223,24,11,0
17223,52,11,0
17223,65,11,0
17223,81,11,0
17223,94,11,0
17243,15,11,1
17243,34,11,1
17243,90,11,1
17243,109,11,1
17243,144,11,1
17243,161,11,1
17258,4,11,0
17258,14,11,0
17258,21,11,0
17258,31,11,0
17258,51,11,0
17258,58,11,0
17258,68,11,0
17258,78,11,0
17266,45,11,0
17266,46,11,0
17266,119,11,0
17266,120,11,0
17266,121,11,0
17266,124,11,0
17266,125,11,0
17266,126,11,0
17274,1,11,0
17274,2,11,0
17274,3,11,0
17274,4,11,0
17274,80,11,0
17274,85,11,0
17274,86,11,0
17274,88,11,0
17276,3,11,1
17276,19,11,1
17276,50,11,1
17276,64,11,1
17276,77,11,1
17276,92,11,1
17276,106,11,1
17291,5,11,1
17291,6,11,1
17291,10,11,1
17291,37,11,1
17291,46,11,1
17291,47,11,1
17297,41,11,0
17297,42,11,0
17297,43,11,0
17297,44,11,0
17297,116,11,0
17297,117,11,0
17297,118,11,0
17297,119,11,0
17321,5,11,1
17321,6,11,1
17321,7,11,1
17321,8,11,1
17321,254,11,1
17321,255,11,1
17321,257,11,1
17328,16,11,0
17328,27,11,0
17328,39,11,0
17328,62,11,0
17328,87,11,0
17328,134,11,0
17328,148,11,0
17338,36,11,0
17338,50,11,0
17338,64,11,0
17338,80,11,0
17338,106,11,0
17361,10,12,0
17361,10,22,0
17361,30,11,0
17361,69,11,0
17361,88,11,0
17361,107,11,0
17361,125,11,0
17368,12,11,0
17368,33,12,0
17368,33,22,0
17368,71,11,0
17368,92,11,0
17368,113,11,0
17368,134,11,0
17380,1,11,0
17380,16,11,0
17380,20,11,0
17380,36,11,0
17380,40,11,0
17380,53,11,0
17380,55,11,0
17380,68,11,0
17408,13,11,1
17408,23,11,1
17408,50,11,1
17408,97,11,1
17408,127,11,1
17408,142,11,1
17423,22,11,1
17423,78,11,1
17423,99,11,1
17423,118,11,1
17432,15,11,1
17432,37,11,1
17432,57,11,1
17432,100,11,1
17432,143,11,1
17432,164,11,1
17442,36,11,0
17442,56,11,0
17442,77,11,0
17442,141,11,0
17442,162,11,0
17442,180,11,0
17447,14,11,0
17447,44,11,0
17447,103,11,0
17447,134,12,0
17447,134,22,0
17447,163,11,0
17447,194,11,0
17449,28,11,0
17449,60,11,0
17449,73,11,0
17449,86,11,0
17449,100,11,0
17449,114,11,0
17488,27,11,1
17488,77,11,1
17488,93,11,1
17488,126,11,1
17492,11,11,1
17492,33,11,1
17492,98,11,1
17492,120,11,1
17492,142,11,1
17511,4,11,0
17511,35,11,0
17511,52,11,0
17511,84,11,0
17511,98,11,0
17511,112,11,0
17518,18,11,0
17518,40,11,0
17518,86,11,0
17518,109,11,0
17518,132,11,0
17518,176,11,0
17523,25,11,1
17523,44,11,1
17523,83,11,1
17523,102,11,1
17523,123,11,1
17523,142,11,1
17538,1,11,0
17538,2,11,0
17538,3,11,0
17538,4,11,0
17538,93,11,0
17538,94,11,0
17538,95,11,0
17538,96,11,0
17542,90,11,0
17542,91,11,0
17542,203,11,0
17542,204,11,0
17542,210,11,0
17542,211,11,0
17542,212,11,0
17542,217,11,0
17549,10,11,0
17549,22,11,0
17549,71,11,0
17549,84,11,0
17549,96,11,0
17549,108,11,0
17549,120,11,0
17549,141,11,0
17552,42,11,0
17552,43,11,0
17552,94,11,0
17552,95,11,0
17552,96,11,0
17552,105,11,0
17552,106,11,0
17552,108,11,0
17610,12,11,0
17610,28,11,0
17610,44,11,0
17610,58,11,0
17610,74,11,0
17610,89,11,0
17613,37,11,0
17613,56,11,0
17613,78,12,0
17613,78,22,0
17613,99,12,0
17613,99,22,0
17613,121,11,0
17613,142,11,0
17619,24,11,0
17619,42,11,0
17619,59,11,0
17619,76,11,0
17619,94,11,0
17619,111,11,0
17621,9,11,0
17621,23,11,0
17621,36,11,0
17621,48,11,0
17621,76,11,0
17621,90,11,0
17621,112,11,0
17621,128,11,0
17626,13,11,0
17626,34,11,0
17626,45,11,0
17626,58,11,0
17626,72,11,0
17626,85,11,0
17626,131,11,0
17626,143,11,0
17635,5,11,1
17635,26,11,1
17635,47,11,1
17635,87,11,1
17635,129,11,1
17641,3,11,1
17641,16,11,1
17641,41,11,1
17641,67,11,1
17641,79,11,1
17641,92,11,1
17641,105,11,1
17641,118,11,1
17666,15,11,0
17666,38,11,0
17666,56,11,0
17666,73,11,0
17666,94,11,0
17666,137,11,0
17672,12,11,0
17672,33,11,0
17672,71,11,0
17672,89,11,0
17672,107,11,0
17672,141,11,0
17680,12,11,0
17680,30,11,0
17680,47,11,0
17680,65,11,0
17680,84,11,0
17680,102,11,0
17686,13,11,0
17686,35,11,0
17686,56,11,0
17686,76,11,0
17686,99,11,0
17686,121,11,0
17704,16,11,0
17704,41,11,0
17704,89,11,0
17704,114,11,0
17704,139,11,0
17704,164,11,0
17716,21,11,0
17716,44,11,0
17716,84,11,0
17716,103,11,0
17716,123,11,0
17716,143,11,0
17729,17,11,1
17729,33,11,1
17729,48,11,1
17729,64,11,1
17729,80,11,1
17729,96,11,1
17734,9,11,1
17734,24,11,1
17734,38,11,1
17734,68,11,1
17734,82,11,1
17734,97,11,1
17759,13,11,0
17759,14,11,0
17759,15,11,0
17759,16,11,0
17759,157,11,0
17759,158,11,0
17759,159,11,0
17759,160,11,0
17771,29,11,0
17771,31,11,0
17771,32,11,0
17771,283,11,0
17771,284,11,0
17771,285,11,0
17771,286,11,0
17771,287,11,0
17775,33,11,1
17775,34,11,1
17775,35,11,1
17775,39,11,1
17775,81,11,1
17775,82,11,1
17775,83,11,1
17793,3,11,0
17793,26,11,0
17793,48,11,0
17793,68,11,0
17793,88,11,0
17807,16,11,0
17807,58,11,0
17807,72,11,0
17807,110,11,0
17807,147,11,0
17807,167,11,0
17807,185,11,0
17814,3,11,0
17814,19,11,0
17814,50,11,0
17814,66,11,0
17814,98,11,0
17832,7,11,0
17832,20,11,0
17832,32,11,0
17832,70,11,0
17832,93,11,0
17832,105,11,0
17837,5,11,0
17837,17,11,0
17837,30,11,0
17837,49,11,0
17837,60,11,0
17837,72,11,0
17837,84,11,1
17837,104,11,0
17865,11,11,0
17865,39,11,0
17865,60,11,0
17865,85,11,0
17865,154,11,0
17867,22,11,0
17867,46,11,0
17867,70,11,0
17867,94,11,0
17867,143,11,0
17867,167,11,0
17869,10,11,0
17869,28,11,0
17869,45,11,0
17869,80,11,0
17869,98,11,0
17869,116,11,0
17874,13,12,0
17874,13,22,0
17874,46,11,0
17874,68,11,0
17874,83,11,0
17874,100,11,0
17874,118,13,0
17874,118,23,0
17899,53,11,0
17899,142,11,0
17899,176,11,0
17899,264,11,0
17913,6,11,0
17913,24,11,0
17913,57,11,0
17913,73,11,0
17913,88,11,0
17913,105,11,0
17930,6,12,0
17930,6,22,0
17930,20,11,0
17930,33,11,0
17930,45,11,0
17930,59,11,0
17930,98,11,0
17937,9,11,0
17937,17,11,0
17937,42,11,0
17937,50,11,0
17937,61,11,0
17937,80,11,0
17937,94,11,0
17944,2,11,0
17944,20,11,0
17944,56,11,0
17944,73,11,0
17944,90,11,0
17944,109,11,0
17944,144,11,0
17944,161,11,0
17971,4,11,0
17971,20,11,0
17971,48,11,0
17971,64,11,0
17971,98,11,0
17978,24,11,0
17978,42,11,0
17978,59,11,0
17978,94,11,0
17978,112,11,0
17978,162,11,0
17978,182,11,0
17979,30,11,0
17979,45,11,0
17979,61,11,0
17979,106,11,0
17979,119,11,0
17979,136,11,0
17979,152,11,0
17979,165,11,0
17991,7,11,0
17991,32,11,0
17991,68,11,0
17991,80,11,0
17991,102,11,0
18035,14,11,0
18035,31,11,0
18035,58,11,0
18035,69,11,0
18035,85,11,0
18055,28,11,0
18055,76,11,0
18055,138,11,0
18055,157,11,0
18055,176,11,0
18063,9,11,0
18063,28,11,0
18063,48,11,0
18063,67,11,0
18063,86,11,0
18063,125,11,0
18089,11,11,0
18089,28,11,0
18089,40,11,0
18089,60,11,0
18089,70,11,0
18089,99,11,0
18089,129,11,0
18089,144,11,0
18121,8,11,0
18121,23,11,0
18121,36,11,0
18121,79,11,0
18121,106,11,0
18121,126,11,0
18121,136,11,0
18121,146,11,0
18124,33,11,0
18124,64,11,0
18124,74,11,0
18124,95,11,0
18124,111,11,0
18124,149,11,0
18133,9,11,0
18133,20,11,0
18133,43,11,0
18133,71,11,0
18133,106,11,0
18133,124,11,0
18133,141,11,0
18133,158,11,0
18166,10,11,0
18166,22,11,0
18166,33,11,0
18166,45,11,0
18166,56,11,0
18166,91,11,0
18171,10,11,1
18171,34,11,1
18171,43,11,1
18171,68,11,1
18171,84,11,1
18171,111,11,1
18189,1,11,0
18189,47,11,0
18189,62,11,0
18189,78,11,0
18189,93,11,0
18196,19,11,1
18196,38,11,1
18196,56,11,1
18201,16,11,1
18201,38,11,1
18201,61,11,1
18201,151,11,1
18205,22,11,1
18205,36,11,1
18205,51,11,1
18205,65,11,1
18205,108,11,1
18217,8,11,1
18217,36,11,1
18217,65,11,1
18217,80,11,1
18217,108,11,1
18217,121,11,1
18217,137,11,1
18221,40,11,1
18221,84,11,1
18221,101,11,1
18225,1,11,1
18225,34,11,1
18225,66,11,1
18230,5,11,0
18230,21,11,0
18230,49,11,0
18230,76,11,0
18230,90,11,0
18230,116,11,0
18249,4,11,0
18249,24,11,0
18249,62,11,0
18249,82,11,0
18249,101,11,0
18249,121,11,0
18253,4,11,1
18253,30,11,1
18253,83,11,1
18253,96,11,1
18264,96,11,1
18264,117,11,1
18264,137,11,1
18264,177,11,1
18264,206,11,1
18271,5,11,1
18271,57,11,1
18271,334,11,1
18271,389,11,1
18271,499,11,1
18328,7,11,1
18328,96,11,1
18328,114,11,1
18328,131,11,1
18328,148,11,1
18328,165,12,1
18328,165,22,1
18333,8,11,1
18333,21,11,1
18333,48,11,1
18333,61,11,1
18333,88,11,1
18341,13,11,1
18341,58,11,1
18341,101,11,1
18341,122,11,1
18356,6,11,0
18356,21,11,0
18356,51,11,0
18356,80,11,0
18356,95,11,0
18356,124,11,0
18360,10,11,0
18360,26,11,0
18360,42,11,0
18360,58,11,0
18360,91,11,0
18360,138,11,0
18372,10,11,0
18372,43,11,0
18372,59,11,0
18372,77,11,0
18372,92,11,0
18372,137,11,0
18388,12,11,0
18388,54,11,0
18388,76,11,0
18388,96,11,0
18388,116,11,0
18388,135,11,0
18389,23,11,0
18389,35,11,0
18389,48,11,0
18389,61,11,0
18389,89,11,0
18389,100,11,0
18423,14,11,0
18423,57,11,0
18423,79,11,0
18423,100,11,0
18423,122,12,0
18423,122,22,0
18423,142,11,0
18425,5,11,0
18425,18,11,0
18425,31,11,0
18425,56,11,0
18425,70,11,0
18425,83,11,0
18428,19,11,0
18428,45,11,0
18428,70,12,0
18428,70,22,0
18428,95,11,0
18428,196,11,0
18428,221,11,0
18464,23,11,1
18464,36,11,1
18464,64,11,1
18464,91,11,1
18479,22,11,1
18479,26,11,1
18479,33,11,1
18479,37,11,1
18488,48,11,1
18488,118,11,1
18488,141,11,1
18488,164,11,1
18488,187,11,1
18491,24,11,1
18491,110,11,1
18491,132,11,1
18491,153,11,1
18491,173,11,1
18492,23,11,1
18492,42,11,1
18492,62,11,1
18492,121,11,1
18492,141,11,1
18505,51,11,0
18505,68,11,0
18505,88,11,0
18505,119,11,0
18505,136,11,0
18506,14,11,0
18506,29,11,0
18506,44,11,0
18506,58,11,0
18506,90,11,0
18506,118,11,0
18531,6,11,0
18531,7,11,0
18531,8,11,0
18531,55,11,0
18531,56,11,0
18531,57,11,0
18531,59,11,0
18531,62,11,0
18544,29,11,0
18544,31,11,0
18544,32,11,0
18544,181,11,0
18544,182,11,0
18544,183,11,0
18544,187,11,0
18544,188,11,0
18545,11,11,1
18545,19,11,1
18545,31,11,1
18545,37,11,1
18545,44,11,1
18545,50,11,1
18545,63,11,1
18556,1,11,1
18556,2,11,1
18556,4,11,1
18556,40,11,1
18556,42,11,1
18556,43,11,1
18562,7,11,1
18562,51,11,1
18562,97,11,1
18562,109,11,1
18562,123,11,1
18567,10,11,0
18567,40,11,0
18567,52,11,0
18567,63,11,0
18567,73,11,0
18568,4,11,0
18568,33,11,0
18568,47,11,0
18568,63,12,0
18568,63,22,0
18568,76,11,0
18568,90,11,0
18568,116,11,0
18568,129,11,0
18582,11,11,0
18582,16,11,0
18582,19,11,0
18582,27,11,0
18582,33,11,0
18582,39,11,0
18603,2,11,0
18603,16,11,0
18603,29,11,0
18603,42,11,0
18603,70,11,0
18603,94,11,0
18612,6,11,0
18612,24,11,0
18612,59,11,0
18612,76,12,0
18612,76,22,0
18612,94,12,0
18612,94,22,0
18612,111,11,0
18647,8,11,1
18647,27,11,1
18647,45,11,1
18647,64,11,1
18647,101,11,1
18647,119,11,1
18650,6,12,1
18650,6,22,1
18650,17,11,1
18650,38,11,1
18650,74,11,1
18650,83,11,1
18650,106,11,1
18650,114,11,1
18668,6,11,0
18668,29,11,0
18668,74,11,0
18668,97,11,0
18668,121,11,0
18668,144,11,0
18673,2,11,0
18673,11,11,0
18673,20,11,0
18673,28,11,0
18673,47,11,0
18673,56,11,0
18694,18,11,1
18694,37,11,1
18694,76,11,1
18694,113,11,1
18695,25,11,1
18695,78,11,1
18695,91,11,1
18699,3,11,0
18699,23,11,0
18699,63,11,0
18699,83,11,0
18699,100,11,0
18699,122,11,0
18726,72,11,0
18726,74,11,0
18726,186,11,0
18726,187,11,0
18726,188,11,0
18726,190,11,0
18726,191,11,0
18726,192,11,0
18735,42,11,0
18735,43,11,0
18735,44,11,0
18735,45,11,0
18735,46,11,0
18735,47,11,0
18735,48,11,0
18735,49,11,0
18744,9,11,0
18744,10,11,0
18744,12,11,0
18744,72,11,0
18744,74,11,0
18748,13,11,0
18748,14,11,0
18748,15,11,0
18748,16,11,0
18748,73,11,0
18748,74,11,0
18748,75,11,0
18748,76,11,0
18765,8,11,1
18765,22,11,1
18765,36,11,1
18765,49,11,1
18765,119,11,1
18772,62,11,1
18772,64,11,1
18772,186,11,1
18772,188,11,1
18772,190,11,1
18772,191,11,1
18772,192,11,1
18785,14,11,0
18785,57,11,0
18785,83,11,0
18785,96,11,0
18785,105,11,0
18785,113,11,0
18791,28,11,0
18791,46,11,0
18791,82,11,0
18791,101,11,0
18791,120,11,0
18825,11,11,1
18825,25,11,1
18825,37,11,1
18825,51,11,1
18825,92,11,1
18837,3,11,0
18837,17,11,0
18837,32,11,0
18837,46,11,0
18837,60,11,0
18837,73,11,0
18849,13,11,0
18849,28,11,0
18849,43,11,0
18849,59,11,0
18849,74,11,0
18849,104,11,0
18852,18,11,1
18852,62,11,1
18852,84,11,1
18852,128,11,1
18852,150,11,1
18873,9,11,0
18873,10,11,0
18873,11,11,0
18873,45,11,0
18873,46,11,0
18873,47,11,0
18873,48,11,0
18873,49,11,0
18881,10,11,1
18881,11,11,1
18881,12,11,1
18881,125,11,1
18881,127,11,1
18881,128,11,1
18891,8,11,0
18891,25,11,0
18891,40,11,0
18891,71,11,0
18891,102,11,0
18891,147,11,0
18902,52,11,0
18902,70,11,0
18902,89,11,0
18902,107,11,0
18902,125,11,0
18918,40,11,0
18918,65,11,0
18918,78,11,0
18918,104,11,0
18918,116,11,0
18918,141,11,0
18929,3,11,1
18929,24,11,1
18929,108,11,1
18942,12,11,0
18942,46,11,0
18942,63,11,0
18942,80,11,0
18942,115,11,0
18947,5,11,0
18947,21,11,0
18947,37,11,0
18947,53,11,0
18947,84,11,0
18947,100,11,0
18958,8,11,1
18958,24,11,1
18958,73,11,1
18958,106,11,1
18981,19,11,0
18981,38,11,0
18981,79,11,0
18981,99,11,0
18981,119,11,0
18981,140,11,0
18997,33,11,1
18997,71,11,1
18997,90,11,1
18997,108,11,1
19001,2,11,0
19001,14,11,0
19001,34,11,0
19001,44,11,0
19001,55,11,0
19004,2,11,0
19004,23,11,0
19004,32,11,0
19004,53,11,0
19004,63,11,0
19013,6,11,0
19013,7,11,0
19013,8,11,0
19013,114,11,0
19013,115,11,0
19013,116,11,0
19013,120,11,0
19013,121,11,0
19015,191,11,1
19015,192,11,1
19015,396,11,1
19015,398,11,1
19015,399,11,1
19025,7,11,0
19025,41,11,0
19025,57,11,0
19025,121,11,0
19025,137,11,0
19025,152,11,0
19025,169,11,0
19025,184,11,0
19063,1,11,0
19063,12,11,0
19063,24,11,0
19063,36,11,0
19063,46,11,0
19063,55,11,0
19073,33,11,0
19073,53,11,0
19073,71,11,0
19073,112,11,0
19073,132,11,0
19073,153,11,0
19088,14,11,0
19088,33,11,0
19088,51,11,0
19088,70,11,0
19088,103,11,0
19088,117,11,0
19097,22,11,0
19097,32,11,0
19097,43,11,0
19097,53,11,0
19097,64,11,0
19097,85,11,0
19104,6,11,1
19104,34,11,1
19104,47,11,1
19104,61,11,1
19104,89,11,1
19111,3,11,1
19111,26,11,1
19111,42,11,1
19111,68,11,1
19111,80,11,1
19111,90,11,1
19118,18,11,0
19118,44,11,0
19118,120,11,0
19118,145,11,0
19118,171,11,0
19118,194,11,0
19135,28,11,0
19135,36,11,0
19135,46,11,0
19135,65,11,0
19135,74,11,0
19135,84,11,0
19135,94,11,0
19135,100,11,0
19168,65,11,0
19168,66,11,0
19168,68,11,0
19168,144,11,0
19168,145,11,0
19168,147,11,0
19168,148,11,0
19168,149,11,0
19173,13,11,0
19173,14,11,0
19173,15,11,0
19173,16,11,0
19173,84,11,0
19173,86,11,0
19173,89,11,0
19173,90,11,0
19188,50,11,0
19188,76,11,0
19188,125,11,0
19188,151,11,0
19188,177,11,0
19188,202,11,0
19188,226,11,0
19188,248,11,0
19196,11,11,0
19196,23,11,0
19196,46,11,0
19196,58,11,0
19196,69,11,0
19196,81,11,0
19214,5,11,1
19214,54,11,1
19214,86,11,1
19214,134,11,1
19214,151,11,1
19219,18,11,0
19219,36,11,0
19219,91,11,0
19219,107,11,0
19219,124,11,0
19219,141,11,0
19219,174,11,0
19237,3,11,0
19237,20,11,0
19237,37,11,0
19237,54,11,0
19237,71,11,0
19237,107,11,0
19243,21,11,1
19243,67,11,1
19243,88,12,1
19243,112,13,1
19243,112,23,1
19243,112,33,1
19243,157,11,1
19243,200,11,1
19270,4,11,0
19270,35,11,0
19270,51,11,0
19270,67,11,0
19270,82,11,0
19270,98,11,0
19275,12,11,0
19275,49,11,0
19275,69,11,0
19275,88,11,0
19275,111,11,0
19275,130,11,0
19281,23,11,0
19281,36,11,0
19281,49,11,0
19281,63,11,0
19281,103,11,0
19281,114,11,0
19297,6,11,0
19297,19,11,0
19297,32,11,0
19297,58,11,0
19297,85,11,0
19297,97,11,0
19306,3,11,0
19306,50,11,0
19306,65,11,0
19306,79,11,0
19306,111,11,0
19306,125,11,0
19316,6,11,0
19316,21,11,0
19316,47,11,0
19316,61,11,0
19316,74,11,0
19319,13,11,1
19319,30,11,1
19319,63,11,1
19319,80,11,1
19319,113,11,1
19326,14,11,0
19326,38,11,0
19326,61,11,0
19326,85,11,0
19326,108,11,0
19326,155,11,0
19357,5,11,1
19357,26,11,1
19357,68,11,1
19357,89,11,1
19357,109,11,1
19360,28,11,0
19360,51,11,0
19360,73,11,0
19360,118,11,0
19360,141,11,0
19360,162,11,0
19373,9,11,1
19373,21,11,1
19373,45,11,1
19373,56,11,1
19373,70,11,1
19373,83,11,1
19385,7,11,0
19385,26,11,0
19385,56,11,0
19385,69,11,0
19385,105,11,0
19385,132,11,0
19394,9,11,0
19394,10,11,0
19394,12,11,0
19394,112,11,0
19394,113,11,0
19394,114,11,0
19394,115,11,0
19394,116,11,0
19400,2,11,0
19400,3,11,0
19400,73,11,0
19400,74,11,0
19400,76,11,0
19400,77,11,0
19400,79,11,0
19400,80,11,0
19411,69,11,1
19411,70,11,1
19411,71,11,1
19411,72,11,1
19411,280,11,1
19411,281,11,1
19411,282,11,1
19411,283,11,1
19450,19,11,0
19450,40,11,0
19450,122,11,0
19450,143,11,0
19450,162,11,0
19450,183,11,0
19461,49,11,1
19461,99,11,1
19461,116,11,1
19472,15,11,0
19472,27,11,0
19472,49,11,0
19472,59,11,0
19472,72,11,0
19472,81,11,0
19491,4,11,0
19491,30,11,0
19491,49,11,0
19491,56,11,0
19494,4,11,0
19494,18,11,0
19494,33,11,0
19494,90,11,0
19494,118,11,0
19522,26,11,1
19522,71,11,1
19535,60,11,1
19535,72,11,1
19535,85,11,1
19535,110,11,1
19539,37,11,0
19539,38,11,0
19539,39,11,0
19539,40,11,0
19539,99,11,0
19539,100,11,0
19539,101,11,0
19547,79,11,0
19547,80,11,0
19547,187,11,0
19547,188,11,0
19547,189,11,0
19547,190,11,0
19547,191,11,0
19547,192,11,0
19551,10,11,0
19551,50,11,0
19551,62,11,0
19551,100,11,0
19551,126,11,0
19565,7,11,0
19565,51,11,0
19565,52,11,0
19565,53,11,0
19565,56,11,0
19565,57,11,0
19565,58,11,0
19565,72,11,0
19567,81,11,0
19567,83,11,0
19567,84,11,0
19567,212,11,0
19567,214,11,0
19567,215,11,0
19567,216,11,0
19567,217,11,0
19585,13,11,1
19585,16,11,1
19585,68,11,1
19585,69,11,1
19585,70,11,1
19585,71,11,1
19585,72,11,1
19589,76,11,1
19589,191,11,1
19589,192,11,1
19589,193,11,1
19589,194,11,1
19589,195,11,1
19589,196,11,1
19615,7,11,1
19615,8,11,1
19615,100,11,1
19615,101,11,1
19615,102,11,1
19615,103,11,1
19628,4,11,0
19628,12,11,0
19628,27,11,0
19628,49,11,0
19628,71,11,0
19628,84,11,0
19629,9,11,0
19629,26,11,0
19629,55,11,0
19629,72,11,0
19629,88,11,0
19629,103,12,0
19629,103,22,0
19629,133,11,0
19629,149,11,0
19648,1,11,0
19648,23,11,0
19648,61,11,0
19648,103,11,0
19648,123,11,0
19648,143,11,0
19666,19,11,0
19666,58,11,0
19666,78,11,0
19666,119,11,0
19666,140,11,0
19666,159,11,0
19686,6,11,1
19686,28,11,1
19686,62,11,1
19686,80,11,1
19686,97,11,1
19686,133,11,1
19691,3,11,0
19691,33,11,0
19691,43,11,0
19691,53,11,0
19691,63,11,0
19691,73,11,0
19691,83,11,0
19691,93,11,0
19707,9,11,0
19707,11,11,0
19707,83,11,0
19707,84,11,0
19707,85,11,0
19707,86,11,0
19707,87,11,0
19707,88,11,0
19715,33,11,1
19715,36,11,1
19715,115,11,1
19715,116,11,1
19715,117,11,1
19715,118,11,1
19715,119,11,1
19715,120,11,1
19731,5,11,0
19731,48,11,0
19731,67,11,0
19731,89,11,0
19731,113,11,0
19731,152,11,0
19732,6,11,0
19732,27,11,0
19732,40,11,0
19732,51,11,0
19732,62,11,0
19732,90,11,0
19732,95,12,0
19732,95,22,0
19732,118,15,0
19732,118,25,0
19732,118,35,0
19732,118,45,0
19732,118,55,0
19746,7,11,0
19746,17,11,0
19746,39,11,0
19746,50,11,0
19746,61,11,0
19746,72,11,0
19753,12,11,1
19753,26,11,1
19753,40,11,1
19753,83,11,1
19753,97,11,1
19770,11,11,0
19770,20,11,0
19770,42,11,0
19770,53,11,0
19770,84,11,0
19770,100,11,0
19780,15,11,0
19780,36,11,0
19780,79,11,0
19780,100,11,0
19780,121,11,0
19780,142,11,0
19797,98,11,0
19797,99,11,0
19797,100,11,0
19797,230,11,0
19797,231,11,0
19797,233,11,0
19797,234,11,0
19797,235,11,0
19820,5,11,1
19820,6,11,1
19820,7,11,1
19820,8,11,1
19820,31,11,1
19820,32,11,1
19820,33,11,1
19820,34,11,1
19842,4,11,0
19842,18,11,0
19842,31,11,0
19842,45,11,0
19842,87,11,0
19851,16,11,0
19851,27,11,0
19851,50,11,0
19851,63,11,0
19851,75,11,0
19851,102,11,0
19872,8,11,0
19872,25,11,0
19872,56,11,0
19872,73,11,0
19872,91,11,0
19872,108,11,0
19887,18,11,0
19887,28,11,0
19887,47,11,0
19887,57,11,0
19887,79,11,0
19887,87,11,0
19893,25,11,0
19893,60,11,0
19893,94,11,0
19893,111,11,0
19911,53,11,0
19911,74,11,0
19911,137,11,0
19911,155,11,0
19911,174,11,0
19916,1,11,0
19916,25,11,0
19916,37,11,0
19916,49,11,0
19916,85,11,0
19916,96,11,0
19923,25,11,0
19923,40,11,0
19923,73,11,0
19923,88,11,0
19923,104,11,0
19923,120,11,0
19931,26,11,1
19931,48,11,1
19931,69,11,1
19931,79,11,1
19931,113,11,1
19948,7,11,1
19948,24,11,1
19948,71,11,1
19962,16,11,1
19962,35,11,1
19962,55,11,1
19962,132,11,1
19962,150,11,1
19962,168,11,1
19969,2,11,0
19969,6,11,0
19969,23,11,0
19969,31,11,0
19969,36,11,0
19981,9,11,1
19981,16,11,1
19981,27,11,1
19981,37,11,1
19981,44,11,1
19998,3,11,0
19998,11,11,0
19998,18,11,0
19998,41,11,0
19998,48,11,0
19998,63,11,0
20016,139,11,0
20016,140,11,0
20016,141,11,0
20016,142,11,0
20016,143,11,0
20016,144,11,0
20016,153,11,0
20016,154,11,0
20029,29,11,1
20029,31,11,1
20029,32,11,1
20029,359,11,1
20031,7,11,1
20031,24,11,1
20031,81,11,1
20031,124,11,1
20031,157,11,1
20031,175,11,1
20031,212,11,1
20052,25,11,0
20052,40,11,0
20052,56,11,0
20052,89,11,0
20052,120,11,0
20055,22,11,1
20055,43,11,1
20055,63,11,1
20055,106,11,1
20092,1,11,0
20092,19,11,0
20092,38,11,0
20092,54,11,0
20092,72,11,0
20092,110,11,0
20094,17,11,0
20094,55,11,0
20094,93,11,0
20094,113,11,0
20094,148,11,0
20094,163,11,0
20105,10,11,0
20105,23,11,0
20105,50,11,0
20105,63,11,0
20105,76,11,0
20105,90,11,0
20121,3,11,0
20121,13,11,0
20121,24,11,0
20121,47,11,0
20121,57,11,0
20121,70,11,0
20127,9,11,0
20127,21,11,0
20127,44,11,0
20127,56,11,0
20127,68,11,0
20127,80,11,0
20138,19,11,0
20138,59,11,0
20138,78,11,0
20138,97,11,0
20138,115,11,0
20145,15,11,1
20145,33,11,1
20145,51,11,1
20145,69,11,1
20145,89,11,1
20145,125,11,1
20164,13,11,1
20164,14,11,1
20164,15,11,1
20164,16,11,1
20164,33,11,1
20164,34,11,1
20164,35,11,1
20164,36,11,1
20175,53,11,0
20175,54,11,0
20175,55,11,0
20175,56,11,0
20175,122,11,0
20175,124,11,0
20175,125,11,0
20175,126,11,0
20185,8,11,0
20185,19,11,0
20185,32,11,0
20185,45,11,0
20185,66,11,0
20185,76,11,0
20191,5,11,0
20191,19,11,0
20191,34,11,0
20191,49,11,0
20191,95,11,0
20191,121,11,0
20191,136,11,0
20192,19,11,0
20192,61,11,0
20192,81,11,0
20192,123,11,0
20192,163,11,0
20204,17,11,0
20204,36,11,0
20204,49,11,0
20204,107,11,0
20204,126,11,0
20204,141,11,0
20218,7,11,0
20218,16,11,0
20218,35,11,0
20218,44,11,0
20218,54,11,0
20218,63,11,0
20263,14,11,1
20263,26,11,1
20263,39,11,1
20279,13,11,0
20279,30,11,0
20279,47,11,0
20279,64,11,0
20279,98,11,0
20279,115,11,0
20280,18,11,1
20280,38,11,1
20280,78,11,1
20280,100,11,1
20280,120,11,1
20280,141,11,1
20298,7,11,0
20298,26,11,0
20298,51,11,0
20298,64,11,0
20298,102,11,0
20298,156,11,0
20306,27,11,1
20306,62,11,1
20306,79,11,1
20306,96,11,1
20314,10,11,1
20314,22,11,1
20314,33,11,1
20314,57,11,1
20314,80,11,1
20314,91,11,1
20328,33,11,0
20328,34,11,0
20328,35,11,0
20328,36,11,0
20328,44,11,0
20328,45,11,0
20328,46,11,0
20328,47,11,0
20337,49,11,0
20337,50,11,0
20337,51,11,0
20337,52,11,0
20337,107,11,0
20337,113,11,0
20337,117,11,0
20337,118,11,0
20350,9,11,1
20350,10,11,1
20350,110,11,1
20350,111,11,1
20350,112,11,1
20350,113,11,1
20353,5,11,0
20353,12,11,0
20353,25,11,0
20353,33,11,0
20353,40,11,0
20353,51,11,0
20353,64,11,0
20353,74,11,0
20520,8,11,0
20520,15,11,0
20520,31,11,0
20520,38,11,0
20520,48,11,0
20520,59,11,0
20542,97,11,0
20542,98,11,0
20542,261,11,0
20542,263,11,0
20542,264,11,0
20542,265,11,0
20542,266,11,0
20542,267,11,0
20545,35,11,0
20545,60,11,0
20545,82,11,0
20545,106,11,0
20545,130,11,0
20550,6,11,1
20550,27,11,1
20550,70,11,1
20550,91,11,1
20550,113,11,1
20550,134,11,1
20563,53,11,1
20563,54,11,1
20563,55,11,1
20563,56,11,1
20563,153,11,1
20563,154,11,1
20563,155,11,1
20563,156,11,1
20585,3,11,0
20585,17,11,0
20585,31,11,0
20585,45,11,0
20585,74,11,0
20585,88,11,0
20587,16,11,0
20587,33,11,0
20587,49,11,0
20587,99,11,0
20587,117,11,0
20587,133,11,0
20692,9,11,0
20692,39,11,0
20692,54,11,0
20692,69,11,0
20692,83,11,0
20692,113,11,0
20776,17,11,0
20776,18,11,0
20776,19,11,0
20776,20,11,0
20776,57,11,0
20776,58,11,0
20776,59,11,0
20776,60,11,0
20777,25,11,0
20777,26,11,0
20777,58,11,0
20777,59,11,0
20777,60,11,0
20777,61,11,0
20777,62,11,0
20777,63,11,0
15005,11,11,0
15005,33,11,0
15005,44,11,0
15005,56,11,0
15005,80,11,0
15005,88,11,0
15005,99,11,0
15005,110,11,0
15008,1,11,0
15008,38,11,0
15008,54,11,0
15008,71,11,0
15008,88,11,0
15008,106,11,0
15008,156,11,0
15008,174,11,0
15027,40,11,0
15027,55,11,0
15027,100,11,0
15027,116,11,0
15027,130,11,0
15033,8,11,0
15033,33,11,0
15033,58,11,0
15033,71,11,0
15033,96,11,0
15033,105,11,0
15068,12,11,1
15068,52,11,1
15068,67,11,1
15068,79,11,1
15068,94,11,1
15078,2,11,1
15078,29,11,1
15078,38,11,1
15078,57,11,1
15078,75,11,1
15114,57,11,0
15114,58,11,0
15114,59,11,0
15114,60,11,0
15114,125,11,0
15114,126,11,0
15114,127,11,0
15114,128,11,0
15119,21,11,0
15119,49,11,0
15119,57,11,0
15119,65,11,0
15119,73,11,0
15119,81,11,0
15119,88,11,0
15119,94,11,0
15121,41,11,1
15121,42,11,1
15121,44,11,1
15121,114,11,1
15122,58,11,0
15122,59,11,0
15122,60,11,0
15122,61,11,0
15122,131,11,0
15122,132,11,0
15122,133,11,0
15122,134,11,0
15133,13,11,0
15133,14,11,0
15133,15,11,0
15133,16,11,0
15133,99,11,0
15133,100,11,0
15133,101,11,0
15133,102,11,0
15155,9,11,0
15155,10,11,0
15155,11,11,0
15155,12,11,0
15155,133,11,0
15155,134,11,0
15155,135,11,0
15155,136,11,0
15170,57,11,1
15170,58,11,1
15170,60,11,1
15170,130,11,1
15170,131,11,1
15170,132,11,1
15170,139,11,1
15173,30,11,1
15173,32,11,1
15173,122,11,1
15173,123,11,1
15173,127,11,1
15187,2,11,0
15187,14,11,0
15187,28,11,0
15187,36,11,0
15187,49,11,0
15187,60,11,0
15200,5,11,0
15200,19,12,0
15200,19,22,0
15200,46,11,0
15200,60,11,0
15200,73,11,0
15200,87,11,0
15200,114,11,0
15200,128,11,0
15227,16,11,1
15227,44,11,1
15227,65,11,1
15227,81,11,1
15227,113,11,1
15239,24,11,0
15239,49,11,0
15239,61,11,0
15239,72,11,0
15239,96,11,0
15239,108,11,0
15241,6,11,1
15241,19,11,1
15241,31,11,1
15241,57,11,1
15241,69,11,1
15241,82,11,1
15241,104,11,1
15241,117,11,1
15247,5,11,1
15247,18,11,1
15247,41,11,1
15247,53,11,1
15247,65,11,1
15247,77,11,1
15255,2,11,0
15255,15,11,0
15255,39,11,0
15255,52,11,0
15255,65,11,0
15255,79,11,0
15268,69,11,0
15268,70,11,0
15268,71,11,0
15268,72,11,0
15268,147,11,0
15268,148,11,0
15268,150,11,0
15268,151,11,0
15285,1,11,0
15285,28,11,0
15285,58,11,0
15285,72,11,0
15285,85,11,0
15285,99,11,0
15285,112,11,0
15285,126,11,0
15303,40,11,1
15303,55,11,1
15303,89,12,1
15303,89,22,1
15303,102,11,1
15303,131,11,1
15307,1,11,0
15307,52,11,0
15307,71,11,0
15307,114,11,0
15307,135,11,0
15307,172,11,0
15319,49,11,0
15319,50,11,0
15319,51,11,0
15319,52,11,0
15319,112,11,0
15319,114,11,0
15319,115,11,0
15319,116,11,0
15336,17,11,0
15336,19,11,0
15336,20,11,0
15336,89,11,0
15336,99,11,0
15336,102,11,0
15336,103,11,0
15336,106,11,0
15357,29,11,0
15357,42,11,0
15357,50,11,0
15357,57,11,0
15357,64,11,0
15357,72,11,0
15357,78,11,0
15357,85,11,0
15360,13,11,0
15360,15,11,0
15360,16,11,0
15360,57,11,0
15360,58,11,0
15360,59,11,0
15360,61,11,0
15360,63,11,0
15374,10,11,1
15374,18,11,1
15374,33,11,1
15374,49,11,1
15374,80,11,1
15374,87,11,1
15376,37,11,1
15376,38,11,1
15376,92,11,1
15376,93,11,1
15376,94,11,1
15376,95,11,1
15376,96,11,1
15376,97,11,1
15406,30,11,1
15406,56,11,1
15406,81,11,1
15412,4,11,0
15412,19,11,0
15412,31,11,0
15412,46,11,0
15412,72,11,0
15412,87,11,0
15414,20,11,0
15414,39,11,0
15414,58,11,0
15414,77,11,0
15414,96,11,0
15414,115,11,0
15444,9,11,1
15444,26,11,1
15444,60,11,1
15444,77,11,1
15444,111,11,1
15452,13,11,0
15452,14,11,0
15452,15,11,0
15452,16,11,0
15452,102,11,0
15452,103,11,0
15452,104,11,0
15452,105,11,0
15457,82,11,1
15457,83,11,1
15457,207,11,1
15457,208,11,1
15457,209,11,1
15457,210,11,1
15457,211,11,1
15462,11,11,0
15462,23,11,0
15462,45,11,0
15462,56,11,0
15462,67,11,0
15462,78,11,0
15462,98,11,0
15462,107,11,0
15463,21,11,0
15463,23,11,0
15463,24,11,0
15463,67,11,0
15463,73,11,0
15463,74,11,0
15463,75,11,0
15463,76,11,0
15519,17,11,1
15519,60,11,1
15519,75,11,1
15519,90,11,1
15519,104,11,1
15519,132,11,1
15519,147,11,1
15523,77,11,1
15523,78,11,1
15523,79,11,1
15523,80,11,1
15523,217,11,1
15523,218,11,1
15523,219,11,1
15523,220,11,1
15557,9,11,0
15557,45,11,0
15557,92,11,0
15557,107,11,0
15557,123,11,0
15557,139,11,0
15560,1,11,0
15560,23,11,0
15560,37,11,0
15560,55,11,0
15560,73,11,0
15560,109,11,0
15560,142,11,0
15560,161,11,0
15571,7,11,0
15571,21,11,0
15571,35,11,0
15571,65,11,0
15571,84,11,0
15571,94,11,0
15571,122,11,0
15571,132,11,0
15587,11,11,0
15587,24,11,0
15587,38,11,0
15587,51,11,0
15587,93,12,0
15587,93,22,0
15587,116,11,0
15592,4,11,0
15592,20,11,0
15592,52,11,0
15592,68,11,0
15592,84,11,0
15592,100,11,0
15605,2,11,0
15605,25,11,0
15605,38,11,0
15605,70,11,0
15605,82,11,0
15605,92,11,0
15605,101,11,0
15605,111,11,0
15616,10,11,1
15616,77,11,1
15616,97,11,1
15616,106,11,1
15629,10,11,1
15629,61,11,1
15629,78,11,1
15642,3,11,1
15642,15,11,1
15642,25,11,1
15642,59,11,1
15642,80,11,1
15642,91,11,1
15652,22,11,1
15652,41,11,1
15652,58,11,1
15652,76,11,1
15652,127,11,1
15657,31,11,0
15657,51,11,0
15657,74,11,0
15657,116,11,0
15657,155,11,0
15657,174,11,0
15679,7,11,0
15679,22,11,0
15679,35,11,0
15679,50,11,0
15679,79,11,0
15679,93,11,0
15681,4,11,1
15681,46,11,1
15681,60,11,1
15681,75,11,1
15681,104,11,1
15692,6,11,1
15692,29,11,1
15692,42,11,1
15692,52,11,1
15692,75,11,1
15692,101,11,1
15720,9,11,0
15720,28,11,0
15720,44,11,0
15720,57,11,0
15720,72,11,0
15720,120,11,0
15727,20,11,0
15727,25,11,0
15727,33,11,0
15727,41,11,0
15727,48,11,0
15727,54,11,0
15751,7,11,0
15751,15,11,0
15751,28,11,0
15751,35,11,0
15751,43,11,0
15751,56,11,0
15751,70,11,0
15751,77,11,0
15762,21,11,0
15762,22,11,0
15762,23,11,0
15762,53,11,0
15762,54,11,0
15762,55,11,0
15762,56,11,0
15762,58,11,0
15772,13,11,1
15772,14,11,1
15772,34,11,1
15779,8,11,0
15779,21,11,0
15779,63,11,0
15779,76,11,0
15779,82,11,0
15779,92,11,0
15797,7,11,0
15797,39,11,0
15797,70,11,0
15797,103,11,0
15797,118,11,0
15797,134,11,0
15804,3,11,0
15804,29,11,0
15804,63,11,0
15804,80,11,0
15804,109,11,0
15804,123,11,0
15815,23,11,1
15815,42,11,1
15815,58,11,1
15815,75,11,1
15815,92,11,1
15815,142,11,1
15837,6,11,0
15837,17,11,0
15837,64,11,0
15837,77,11,0
15837,87,11,0
15837,99,11,0
15851,2,11,1
15851,16,11,1
15851,30,11,1
15851,44,11,1
15851,71,11,1
15851,85,11,1
15852,5,11,0
15852,55,11,0
15852,70,11,0
15852,85,11,0
15852,117,11,0
15852,135,11,0
15867,5,11,0
15867,7,11,0
15867,119,11,0
15867,120,11,0
15867,121,11,0
15867,122,11,0
15867,123,11,0
15867,124,11,0
15868,53,11,0
15868,55,11,0
15868,157,11,0
15868,158,11,0
15868,159,11,0
15868,160,11,0
15868,162,11,0
15868,163,11,0
15872,8,11,0
15872,43,11,0
15872,63,11,0
15872,97,11,0
15872,112,11,0
15872,128,11,0
15872,179,11,0
15872,197,11,0
15890,81,11,0
15890,178,11,0
15890,181,11,0
15890,183,11,0
15890,184,11,0
15890,185,11,0
15890,186,11,0
15890,189,11,0
15926,4,11,1
15926,38,11,1
15926,45,11,1
15926,68,11,1
15926,75,11,1
15926,82,11,1
15943,6,11,0
15943,7,11,0
15943,8,11,0
15943,53,11,0
15943,54,11,0
15943,55,11,0
15943,57,11,0
15943,58,11,0
15949,4,11,1
15949,71,11,1
15949,72,11,1
15949,76,11,1
15949,78,11,1
15949,79,11,1
15952,5,11,0
15952,26,11,0
15952,48,11,0
15952,59,11,0
15952,81,11,0
15970,4,11,0
15970,19,11,0
15970,47,11,0
15970,62,11,0
15970,77,11,0
15970,92,11,0
15979,17,11,0
15979,53,11,0
15979,73,11,0
15979,92,11,0
15979,112,11,0
15979,131,11,0
15983,9,11,1
15983,52,11,1
15983,93,11,1
15983,136,11,1
15983,157,11,1
15991,22,11,0
15991,36,11,0
15991,50,11,0
15991,65,11,0
15991,80,11,0
15991,95,11,0
16009,37,11,1
16009,47,11,1
16009,58,11,1
16022,31,11,0
16022,65,11,0
16022,81,11,0
16022,97,11,0
16022,113,11,0
16022,130,11,0
16037,25,11,0
16037,26,11,0
16037,27,11,0
16037,28,11,0
16037,109,11,0
16037,110,11,0
16037,111,11,0
16037,113,11,0
16043,97,11,1
16043,98,11,1
16043,99,11,1
16043,100,11,1
16043,236,11,1
16043,239,11,1
16043,240,11,1
16066,57,11,0
16066,58,11,0
16066,59,11,0
16066,60,11,0
16066,140,11,0
16066,141,11,0
16066,142,11,0
16066,143,11,0
16067,9,11,0
16067,10,11,0
16067,11,11,0
16067,12,11,0
16067,45,11,0
16067,46,11,0
16067,57,11,0
16067,58,11,0
16081,17,11,0
16081,18,11,0
16081,19,11,0
16081,20,11,0
16081,137,11,0
16081,139,11,0
16081,140,11,0
16081,141,11,0
16101,25,11,0
16101,26,11,0
16101,27,11,0
16101,28,11,0
16101,170,11,0
16101,171,11,0
16101,173,11,0
16101,176,11,0
16106,101,11,1
16106,102,11,1
16106,103,11,1
16106,104,11,1
16106,290,11,1
16106,291,11,1
16106,292,11,1
16113,153,11,0
16113,154,11,0
16113,155,11,0
16113,156,11,0
16113,362,11,0
16113,363,11,0
16113,364,11,0
16113,366,11,0
16126,2,11,1
16126,11,11,1
16126,19,11,1
16126,27,11,1
16126,45,11,1
16126,60,11,1
16126,76,11,1
16126,88,11,1
16129,13,11,1
16129,15,11,1
16129,16,11,1
16129,129,11,1
16129,130,11,1
16129,131,11,1
16129,132,11,1
16135,65,11,0
16135,66,11,0
16135,67,11,0
16135,68,11,0
16135,224,11,0
16135,229,11,0
16135,230,11,0
16135,231,11,0
16171,14,11,0
16171,31,11,0
16171,80,11,0
16171,97,11,0
16171,118,11,0
16173,44,11,0
16173,63,11,0
16173,82,11,0
16173,103,11,0
16173,140,11,0
16182,2,11,0
16182,22,11,0
16182,66,11,0
16182,104,11,0
16182,123,11,0
16182,159,11,0
16182,172,11,0
16182,196,11,0
16222,12,11,0
16222,63,11,0
16222,79,11,0
16222,89,11,0
16222,111,11,0
16222,158,11,0
16222,169,11,0
16237,18,11,0
16237,62,11,0
16237,85,11,0
16237,130,11,0
16237,174,11,0
16260,2,11,0
16260,24,11,0
16260,45,11,0
16260,66,11,0
16260,84,11,0
16260,129,11,0
16269,4,11,0
16269,20,11,0
16269,37,11,0
16269,53,11,0
16269,70,11,0
16269,103,12,0
16269,103,22,0
16273,21,11,0
16273,41,11,0
16273,81,11,0
16273,101,11,0
16273,121,11,0
16273,140,11,0
16278,3,11,1
16278,15,11,1
16278,40,11,1
16278,53,11,1
16278,65,11,1
16278,103,11,1
16278,115,11,1
16303,30,11,1
16303,70,11,1
16303,130,11,1
16303,151,11,1
16303,170,11,1
16313,12,11,1
16313,84,11,1
16313,181,11,1
16313,204,11,1
16317,13,11,1
16317,26,11,1
16317,51,11,1
16317,75,11,1
16317,87,11,1
16331,37,11,1
16331,50,11,1
16331,62,11,1
16331,75,11,1
16331,87,11,1
16331,100,11,1
16343,7,11,0
16343,20,11,0
16343,32,11,0
16343,69,11,0
16343,91,11,0
16348,17,11,1
16348,45,11,1
16348,101,11,1
16348,115,11,1
16348,129,11,1
16359,15,11,0
16359,32,11,0
16359,66,11,0
16359,83,11,0
16359,99,12,0
16359,99,22,0
16359,116,11,0
16361,108,11,0
16361,138,11,0
16361,169,11,0
16361,200,11,0
16361,231,11,0
16361,261,11,0
16365,28,11,0
16365,61,11,0
16365,76,11,0
16365,92,11,0
16365,142,11,0
16365,160,11,0
16385,11,11,1
16385,60,11,1
16385,78,11,1
16385,94,11,1
16385,111,11,1
16391,6,11,0
16391,20,11,0
16391,36,11,0
16391,49,11,0
16391,78,11,0
16391,119,11,0
16393,17,11,0
16393,34,11,0
16393,58,11,0
16393,73,11,0
16393,99,11,0
16393,106,11,0
16419,11,11,0
16419,29,11,0
16419,82,11,0
16419,117,11,0
16419,135,11,0
16419,154,11,0
16424,4,11,1
16424,16,11,1
16424,29,11,1
16424,65,11,1
16424,77,11,1
16441,30,11,0
16441,31,11,0
16441,32,11,0
16441,129,11,0
16441,131,11,0
16441,132,11,0
16441,133,11,0
16441,135,11,0
16474,27,11,0
16474,28,11,0
16474,101,11,0
16474,103,11,0
16474,104,11,0
16474,105,11,0
16474,106,11,0
16474,107,11,0
16478,25,11,0
16478,26,11,0
16478,27,11,0
16478,28,11,0
16478,143,11,0
16478,144,11,0
16478,146,11,0
16478,148,11,0
16498,73,11,1
16498,75,11,1
16498,76,11,1
16498,155,11,1
16498,158,11,1
16498,160,11,1
16498,161,11,1
16503,37,11,1
16503,38,11,1
16503,39,11,1
16503,40,11,1
16503,159,11,1
16503,160,11,1
16509,7,11,0
16509,8,11,0
16509,69,11,0
16509,70,11,0
16509,71,11,0
16509,72,11,0
16509,73,11,0
16509,74,11,0
16525,28,11,0
16525,46,11,0
16525,99,11,0
16525,117,11,0
16525,133,11,0
16525,150,11,0
16525,167,11,0
16529,13,11,0
16529,26,11,0
16529,52,11,0
16529,65,11,0
16529,79,11,0
16529,92,11,0
16554,10,11,1
16554,28,11,1
16554,58,11,1
16554,104,11,1
16554,120,11,1
16570,9,11,0
16570,27,11,0
16570,37,11,0
16570,46,11,0
16570,54,11,0
16570,70,11,0
16570,86,11,0
16570,96,11,0
16575,69,11,0
16575,70,11,0
16575,71,11,0
16575,72,11,0
16575,237,11,0
16575,238,11,0
16575,241,11,0
16575,242,11,0
16583,125,11,1
16583,126,11,1
16583,127,11,1
16583,128,11,1
16583,430,11,1
16583,434,11,1
16583,435,11,1
16584,137,11,0
16584,138,11,0
16584,139,11,0
16584,494,11,0
16584,495,11,0
16584,496,11,0
16584,497,11,0
16584,498,11,0
16589,57,11,0
16589,58,11,0
16589,59,11,0
16589,60,11,0
16589,177,11,0
16589,178,11,0
16589,179,11,0
16589,180,11,0
16609,173,11,0
16609,176,11,0
16609,409,11,0
16609,410,11,0
16609,411,11,0
16609,412,11,0
16609,414,11,0
16609,415,11,0
16622,8,11,0
16622,17,11,0
16622,24,11,0
16622,30,11,0
16622,37,11,0
16622,47,11,0
16622,59,11,0
16622,65,11,0
16654,29,11,1
16654,30,11,1
16654,31,11,1
16654,32,11,1
16654,125,11,1
16654,126,11,1
16658,34,11,1
16658,51,11,1
16658,57,11,1
16658,64,11,1
16658,75,11,1
16673,40,11,0
16673,60,11,0
16673,79,11,0
16673,98,11,0
16673,115,11,0
16673,135,11,0
16673,171,11,0
16673,207,11,0
16681,9,11,0
16681,17,11,0
16681,48,11,0
16681,59,11,0
16681,80,11,0
16681,91,11,0
16681,101,11,0
16681,113,11,0
16687,10,11,0
16687,30,11,0
16687,41,11,0
16687,51,11,0
16687,61,11,0
16687,73,11,0
16698,3,11,1
16698,15,11,1
16698,38,11,1
16698,50,11,1
16698,72,11,1
16703,3,11,1
16703,19,11,1
16703,50,11,1
16703,84,11,1
16703,115,11,1
16703,161,11,1
16737,11,11,0
16737,24,11,0
16737,49,11,0
16737,61,11,0
16737,96,11,0
16737,104,11,0
16742,14,11,0
16742,28,11,0
16742,55,11,0
16742,69,11,0
16742,82,11,0
16752,9,11,1
16752,18,11,1
16752,26,11,1
16752,63,11,1
16752,72,11,1
16767,41,11,0
16767,42,11,0
16767,43,11,0
16767,175,11,0
16767,182,11,0
16767,184,11,0
16767,185,11,0
16767,187,11,0
16771,9,11,0
16771,11,11,0
16771,72,11,0
16771,74,11,0
16771,75,11,0
16771,76,11,0
16771,78,11,0
16771,79,11,0
16773,46,11,0
16773,47,11,0
16773,48,11,0
16773,127,11,0
16773,129,11,0
16773,130,11,0
16773,140,11,0
16773,141,11,0
16801,9,11,0
16801,10,11,0
16801,81,11,0
16801,85,11,0
16801,87,11,0
16801,88,11,0
16801,89,11,0
16801,90,11,0
16810,2,11,1
16810,20,11,1
16810,30,11,1
16810,48,11,1
16810,57,11,1
16810,66,11,1
16810,75,11,1
16810,94,11,1
16818,1,11,1
16818,2,11,1
16818,3,11,1
16818,4,11,1
16818,133,11,1
16818,134,11,1
16818,135,11,1
16818,136,11,1
16829,1,11,0
16829,2,11,0
16829,3,11,0
16829,4,11,0
16829,143,11,0
16829,144,11,0
16829,145,11,0
16829,146,11,0
16846,3,11,0
16846,23,11,0
16846,31,11,0
16846,42,11,0
16846,62,11,0
16846,70,11,0
16846,78,11,0
16846,89,11,0
16855,7,11,0
16855,54,11,0
16855,74,11,0
16855,96,11,0
16855,116,11,0
16855,138,11,0
16867,8,11,0
16867,26,11,0
16867,45,11,0
16867,62,11,0
16867,93,11,0
16867,126,11,0
16867,140,11,0
16867,156,11,0
16874,5,11,0
16874,20,11,0
16874,54,11,0
16874,89,11,0
16874,107,11,0
16874,138,11,0
16880,6,11,0
16880,60,11,0
16880,78,11,0
16880,98,11,0
16880,116,11,0
16880,133,11,0
16900,17,11,0
16900,38,11,0
16900,47,11,0
16900,67,11,0
16900,77,11,0
16900,87,11,0
16900,96,11,0
16900,106,11,0
16913,7,11,1
16913,22,11,1
16913,36,11,1
16913,51,11,1
16913,66,11,1
16913,81,11,1
16913,95,11,1
16913,139,11,1
16921,6,11,1
16921,18,11,1
16921,41,11,1
16921,53,11,1
16921,64,11,1
16921,76,11,1
16923,6,11,1
16923,19,11,1
16923,32,11,1
16923,58,11,1
16923,84,11,1
16936,13,11,0
16936,31,11,0
16936,84,11,0
16936,103,11,0
16936,121,11,0
16940,30,11,0
16940,54,11,0
16940,109,11,0
16940,125,11,0
16940,141,11,0
16940,157,11,0
16948,20,11,0
16948,45,11,0
16948,62,11,0
16948,82,11,0
16948,100,11,0
16948,138,11,0
16960,9,11,0
16960,23,11,0
16960,39,11,0
16960,53,11,0
16960,84,11,0
16960,99,11,0
16965,17,11,0
16965,29,12,0
16965,29,22,0
16965,40,11,0
16965,53,11,0
16965,66,11,0
16965,91,11,0
16996,8,11,0
16996,22,11,0
16996,50,11,0
16996,65,11,0
16996,79,11,0
16996,94,11,0
17011,7,11,0
17011,16,11,0
17011,48,11,0
17011,61,11,0
17011,70,11,0
17040,39,11,1
17040,71,11,1
17040,86,11,1
17040,115,11,1
17050,2,11,1
17050,18,11,1
17050,49,11,1
17050,65,11,1
17050,80,11,1
17050,96,11,1
17062,12,11,1
17062,27,11,1
17062,41,11,1
17062,55,11,1
17062,99,11,1
17062,113,11,1
17078,17,11,0
17078,18,11,0
17078,20,11,0
17078,174,11,0
17078,182,11,0
17078,183,11,0
17078,185,11,0
17078,186,11,0
17111,10,11,0
17111,27,11,0
17111,45,11,0
17111,63,11,0
17111,82,11,0
17111,99,11,0
17111,115,11,0
17111,146,11,0
17112,10,11,0
17112,22,11,0
17112,34,11,0
17112,45,11,0
17112,57,11,0
17112,105,11,0
17112,117,11,0
17119,11,11,0
17119,27,11,0
17119,59,11,0
17119,90,11,0
17119,106,11,0
17119,121,11,0
17123,11,11,0
17123,30,11,0
17123,87,11,0
17123,105,11,0
17123,124,11,0
17123,143,11,0
17138,8,11,1
17138,25,11,1
17138,58,11,1
17138,75,11,1
17138,91,11,1
17138,109,11,1
17164,8,11,0
17164,50,11,0
17164,68,11,0
17164,88,11,0
17164,107,11,0
17164,126,11,0
17193,13,11,0
17193,22,11,0
17193,31,11,0
17193,40,11,0
17193,60,11,0
17193,68,11,0
17203,25,11,1
17203,84,11,1
17203,160,11,1
17215,4,11,1
17215,20,11,1
17215,52,11,1
17215,68,11,1
17215,85,11,1
17215,101,11,1
17219,12,11,0
17219,25,11,0
17219,50,11,0
17219,63,11,0
17219,76,11,0
17219,88,11,0
17230,17,11,0
17230,35,11,0
17230,53,11,0
17230,72,11,0
17230,108,11,0
17230,145,11,0
17233,3,11,0
17233,54,11,0
17233,80,11,0
17233,104,11,0
17233,127,11,0
17233,152,11,0
17237,26,11,1
17237,44,11,1
17237,59,11,1
17237,112,11,1
17237,129,11,1
17237,146,11,1
17262,14,11,0
17262,20,11,0
17262,27,11,0
17262,42,11,0
17262,56,11,0
17262,63,11,0
17262,68,11,0
17262,77,11,0
17267,13,11,0
17267,14,11,0
17267,15,11,0
17267,87,11,0
17267,88,11,0
17267,89,11,0
17267,90,11,0
17267,91,11,0
17279,25,11,1
17279,26,11,1
17279,28,11,1
17279,88,11,1
17279,89,11,1
17279,90,11,1
17279,91,11,1
17279,92,11,1
17290,53,11,1
17290,54,11,1
17290,55,11,1
17290,56,11,1
17290,146,11,1
17290,147,11,1
17290,148,11,1
17290,150,11,1
17293,29,11,0
17293,30,11,0
17293,31,11,0
17293,32,11,0
17293,92,11,0
17293,94,11,0
17293,95,11,0
17293,96,11,0
17295,13,11,0
17295,14,11,0
17295,15,11,0
17295,16,11,0
17295,125,11,0
17295,126,11,0
17295,127,11,0
17295,128,11,0
17326,13,11,0
17326,26,11,0
17326,51,11,0
17326,62,11,0
17326,75,11,0
17326,118,11,0
17326,131,11,0
17351,13,11,0
17351,48,11,0
17351,64,11,0
17351,80,11,0
17351,108,11,0
17351,134,11,0
17354,6,11,0
17354,24,11,0
17354,39,11,0
17354,55,11,0
17354,90,11,0
17354,105,11,0
17354,120,11,0
17354,149,11,0
17383,19,11,0
17383,34,11,0
17383,75,11,0
17383,101,11,0
17383,115,11,0
17383,135,11,0
17387,1,11,0
17387,15,11,0
17387,71,11,0
17387,85,11,0
17387,99,11,0
17387,112,11,0
17406,12,11,1
17406,24,11,1
17406,36,11,1
17406,60,11,1
17406,84,11,1
17418,41,11,1
17418,50,11,1
17418,59,11,1
17418,75,11,1
17418,93,11,1
17428,35,11,1
17428,72,11,1
17428,128,11,1
17428,164,11,1
17428,183,11,1
17428,200,11,1
17437,5,11,0
17437,23,11,0
17437,60,11,0
17437,78,11,0
17437,96,11,0
17437,114,11,0
17439,11,11,0
17439,26,11,0
17439,59,11,0
17439,73,11,0
17439,85,11,0
17439,97,11,0
17459,9,11,0
17459,28,11,0
17459,46,11,0
17459,64,11,0
17459,84,11,0
17459,121,11,0
17469,2,11,0
17469,10,11,0
17469,19,11,0
17469,27,11,0
17469,35,11,0
17469,52,11,0
17484,30,11,1
17484,78,11,1
17484,93,11,1
17490,13,11,0
17490,42,11,0
17490,57,11,0
17490,100,11,0
17490,115,11,0
17490,129,11,0
17500,3,11,1
17500,38,11,1
17500,49,11,1
17500,62,11,1
17500,72,11,1
17507,6,11,1
17507,20,11,1
17507,34,11,1
17507,47,11,1
17507,74,11,1
17507,102,11,1
17525,22,11,1
17525,35,11,1
17525,49,11,1
17525,76,11,1
17525,89,11,1
17525,118,11,1
17528,37,11,0
17528,38,11,0
17528,39,11,0
17528,93,11,0
17528,94,11,0
17528,95,11,0
17528,96,11,0
17528,97,11,0
17529,25,11,0
17529,26,11,0
17529,28,11,0
17529,139,11,0
17529,145,11,0
17529,150,11,0
17529,151,11,0
17529,153,11,0
17539,17,11,0
17539,18,11,0
17539,20,11,0
17539,82,11,0
17539,83,11,0
17539,84,11,0
17539,85,11,0
17539,88,11,0
17564,18,11,1
17564,19,11,1
17564,21,11,1
17564,55,11,1
17564,56,11,1
17564,57,11,1
17580,34,11,0
17580,51,11,0
17580,83,11,0
17580,99,11,0
17580,114,11,0
17580,127,11,0
17581,11,11,0
17581,27,11,0
17581,44,11,0
17581,59,11,0
17581,76,11,0
17581,92,11,0
17581,110,11,0
17581,138,11,0
17590,12,11,0
17590,30,11,0
17590,47,11,0
17590,65,11,0
17590,83,11,0
17590,118,13,0
17590,118,23,0
17590,118,33,0
17590,134,11,0
17590,152,11,0
17605,13,11,0
17605,21,11,0
17605,37,11,0
17605,50,11,0
17605,52,11,0
17605,57,11,0
17631,4,11,0
17631,17,11,0
17631,30,11,0
17631,43,14,0
17631,43,24,0
17631,43,34,0
17631,43,44,0
17631,56,11,0
17631,69,11,0
17633,8,11,1
17633,41,11,1
17633,85,11,1
17633,107,11,1
17651,2,11,1
17651,18,11,1
17651,33,11,1
17651,49,11,1
17651,80,11,1
17651,95,11,1
17659,16,11,1
17659,53,11,1
17659,72,11,1
17659,91,11,1
17659,128,11,1
17659,145,11,1
17678,4,11,0
17678,15,11,0
17678,41,11,0
17678,53,11,0
17678,64,11,0
17678,75,11,0
17692,2,11,0
17692,15,11,0
17692,41,11,0
17692,55,11,0
17692,69,11,0
17692,83,11,0
17705,7,11,0
17705,19,11,0
17705,41,11,0
17705,53,11,0
17705,67,11,0
17705,79,11,0
17718,9,11,0
17718,22,11,0
17718,47,11,0
17718,59,11,0
17718,72,11,0
17718,83,11,0
17725,4,11,0
17725,23,11,0
17725,60,11,0
17725,79,11,0
17725,98,11,0
17725,117,11,0
17739,63,11,1
17739,110,11,1
17739,132,11,1
17739,155,11,1
17739,177,13,1
17739,177,23,1
17739,177,33,1
17749,14,11,1
17749,36,11,1
17749,100,11,1
17749,122,11,1
17749,144,11,1
17761,5,11,0
17761,6,11,0
17761,7,11,0
17761,8,11,0
17761,133,11,0
17761,134,11,0
17761,135,11,0
17761,136,11,0
17769,5,11,0
17769,6,11,0
17769,7,11,0
17769,8,11,0
17769,65,11,0
17769,66,11,0
17769,67,11,0
17769,68,11,0
17779,5,11,1
17779,6,11,1
17779,7,11,1
17779,157,11,1
17779,161,11,1
17779,162,11,1
17779,163,11,1
17779,164,11,1
17808,30,11,0
17808,65,11,0
17808,82,11,0
17808,98,11,0
17808,115,11,0
17813,13,11,0
17813,30,11,0
17813,46,11,0
17813,81,11,0
17813,98,11,0
17813,115,11,0
17816,16,11,0
17816,53,11,0
17816,89,11,0
17816,125,11,0
17816,141,11,0
17816,156,11,0
17830,11,11,0
17830,23,11,0
17830,33,11,0
17830,47,11,0
17830,56,11,0
17830,65,11,0
17839,11,11,0
17839,32,11,0
17839,75,11,0
17839,96,12,0
17839,96,22,0
17839,179,11,0
17861,13,11,0
17861,35,11,0
17861,80,11,0
17861,103,11,0
17861,125,11,0
17861,147,11,0
17861,190,11,0
17861,212,11,0
17864,8,11,0
17864,33,11,0
17864,55,11,0
17864,97,11,0
17864,118,11,0
17864,168,11,0
17864,181,11,0
17864,202,11,0
17892,24,11,0
17892,41,11,0
17892,85,11,0
17892,102,11,0
17892,140,11,0
17908,7,11,0
17908,28,11,0
17908,39,11,0
17908,50,11,0
17908,59,11,0
17908,72,11,0
17915,17,11,0
17915,34,11,0
17915,65,11,0
17915,80,11,0
17915,97,11,0
17915,115,11,0
17927,4,11,0
17927,9,11,0
17927,14,11,0
17927,18,11,0
17927,33,11,0
17927,34,11,0
17934,14,11,0
17934,29,11,0
17934,32,11,0
17934,53,11,0
17934,73,11,0
17934,88,11,0
17934,102,11,0
17934,146,11,0
17942,12,11,0
17942,33,11,0
17942,51,11,0
17942,112,11,0
17942,166,11,0
17962,14,11,0
17962,75,11,0
17962,117,11,0
17962,145,11,0
17962,158,11,0
17962,176,11,0
17964,15,11,0
17964,30,11,0
17964,64,11,0
17964,73,11,0
17964,88,11,0
17964,103,11,0
17992,9,11,0
17992,63,11,0
17992,81,11,0
17992,100,11,0
17992,118,11,0
18025,26,11,0
18025,36,11,0
18025,45,11,0
18025,55,11,0
18025,81,11,0
18028,14,11,0
18028,40,11,0
18028,53,11,0
18028,67,11,0
18028,78,11,0
18028,105,11,0
18042,19,11,0
18042,44,11,0
18042,64,11,0
18042,132,11,0
18042,155,11,0
18042,176,11,0
18048,1,11,0
18048,47,11,0
18048,92,11,0
18048,115,11,0
18048,139,11,0
18048,162,11,0
18062,6,11,0
18062,14,11,0
18062,29,11,0
18062,37,11,0
18062,54,11,0
18062,61,11,0
18071,19,11,0
18071,26,11,0
18071,42,11,0
18071,49,11,0
18071,51,11,0
18071,63,11,0
18074,18,11,0
18074,56,11,0
18074,77,11,0
18074,102,11,0
18074,123,11,0
18074,164,11,0
18074,185,11,0
18074,227,11,0
18076,3,11,0
18076,36,11,0
18076,46,11,0
18076,67,11,0
18076,82,11,0
18076,122,11,0
18100,19,11,0
18100,34,11,0
18100,49,11,0
18100,79,11,0
18100,94,11,0
18100,109,12,0
18125,29,11,0
18125,59,11,0
18125,75,11,0
18125,91,11,0
18125,96,11,0
18150,18,11,0
18150,32,11,0
18150,58,11,0
18150,70,11,0
18150,82,11,0
18150,97,11,0
18169,16,11,1
18169,32,11,1
18169,65,11,1
18169,81,11,1
18169,98,11,1
18169,114,11,1
18169,147,11,1
18169,163,11,1
18197,9,11,1
18197,20,11,1
18197,32,11,1
18197,62,11,1
18197,97,11,1
18203,42,11,1
18203,185,11,1
18203,209,11,1
18210,14,11,1
18210,31,11,1
18210,39,11,1
18210,47,11,1
18210,55,13,1
18210,55,23,1
18210,55,33,1
18237,6,11,1
18237,20,11,1
18237,34,11,1
18237,76,11,1
18240,13,11,1
18240,29,11,1
18240,61,11,1
18240,76,11,1
18240,92,11,1
18240,107,11,1
18240,138,11,1
18240,153,11,1
18246,22,11,1
18246,37,11,1
18246,52,11,1
18246,67,11,1
18246,82,11,1
18259,33,11,1
18259,60,11,1
18259,74,11,1
18276,10,11,1
18276,47,11,1
18276,135,11,1
18276,149,11,1
18276,167,11,1
18276,183,11,1
18277,20,11,0
18277,39,11,0
18277,82,11,0
18277,103,11,0
18277,123,11,0
18277,144,11,0
18278,8,11,1
18278,22,11,1
18278,64,11,1
18278,79,11,1
18278,103,11,1
18290,4,11,0
18290,24,11,0
18290,45,12,0
18290,45,22,0
18290,86,11,0
18290,106,11,0
18290,147,11,0
18302,13,11,1
18302,25,11,1
18302,77,11,1
18302,107,11,1
18302,122,11,1
18302,135,11,1
18315,30,11,1
18315,38,11,1
18315,102,11,1
18317,19,11,1
18317,89,11,1
18317,117,11,1
18317,131,11,1
18345,16,14,1
18345,16,24,1
18345,16,34,1
18345,16,44,1
18345,34,11,1
18345,80,11,1
18345,101,11,1
18345,118,11,1
18354,42,11,1
18354,59,11,1
18354,75,11,1
18354,125,11,1
18354,139,11,1
18368,8,11,0
18368,19,11,0
18368,30,11,0
18368,51,11,0
18368,61,11,0
18368,72,11,0
18379,28,11,1
18379,51,11,1
18379,72,11,1
18379,117,11,1
18379,140,11,1
18398,6,11,1
18398,47,11,1
18398,88,11,1
18401,18,11,0
18401,44,11,0
18401,92,11,0
18401,141,11,0
18401,166,11,0
18401,213,11,0
18412,7,11,0
18412,24,11,0
18412,41,11,0
18412,56,11,0
18412,73,11,0
18412,123,11,0
18418,3,11,0
18418,14,11,0
18418,25,11,0
18418,35,11,0
18418,73,11,0
18418,88,11,0
18444,38,11,0
18444,84,11,0
18444,107,11,0
18444,130,11,0
18444,153,11,0
18452,8,11,0
18452,30,11,0
18452,71,11,0
18452,92,11,0
18452,114,11,0
18452,135,11,0
18467,14,11,1
18467,36,11,1
18467,68,11,1
18467,85,11,1
18467,103,11,1
18467,120,11,1
18494,13,11,1
18494,29,11,1
18494,46,11,1
18494,77,11,1
18494,109,11,1
18519,1,11,1
18519,4,11,1
18519,13,11,1
18519,15,11,1
18519,16,11,1
18519,17,11,1
18533,5,11,1
18533,6,11,1
18533,7,11,1
18533,189,11,1
18533,190,11,1
18533,193,11,1
18533,194,11,1
18533,205,11,1
18554,10,11,1
18554,17,11,1
18554,22,11,1
18554,28,11,1
18554,43,11,1
18554,48,11,1
18554,53,11,1
18554,59,11,1
18576,17,11,0
18576,100,11,0
18576,121,11,0
18576,142,11,0
18576,180,11,0
18576,201,11,0
18596,5,11,0
18596,20,11,0
18596,51,11,0
18596,68,11,0
18596,83,11,0
18596,99,11,0
18596,130,11,0
18596,145,11,0
18609,11,11,0
18609,27,11,0
18609,41,11,0
18609,58,11,0
18609,74,13,0
18609,74,23,0
18609,74,33,0
18609,90,11,0
18616,18,11,0
18616,38,11,0
18616,79,11,0
18616,100,11,0
18616,120,11,0
18616,141,11,0
18625,15,11,0
18625,33,11,0
18625,52,11,0
18625,105,11,0
18625,141,11,0
18625,157,11,0
18634,29,11,1
18634,44,11,1
18634,60,11,1
18634,91,11,1
18634,154,11,1
18654,14,11,1
18654,31,11,1
18654,63,11,1
18654,80,11,1
18654,97,11,1
18654,114,11,1
18660,22,11,0
18660,41,11,0
18660,58,11,0
18660,78,11,0
18660,97,11,0
18660,116,11,0
18663,29,11,0
18663,39,11,0
18663,50,11,0
18663,62,11,0
18663,75,11,0
18663,86,11,0
18677,26,11,0
18677,40,11,0
18677,53,11,0
18677,66,11,0
18677,80,11,0
18677,106,11,0
18689,4,11,0
18689,25,11,0
18689,45,12,0
18689,45,22,0
18689,66,11,0
18689,107,11,0
18689,126,11,0
18707,9,11,1
18707,23,11,1
18707,54,11,1
18707,70,11,1
18707,85,11,1
18707,101,11,1
18736,37,11,0
18736,38,11,0
18736,39,11,0
18736,40,11,0
18736,163,11,0
18736,164,11,0
18736,171,11,0
18736,172,11,0
18739,18,11,1
18739,19,11,1
18739,20,11,1
18739,69,11,1
18739,70,11,1
18739,71,11,1
18739,72,11,1
18742,117,11,0
18742,118,11,0
18742,119,11,0
18742,120,11,0
18742,298,11,0
18742,300,11,0
18742,301,11,0
18742,302,11,0
18753,9,11,0
18753,23,11,0
18753,51,11,0
18753,65,11,0
18753,95,11,0
18753,110,11,0
18753,123,11,0
18753,153,11,0
18768,37,11,1
18768,39,11,1
18768,40,11,1
18768,237,11,1
18768,238,11,1
18768,241,11,1
18768,242,11,1
18778,1,11,0
18778,2,11,0
18778,3,11,0
18778,4,11,0
18778,141,11,0
18778,142,11,0
18778,143,11,0
18778,149,11,0
18795,11,11,0
18795,26,11,0
18795,46,11,0
18795,59,11,0
18795,87,11,0
18795,105,11,0
18795,133,11,0
18795,148,11,0
18804,27,11,0
18804,45,11,0
18804,64,11,0
18804,83,11,0
18804,102,11,0
18804,121,11,0
18815,2,11,0
18815,25,11,0
18815,72,11,0
18815,95,11,0
18815,117,11,0
18815,137,11,0
18823,18,11,1
18823,40,11,1
18823,61,11,1
18823,105,11,1
18823,126,11,1
18823,169,11,1
18832,2,11,1
18832,14,11,1
18832,51,11,1
18832,74,11,1
18832,84,11,1
18839,4,11,0
18839,35,11,0
18839,51,11,0
18839,69,11,0
18839,82,11,0
18839,97,11,0
18863,3,11,0
18863,13,11,0
18863,22,11,0
18863,33,11,0
18863,62,11,0
18863,71,11,0
18863,83,11,0
18863,91,11,0
18869,2,11,0
18869,3,11,0
18869,4,11,0
18869,109,11,0
18869,110,11,0
18869,111,11,0
18869,112,11,0
18869,113,11,0
18885,10,11,0
18885,27,11,0
18885,40,11,0
18885,57,11,0
18885,74,11,0
18885,107,11,0
18907,36,11,0
18907,71,11,0
18907,89,11,0
18907,106,11,0
18907,124,11,0
18907,141,11,0
18908,29,11,0
18908,44,11,0
18908,74,11,0
18908,90,11,0
18926,19,11,1
18926,51,11,1
18926,116,11,1
18926,132,11,1
18936,7,11,1
18936,26,11,1
18936,64,11,1
18936,83,11,1
18936,119,11,1
18955,54,11,0
18955,73,11,0
18955,112,11,0
18955,131,11,0
18955,149,11,0
18955,168,11,0
18985,5,11,0
18985,23,11,0
18985,52,11,0
18985,70,11,0
18985,86,11,0
18985,103,11,0
18999,8,11,1
18999,41,11,1
18999,73,11,1
18999,90,11,1
19002,15,11,1
19002,36,11,1
19002,101,11,1
19002,147,11,1
19007,28,11,0
19007,45,11,0
19007,62,11,0
19007,131,11,0
19007,146,11,0
19014,50,11,0
19014,52,11,0
19014,131,11,0
19014,132,11,0
19014,133,11,0
19014,135,11,0
19014,136,11,0
19020,10,11,0
19020,21,11,0
19020,32,11,0
19020,44,11,0
19020,55,11,0
19020,68,11,0
19020,100,11,0
19020,110,11,0
19045,10,11,1
19045,11,11,1
19045,149,11,1
19045,151,11,1
19045,152,11,1
19045,153,11,1
19045,155,11,1
19045,156,11,1
19049,8,11,0
19049,20,11,0
19049,42,11,0
19049,49,11,0
19049,58,11,0
19049,67,11,0
19058,1,11,0
19058,31,11,0
19058,39,11,0
19058,49,11,0
19058,71,11,0
19058,77,11,0
19058,83,11,0
19058,99,11,0
19082,11,11,1
19082,30,11,1
19082,49,11,1
19082,68,11,1
19082,126,11,1
19082,161,11,1
19085,1,11,0
19085,20,11,0
19085,39,11,0
19085,55,11,0
19085,73,11,0
19085,128,11,0
19096,4,11,0
19096,20,11,0
19096,37,11,0
19096,68,12,0
19096,68,22,0
19096,84,11,0
19096,115,11,0
19107,50,11,1
19107,69,11,1
19107,107,11,1
19107,126,11,1
19157,1,11,1
19157,12,11,1
19157,33,11,1
19157,45,11,1
19157,56,11,1
19157,87,11,1
19157,98,11,1
19157,117,11,1
19158,102,11,1
19158,103,11,1
19158,104,11,1
19158,225,11,1
19158,226,11,1
19158,228,11,1
19158,229,11,1
19165,61,11,0
19165,62,11,0
19165,64,11,0
19165,284,11,0
19165,285,11,0
19165,286,11,0
19165,287,11,0
19165,288,11,0
19170,13,11,0
19170,14,11,0
19170,15,11,0
19170,16,11,0
19170,53,11,0
19170,69,11,0
19170,70,11,0
19170,71,11,0
19183,7,11,0
19183,28,11,0
19183,39,11,0
19183,50,11,0
19183,62,11,0
19183,73,11,0
19187,6,11,0
19187,22,11,0
19187,33,11,0
19187,69,11,0
19187,84,11,0
19187,130,11,0
19187,146,11,0
19187,160,11,0
19209,12,11,0
19209,31,11,0
19209,69,11,0
19209,88,11,0
19209,106,11,0
19209,125,11,0
19213,13,11,0
19213,26,11,0
19213,40,11,0
19213,55,11,0
19213,84,11,0
19213,99,11,0
19234,6,11,1
19234,60,11,1
19234,87,11,1
19234,100,11,1
19234,114,11,1
19246,2,11,0
19246,22,11,0
19246,57,11,0
19246,75,11,0
19246,94,11,0
19246,112,11,0
19259,29,11,0
19259,65,11,0
19259,84,11,0
19259,104,11,0
19259,122,11,0
19276,2,11,0
19276,22,11,0
19276,42,11,0
19276,62,11,0
19276,102,11,0
19276,120,11,0
19286,8,11,0
19286,28,11,0
19286,67,11,0
19286,89,11,0
19286,106,11,0
19286,128,11,0
19303,23,11,0
19303,36,11,0
19303,49,11,0
19303,63,11,0
19303,77,11,0
19303,91,11,0
19305,11,11,0
19305,25,11,0
19305,37,11,0
19305,51,11,0
19305,65,11,0
19305,93,11,0
19335,2,11,0
19335,39,11,0
19335,56,11,0
19335,75,11,0
19335,93,11,0
19335,112,11,0
19340,11,11,1
19340,38,11,1
19340,52,11,1
19340,65,11,1
19363,10,11,1
19363,26,11,1
19363,59,11,1
19363,75,11,1
19363,92,11,1
19363,110,11,1
19381,14,11,1
19381,35,11,1
19381,54,11,1
19381,75,11,1
19381,96,11,1
19381,116,11,1
19390,141,11,0
19390,142,11,0
19390,295,11,0
19390,296,11,0
19390,297,11,0
19390,298,11,0
19390,299,11,0
19390,300,11,0
19396,58,11,0
19396,59,11,0
19396,60,11,0
19396,184,11,0
19396,185,11,0
19396,186,11,0
19396,187,11,0
19396,193,11,0
19420,89,11,0
19420,90,11,0
19420,91,11,0
19420,92,11,0
19420,196,11,0
19420,197,11,0
19420,198,11,0
19420,204,11,0
19433,41,11,1
19433,42,11,1
19433,43,11,1
19433,202,11,1
19433,206,11,1
19433,207,11,1
19435,97,11,1
19435,98,11,1
19435,99,11,1
19435,100,11,1
19435,248,11,1
19435,249,11,1
19435,250,11,1
19435,251,11,1
19439,20,11,0
19439,42,11,0
19439,63,11,0
19439,80,11,0
19439,141,11,0
19439,161,11,0
19443,16,11,1
19443,24,11,1
19443,47,11,1
19443,103,11,1
19469,15,11,0
19469,70,11,0
19469,89,11,0
19469,125,11,0
19476,1,11,0
19476,36,11,0
19476,54,11,0
19476,99,11,0
19476,122,11,0
19493,10,11,0
19493,53,11,0
19493,96,11,0
19493,162,11,0
19493,182,11,0
19502,9,11,0
19502,25,11,0
19502,43,11,0
19502,58,11,0
19502,75,11,0
19502,108,11,0
19504,9,11,0
19504,18,11,0
19504,45,11,0
19504,64,11,0
19504,73,11,0
19518,3,11,1
19518,62,11,1
19525,1,11,1
19525,14,11,1
19525,27,11,1
19525,41,11,1
19525,80,11,1
19561,81,11,0
19561,83,11,0
19561,177,11,0
19561,178,11,0
19561,179,11,0
19561,183,11,0
19561,198,11,0
19576,13,11,0
19576,14,11,0
19576,17,11,0
19576,19,11,0
19576,184,11,0
19576,185,11,0
19576,186,11,0
19576,188,11,0
19588,24,11,0
19588,25,11,0
19588,26,11,0
19588,27,11,0
19588,56,11,0
19588,60,11,0
19588,68,11,0
19588,69,11,0
19600,10,11,1
19600,27,11,1
19600,62,11,1
19600,92,11,1
19600,108,11,1
19600,169,11,1
19600,190,11,1
19609,41,11,1
19609,42,11,1
19609,43,11,1
19609,239,11,1
19609,240,11,1
19609,241,11,1
19609,246,11,1
19610,89,11,1
19610,90,11,1
19610,91,11,1
19610,92,11,1
19610,223,11,1
19610,227,11,1
19610,232,11,1
19610,233,11,1
19625,12,11,0
19625,23,11,0
19625,32,11,0
19625,56,11,0
19625,79,11,0
19625,88,11,0
19642,17,11,1
19642,35,11,1
19642,72,11,1
19642,89,11,1
19642,108,11,1
19642,126,11,1
19652,16,11,1
19652,38,11,1
19652,81,11,1
19652,102,11,1
19652,123,11,1
19652,145,11,1
19656,9,11,0
19656,33,11,0
19656,79,11,0
19656,100,11,0
19656,122,11,0
19656,144,11,0
19658,1,11,0
19658,12,11,0
19658,33,11,0
19658,44,11,0
19658,56,11,0
19658,87,11,0
19673,34,11,0
19673,49,11,0
19673,64,11,0
19673,77,11,0
19673,89,11,0
19673,103,11,0
19701,13,11,0
19701,15,11,0
19701,16,11,0
19701,42,11,0
19701,45,11,0
19701,46,11,0
19701,49,11,0
19701,51,11,0
19716,86,11,1
19716,87,11,1
19716,88,11,1
19716,193,11,1
19716,195,11,1
19716,196,11,1
19722,32,11,0
19722,52,12,0
19722,52,22,0
19722,87,11,0
19722,107,11,0
19722,122,11,0
19722,144,11,0
19722,162,11,0
19722,196,11,0
19735,5,11,0
19735,14,11,0
19735,24,11,0
19735,41,11,0
19735,52,11,0
19735,59,11,0
19735,79,11,0
19735,88,11,0
19755,3,11,1
19755,17,11,1
19755,45,11,1
19755,73,11,1
19755,87,11,1
19767,17,11,0
19767,36,11,0
19767,56,11,0
19767,75,11,0
19767,115,11,0
19767,151,11,0
19786,6,11,1
19786,35,11,1
19786,83,11,1
19786,93,11,1
19786,107,11,1
19789,7,11,1
19789,31,11,1
19789,42,11,1
19789,54,11,1
19789,66,11,1
19789,78,11,1
19801,6,11,0
19801,20,11,0
19801,47,11,0
19801,61,11,0
19801,75,11,0
19801,89,11,0
19801,114,11,0
19801,130,11,0
19805,153,11,0
19805,154,11,0
19805,155,11,0
19805,156,11,0
19805,397,11,0
19805,398,11,0
19805,399,11,0
19805,400,11,0
19810,6,11,0
19810,8,11,0
19810,65,11,0
19810,66,11,0
19810,67,11,0
19810,69,11,0
19810,70,12,0
19810,70,22,0
19810,71,11,0
19827,28,11,0
19827,47,11,0
19827,65,11,0
19827,86,11,0
19827,141,11,0
19827,160,11,0
19827,195,11,0
19838,12,12,0
19838,31,11,0
19838,52,11,0
19838,65,11,0
19838,83,11,0
19838,102,11,0
19838,155,11,0
19838,168,11,0
19846,5,11,1
19846,95,11,1
19846,149,11,1
19885,26,11,0
19885,60,11,0
19885,79,11,0
19885,99,11,0
19885,118,11,0
19885,137,11,0
19903,48,11,0
19903,58,11,0
19903,76,11,0
19903,86,11,0
19903,118,11,0
19903,126,11,0
19909,11,11,0
19909,23,11,0
19909,49,11,0
19909,62,11,0
19909,75,11,0
19909,83,11,0
19927,25,11,0
19927,37,11,0
19927,47,11,0
19927,69,11,0
19927,85,11,0
19927,102,11,0
19934,12,11,0
19934,32,11,0
19934,72,11,0
19934,92,11,0
19934,114,11,0
19934,132,11,0
19935,21,11,1
19935,53,11,1
19935,84,11,1
19935,100,11,1
19951,15,11,0
19951,34,11,0
19951,71,11,0
19951,90,11,0
19951,108,11,0
19951,127,11,0
19957,10,11,1
19957,43,11,1
19957,76,11,1
19977,28,11,1
19977,42,11,1
19977,93,11,1
19977,109,11,1
19986,10,11,1
19986,29,11,1
19986,76,11,1
19986,90,11,1
19986,127,11,1
20003,59,11,0
20003,76,11,0
20003,90,11,0
20003,113,11,0
20019,97,11,0
20019,98,11,0
20019,99,11,0
20019,211,11,0
20019,213,11,0
20019,214,11,0
20019,215,11,0
20019,216,11,0
20038,4,11,0
20038,12,11,0
20038,21,11,0
20038,30,11,0
20038,67,11,0
20038,75,11,0
20038,84,11,0
20038,93,11,0
20044,15,11,0
20044,35,11,0
20044,49,11,0
20044,69,11,0
20044,88,11,0
20044,125,11,0
20061,11,11,0
20061,29,11,0
20061,45,11,0
20061,117,11,0
20061,131,11,0
20061,144,11,0
20078,14,11,0
20078,30,11,0
20078,63,11,0
20078,79,11,0
20078,95,11,0
20078,111,11,0
20086,15,11,1
20086,33,11,1
20086,67,11,1
20086,85,11,1
20086,102,11,1
20086,120,11,1
20097,28,11,1
20097,46,11,1
20097,82,11,1
20097,100,11,1
20097,153,11,1
20102,13,11,0
20102,35,11,0
20102,52,11,0
20102,92,11,0
20102,131,11,0
20102,148,11,0
20108,4,11,0
20108,26,11,0
20108,66,11,0
20108,87,11,0
20108,108,11,0
20108,129,11,0
20122,34,11,0
20122,53,11,0
20122,73,11,0
20122,92,11,0
20122,130,11,0
20122,151,11,0
20134,12,11,0
20134,34,11,0
20134,55,11,0
20134,77,11,0
20134,99,11,0
20134,121,11,0
20154,3,11,1
20154,26,11,1
20154,48,11,1
20154,71,11,1
20154,82,11,1
20156,1,11,1
20156,17,11,1
20156,26,11,1
20156,34,11,1
20156,42,11,1
20156,50,11,1
20166,21,11,0
20166,22,11,0
20166,23,11,0
20166,24,11,0
20166,81,11,0
20166,82,11,0
20166,83,11,0
20166,84,11,0
20197,7,11,0
20197,25,11,0
20197,57,11,0
20197,74,11,0
20197,108,11,0
20197,123,11,0
20202,33,11,0
20202,55,11,0
20202,98,12,0
20202,98,22,0
20202,137,11,0
20202,173,11,0
20214,21,11,0
20214,37,11,0
20214,53,11,0
20214,69,11,0
20214,85,11,0
20214,101,11,0
20222,7,11,0
20222,52,11,0
20222,67,11,0
20222,82,11,0
20222,97,11,0
20222,112,11,0
20230,14,11,0
20230,29,11,0
20230,59,11,0
20230,74,11,0
20230,89,11,0
20230,104,11,0
20253,1,11,1
20253,14,11,1
20253,53,11,1
20253,66,11,1
20253,79,11,1
20253,92,11,1
20255,6,11,1
20255,23,11,1
20255,39,11,1
20255,56,11,1
20255,89,11,1
20255,106,11,1
20268,10,11,1
20268,28,11,1
20268,61,11,1
20268,77,11,1
20268,94,11,1
20268,110,11,1
20284,29,11,0
20284,46,11,0
20284,65,11,0
20284,83,11,0
20284,100,11,0
20284,151,11,0
20295,6,11,0
20295,14,11,0
20295,33,11,0
20295,49,11,0
20295,58,11,0
20295,65,11,0
20312,5,11,1
20312,19,11,1
20312,33,11,1
20312,76,11,1
20322,1,11,0
20322,2,11,0
20322,3,11,0
20322,4,11,0
20322,40,11,0
20322,46,11,0
20322,59,11,0
20322,61,11,0
20332,30,11,0
20332,31,11,0
20332,32,11,0
20332,91,11,0
20332,92,11,0
20332,93,11,0
20332,95,11,0
20332,96,11,0
20347,9,11,0
20347,11,11,0
20347,12,11,0
20347,140,11,0
20347,141,11,0
20347,142,11,0
20347,143,11,0
20347,144,11,0
20355,1,11,1
20355,2,11,1
20355,4,11,1
20355,121,11,1
20355,122,11,1
20355,123,11,1
20544,16,11,0
20544,56,11,0
20544,76,11,0
20544,96,11,0
20544,156,11,0
20544,175,11,0
20547,11,11,0
20547,22,11,0
20547,56,11,0
20547,67,11,0
20547,78,11,0
20547,87,11,0
20547,119,11,0
20549,10,12,0
20549,10,22,0
20549,35,11,0
20549,79,11,0
20549,109,11,0
20549,134,11,0
20549,158,11,0
20549,203,11,0
20549,233,11,0
20624,27,11,0
20624,34,11,0
20624,41,11,0
20624,49,11,0
20624,56,11,0
20624,63,11,0
20625,3,11,0
20625,17,11,0
20625,43,11,0
20625,57,11,0
20625,70,11,0
20625,84,11,0
20633,6,11,0
20633,7,11,0
20633,8,11,0
20633,34,11,0
20633,37,11,0
20633,38,11,0
20633,39,11,0
20633,40,11,0
20635,1,11,0
20635,2,11,0
20635,3,11,0
20635,4,11,0
20635,65,11,0
20635,66,11,0
20635,67,11,0
20635,68,11,0
20666,69,11,1
20666,70,11,1
20666,72,11,1
20666,73,11,1
20666,74,11,1
20666,75,11,1
20666,76,11,1
20675,26,11,1
20675,61,11,1
20675,115,11,1
20675,132,11,1
20676,12,11,0
20676,28,11,0
20676,60,11,0
20676,76,11,0
20676,93,11,0
20676,108,11,0
20678,4,11,0
20678,20,11,0
20678,53,11,0
20678,69,11,0
20678,84,11,0
20678,101,12,0
20678,101,22,0
20678,133,11,0
20678,148,11,0
20679,21,11,1
20679,22,11,1
20679,23,11,1
20679,24,11,1
20679,89,11,1
20679,90,11,1
20679,91,11,1
20679,92,11,1
20681,11,11,0
20681,27,11,0
20681,41,11,0
20681,56,11,0
20681,71,11,0
20681,129,11,0
20682,15,11,1
20682,72,11,1
20682,91,11,1
20682,110,11,1
20682,129,11,1
20683,3,11,0
20683,55,12,0
20683,55,22,0
20683,72,12,0
20683,72,22,0
20683,90,11,0
20683,107,11,0
20683,124,11,0
20684,11,11,0
20684,30,11,0
20684,67,11,0
20684,86,12,0
20684,86,22,0
20684,104,11,0
20684,123,11,0
20688,21,11,1
20688,37,11,1
20688,52,11,1
20688,68,11,1
20688,83,11,1
20688,115,11,1
20689,11,11,0
20689,29,11,0
20689,63,11,0
20689,81,11,0
20689,98,11,0
20689,116,12,0
20689,116,22,0
20695,1,11,0
20695,21,11,0
20695,38,11,0
20695,47,11,0
20695,56,11,0
20696,6,11,0
20696,19,11,0
20696,38,11,0
20696,44,11,0
20696,50,11,0
20696,57,11,0
20778,9,11,0
20778,10,11,0
20778,11,11,0
20778,12,11,0
20778,53,11,0
20778,54,11,0
20778,55,11,0
20778,56,11,0
20779,45,11,0
20779,46,11,0
20779,47,11,0
20779,48,11,0
20779,104,11,0
20779,105,11,0
20779,106,11,0
20779,107,11,0
20804,42,11,0
20804,43,11,0
20804,102,11,0
20804,104,11,0
20804,105,11,0
20804,106,11,0
20804,108,11,0
15001,8,11,0
15001,29,11,0
15001,69,11,0
15001,89,11,0
15001,113,11,0
15001,130,11,0
15007,26,11,0
15007,57,11,0
15007,70,11,0
15007,95,11,0
15007,107,11,0
15025,37,11,0
15025,56,11,0
15025,66,11,0
15025,113,11,0
15025,148,11,0
15025,164,11,0
15037,3,11,0
15037,11,11,0
15037,30,11,0
15037,39,11,0
15037,48,11,0
15037,59,11,0
15046,40,11,0
15046,94,11,0
15046,130,11,0
15046,146,11,0
15064,3,11,1
15064,16,11,1
15064,46,11,1
15064,74,11,1
15064,89,11,1
15079,13,11,0
15079,14,11,0
15079,15,11,0
15079,16,11,0
15079,77,11,0
15079,78,11,0
15079,80,11,0
15079,90,11,0
15090,29,11,1
15090,31,11,1
15090,32,11,1
15090,77,11,1
15090,82,11,1
15090,84,11,1
15090,85,11,1
15100,2,11,1
15100,3,11,1
15100,21,11,1
15100,22,11,1
15100,23,11,1
15100,24,11,1
15151,9,11,0
15151,10,11,0
15151,11,11,0
15151,41,11,0
15151,42,11,0
15151,43,11,0
15151,44,11,0
15151,45,11,0
15153,65,11,0
15153,66,11,0
15153,67,11,0
15153,68,11,0
15153,171,11,0
15153,172,11,0
15153,173,11,0
15153,174,11,0
15157,42,11,1
15157,43,11,1
15157,44,11,1
15157,92,11,1
15157,95,11,1
15157,96,11,1
15165,7,11,1
15165,16,11,1
15165,20,11,1
15165,37,11,1
15178,14,11,0
15178,30,11,0
15178,61,11,0
15178,76,11,0
15178,92,11,0
15178,107,11,0
15178,137,11,0
15178,153,11,0
15188,1,11,0
15188,23,11,0
15188,44,11,0
15188,84,11,0
15188,103,11,0
15188,121,11,0
15206,2,11,0
15206,41,11,0
15206,59,11,0
15206,78,11,0
15206,117,11,0
15222,8,11,0
15222,25,11,0
15222,42,11,0
15222,75,11,0
15222,92,11,0
15222,109,11,0
15235,12,11,1
15235,25,11,1
15235,50,11,1
15235,65,11,1
15235,75,11,1
15235,88,11,1
15235,111,11,1
15235,124,11,1
15264,4,11,1
15264,21,11,1
15264,37,11,1
15264,86,11,1
15264,102,11,1
15264,119,11,1
15266,9,11,0
15266,28,11,0
15266,45,11,0
15266,62,11,0
15266,103,11,0
15266,123,11,0
15276,25,11,0
15276,26,11,0
15276,27,11,0
15276,28,11,0
15276,87,11,0
15276,88,12,0
15276,88,22,0
15276,90,11,0
15276,91,11,0
15282,28,11,0
15282,45,11,0
15282,61,11,0
15282,76,11,0
15282,104,11,0
15282,134,11,0
15282,148,11,0
15297,5,11,1
15297,18,11,1
15297,44,11,1
15297,71,11,1
15297,84,11,1
15308,17,11,0
15308,33,11,0
15308,51,11,0
15308,64,11,0
15308,76,11,0
15308,90,11,0
15325,33,11,0
15325,34,11,0
15325,35,11,0
15325,36,11,0
15325,189,11,0
15325,190,11,0
15325,191,11,0
15325,193,11,0
15335,1,11,0
15335,44,11,0
15335,55,11,0
15335,81,11,0
15335,103,11,0
15335,112,11,0
15335,123,11,0
15335,138,11,0
15345,17,11,0
15345,18,11,0
15345,19,11,0
15345,22,11,0
15345,56,11,0
15345,57,11,0
15345,58,11,0
15345,59,11,0
15354,11,11,0
15354,119,11,0
15354,121,11,0
15354,123,11,0
15354,124,11,0
15354,125,11,0
15354,126,11,0
15354,128,11,0
15362,6,11,1
15362,20,11,1
15362,26,11,1
15362,40,11,1
15362,55,11,1
15362,81,11,1
15375,141,11,1
15375,142,11,1
15375,143,11,1
15375,144,11,1
15375,350,11,1
15375,351,11,1
15375,355,11,1
15407,1,11,0
15407,23,11,0
15407,45,11,0
15407,92,11,0
15407,136,11,0
15407,158,11,0
15409,12,11,1
15409,37,11,1
15409,85,11,1
15409,134,11,1
15409,159,11,1
15415,5,11,0
15415,35,11,0
15415,64,11,0
15415,79,11,0
15415,93,11,0
15415,105,11,0
15421,2,11,0
15421,20,11,0
15421,56,11,0
15421,74,11,0
15421,91,11,0
15421,109,11,0
15430,12,11,1
15430,25,11,1
15430,50,11,1
15430,63,11,1
15430,75,11,1
15430,88,11,1
15455,17,11,0
15455,24,11,0
15455,41,11,0
15455,62,11,0
15455,68,11,0
15455,76,11,0
15455,86,11,0
15455,91,11,0
15459,49,11,1
15459,51,11,1
15459,52,11,1
15459,113,11,1
15459,114,11,1
15459,115,11,1
15471,1,11,0
15471,2,11,0
15471,3,11,0
15471,4,11,0
15471,169,11,0
15471,170,11,0
15471,171,11,0
15471,172,11,0
15485,45,11,0
15485,46,11,0
15485,47,11,0
15485,48,11,0
15485,109,11,0
15485,110,11,0
15485,111,11,0
15485,112,11,0
15503,14,11,1
15503,15,11,1
15503,165,11,1
15516,28,11,0
15516,29,11,0
15516,30,11,0
15516,31,11,0
15516,79,11,0
15516,80,11,0
15516,81,11,0
15516,82,11,0
15533,17,11,0
15533,35,11,0
15533,87,11,0
15533,102,11,0
15533,122,11,0
15533,140,11,0
15537,6,11,0
15537,19,11,0
15537,31,11,0
15537,40,11,0
15537,69,11,0
15537,88,11,0
15537,97,11,0
15537,107,11,0
15549,13,11,0
15549,31,11,0
15549,59,11,0
15549,75,11,0
15549,88,11,0
15549,104,11,0
15561,12,11,0
15561,33,11,0
15561,72,11,0
15561,93,11,0
15561,114,11,0
15561,135,11,0
15570,17,11,0
15570,52,11,0
15570,90,11,0
15570,109,11,0
15570,128,11,0
15570,145,11,0
15570,183,11,0
15570,200,11,0
15575,11,11,0
15575,50,11,0
15575,70,11,0
15575,90,11,0
15575,111,11,0
15575,131,11,0
15580,10,11,0
15580,23,11,0
15580,72,11,0
15580,84,11,0
15580,95,11,0
15580,107,11,0
15585,10,11,1
15585,25,11,1
15585,71,11,1
15585,100,11,1
15604,20,11,0
15604,40,11,0
15604,82,11,0
15604,101,11,0
15604,139,11,0
15604,177,11,0
15604,195,11,0
15608,51,11,1
15608,85,11,1
15608,120,11,1
15608,151,11,1
15660,1,11,0
15660,14,11,0
15660,25,11,0
15660,32,11,0
15660,40,11,0
15660,68,11,0
15671,3,11,0
15671,30,11,0
15671,43,11,0
15671,71,11,0
15671,98,11,0
15671,113,11,0
15687,4,11,0
15687,46,11,0
15687,65,11,0
15687,84,11,0
15687,103,11,0
15687,123,11,0
15705,2,11,1
15705,15,11,1
15705,54,11,1
15705,68,11,1
15711,11,11,0
15711,24,11,0
15711,47,11,0
15711,59,11,0
15711,71,11,0
15711,95,11,0
15731,15,11,1
15731,31,11,1
15731,52,11,1
15731,72,11,1
15731,92,11,1
15731,132,11,1
15740,131,11,1
15740,218,11,1
15740,219,11,1
15740,220,11,1
15740,222,11,1
15740,223,11,1
15740,224,11,1
15742,14,11,0
15742,15,11,0
15742,16,11,0
15742,51,11,0
15742,52,11,0
15742,54,11,0
15742,56,11,0
15777,6,11,1
15777,9,11,1
15777,17,11,1
15777,28,11,1
15777,32,11,1
15777,47,11,1
15777,75,11,1
15795,8,11,0
15795,21,11,0
15795,31,11,0
15795,59,11,0
15795,72,11,0
15795,84,11,0
15805,11,11,0
15805,21,11,0
15805,30,11,0
15805,52,11,0
15805,62,11,0
15812,23,11,1
15812,34,11,1
15812,68,11,1
15812,91,11,1
15817,3,11,1
15817,24,11,1
15817,43,11,1
15817,62,11,1
15817,82,11,1
15817,101,11,1
15827,18,11,0
15827,36,11,0
15827,52,11,0
15827,70,11,0
15827,88,11,0
15827,104,11,0
15830,20,11,0
15830,38,11,0
15830,59,11,0
15830,97,11,0
15830,133,11,0
15830,169,11,0
15848,6,11,0
15848,45,11,0
15848,88,11,0
15848,104,11,0
15848,116,11,0
15854,25,11,1
15854,38,11,1
15854,52,11,1
15854,79,11,1
15854,91,11,1
15893,24,11,0
15893,33,11,0
15893,42,11,0
15893,61,11,0
15893,70,11,0
15893,78,11,0
15893,87,11,0
15893,97,11,0
15914,61,11,0
15914,63,11,0
15914,64,11,0
15914,192,11,0
15914,193,11,0
15914,194,11,0
15914,195,11,0
15914,197,11,0
15916,37,11,0
15916,39,11,0
15916,40,11,0
15916,116,11,0
15916,118,11,0
15916,119,11,0
15916,122,11,0
15916,123,11,0
15928,93,11,1
15928,94,11,1
15928,241,11,1
15928,254,11,1
15934,3,11,1
15934,4,11,1
15934,54,11,1
15934,58,11,1
15934,60,11,1
15934,61,11,1
15945,26,11,0
15945,27,11,0
15945,28,11,0
15945,102,11,0
15945,105,11,0
15945,110,11,0
15945,113,11,0
15945,116,11,0
15957,58,11,0
15957,105,11,0
15957,130,11,0
15957,153,11,0
15957,177,11,0
15957,199,11,0
15958,5,11,0
15958,23,11,0
15958,72,11,0
15958,89,11,0
15958,106,11,0
15976,12,11,1
15976,30,11,1
15976,48,11,1
15976,58,11,1
15976,76,11,1
16000,18,11,0
16000,39,11,0
16000,82,11,0
16000,103,11,0
16000,124,11,0
16000,145,11,0
16005,13,11,1
16005,27,11,1
16005,98,11,1
16005,126,11,1
16020,48,11,0
16020,80,11,0
16020,99,11,0
16020,117,11,0
16020,132,11,0
16020,147,11,0
16051,49,11,0
16051,50,11,0
16051,51,11,0
16051,52,11,0
16051,112,11,0
16051,113,11,0
16051,114,11,0
16051,115,11,0
16057,37,11,0
16057,38,11,0
16057,39,11,0
16057,40,11,0
16057,145,11,0
16057,146,11,0
16057,147,11,0
16057,148,11,0
16061,33,11,0
16061,34,11,0
16061,35,11,0
16061,36,11,0
16061,92,11,0
16061,93,11,0
16061,94,11,0
16061,95,11,0
16062,61,11,0
16062,62,11,0
16062,63,11,0
16062,64,11,0
16062,157,11,0
16062,158,11,0
16062,159,11,0
16062,160,11,0
16083,26,11,1
16083,40,11,1
16083,49,11,1
16083,55,11,1
16083,63,11,1
16083,69,11,1
16100,29,11,0
16100,30,11,0
16100,31,11,0
16100,32,11,0
16100,266,11,0
16100,267,11,0
16100,268,11,0
16100,269,11,0
16104,1,11,0
16104,2,11,0
16104,35,11,0
16104,41,11,0
16104,42,11,0
16104,46,11,0
16104,47,11,0
16104,48,11,0
16111,57,11,1
16111,60,11,1
16111,121,11,1
16111,122,11,1
16111,123,11,1
16111,124,11,1
16130,29,11,1
16130,30,11,1
16130,32,11,1
16130,78,11,1
16130,80,11,1
16130,81,11,1
16130,82,11,1
16130,84,11,1
16145,33,11,0
16145,34,11,0
16145,35,11,0
16145,36,11,0
16145,103,11,0
16145,104,11,0
16145,106,11,0
16145,107,11,0
16156,53,11,1
16156,54,11,1
16156,55,11,1
16156,56,11,1
16156,325,11,1
16156,326,11,1
16156,327,11,1
16156,328,11,1
16170,5,11,0
16170,12,11,0
16170,24,11,0
16170,40,11,0
16170,60,11,0
16170,90,11,0
16191,1,11,0
16191,48,11,0
16191,64,11,0
16191,81,11,0
16191,97,11,0
16195,17,11,0
16195,71,11,0
16195,88,11,0
16195,104,11,0
16195,120,11,0
16195,154,11,0
16195,171,11,0
16204,3,11,0
16204,21,11,0
16204,52,11,0
16204,70,11,0
16204,87,11,0
16204,103,11,0
16208,4,11,0
16208,96,11,0
16208,277,11,0
16208,368,11,0
16208,460,11,0
16208,551,11,0
16208,731,11,0
16208,823,11,0
16229,5,11,0
16229,22,11,0
16229,40,11,0
16229,57,11,0
16229,93,11,0
16229,114,11,0
16244,1,12,0
16244,1,22,0
16244,20,11,0
16244,40,11,0
16244,58,11,0
16244,97,11,0
16244,116,11,0
16257,10,11,0
16257,34,11,0
16257,83,12,0
16257,83,22,0
16257,111,11,0
16257,132,11,0
16257,156,11,0
16265,46,11,0
16265,64,11,0
16265,99,11,0
16265,117,11,0
16265,133,11,0
16265,151,11,0
16265,169,11,0
16285,33,11,1
16285,58,11,1
16285,82,11,1
16285,106,11,1
16285,155,11,1
16289,20,11,1
16289,49,11,1
16289,64,11,1
16289,78,11,1
16289,93,11,1
16297,4,11,1
16297,49,11,1
16297,64,11,1
16297,95,11,1
16311,12,11,1
16311,29,11,1
16311,64,11,1
16311,82,11,1
16311,99,11,1
16321,13,11,1
16321,48,11,1
16321,67,11,1
16321,80,11,1
16321,125,11,1
16339,11,11,0
16339,24,11,0
16339,47,11,0
16339,72,11,0
16339,96,11,0
16342,8,11,0
16342,58,11,0
16342,74,11,0
16342,85,11,0
16342,97,11,0
16342,110,11,0
16356,27,11,0
16356,42,11,0
16356,56,11,0
16356,71,11,0
16356,102,11,0
16377,42,11,1
16377,54,11,1
16377,65,11,1
16377,107,11,1
16377,120,11,1
16392,10,11,0
16392,28,11,0
16392,56,11,0
16392,68,11,0
16392,82,11,0
16392,94,11,0
16399,18,11,0
16399,37,11,0
16399,69,11,0
16399,82,11,0
16399,98,11,0
16399,111,11,0
16408,16,11,0
16408,34,11,0
16408,53,11,0
16408,70,11,0
16408,87,11,0
16423,7,11,1
16423,17,11,1
16423,25,11,1
16423,35,11,1
16451,9,11,0
16451,10,11,0
16451,11,11,0
16451,12,11,0
16451,131,11,0
16451,134,11,0
16451,135,11,0
16451,136,11,0
16461,26,11,0
16461,56,11,0
16461,83,11,0
16461,96,11,0
16461,109,11,0
16461,122,11,0
16461,138,11,0
16461,151,11,0
16488,6,11,1
16488,7,11,1
16488,8,11,1
16488,58,11,1
16488,59,11,1
16488,61,11,1
16488,62,11,1
16495,18,11,1
16495,19,11,1
16495,20,11,1
16495,120,11,1
16495,121,11,1
16495,122,11,1
16495,123,11,1
16495,124,11,1
16497,69,11,0
16497,70,11,0
16497,71,11,0
16497,72,11,0
16497,183,11,0
16497,184,11,0
16497,186,11,0
16497,187,11,0
16507,5,11,0
16507,6,11,0
16507,8,11,0
16507,91,11,0
16507,92,11,0
16507,93,11,0
16507,101,11,0
16507,103,11,0
16519,17,11,0
16519,18,11,0
16519,19,11,0
16519,20,11,0
16519,53,11,0
16519,54,11,0
16519,55,11,0
16519,56,11,0
16522,2,11,0
16522,14,11,0
16522,26,11,0
16522,38,11,0
16522,74,11,0
16522,86,11,0
16536,4,11,1
16536,16,11,1
16536,74,11,1
16536,85,11,1
16536,97,11,1
16536,109,11,1
16536,120,11,1
16543,13,11,0
16543,30,11,0
16543,47,11,0
16543,64,11,0
16543,98,11,0
16543,115,11,0
16563,33,11,1
16563,34,11,1
16563,35,11,1
16563,36,11,1
16563,102,11,1
16563,103,11,1
16563,105,11,1
16563,106,11,1
16577,22,11,0
16577,23,11,0
16577,24,11,0
16577,39,11,0
16577,57,11,0
16577,58,11,0
16577,60,11,0
16577,61,11,0
16578,5,11,0
16578,12,11,0
16578,23,11,0
16578,28,11,0
16578,42,11,0
16578,62,11,0
16578,72,11,0
16578,80,11,0
16613,7,11,0
16613,20,11,0
16613,30,11,0
16613,41,11,0
16613,51,11,0
16613,62,11,0
16613,94,11,0
16613,105,11,0
16621,5,11,0
16621,6,11,0
16621,7,11,0
16621,8,11,0
16621,44,11,0
16621,45,11,0
16621,46,11,0
16621,47,11,0
16628,4,11,0
16628,6,11,0
16628,7,11,0
16628,66,11,0
16628,73,11,0
16628,74,11,0
16628,75,11,0
16628,77,11,0
16634,98,11,1
16634,99,11,1
16634,100,11,1
16634,245,11,1
16634,246,11,1
16634,247,11,1
16634,248,11,1
16665,37,11,0
16665,38,11,0
16665,39,11,0
16665,40,11,0
16665,131,11,0
16665,132,11,0
16665,133,11,0
16665,134,11,0
16667,12,11,0
16667,54,11,0
16667,77,11,0
16667,100,11,0
16667,121,11,0
16667,142,11,0
16680,17,11,0
16680,40,11,0
16680,62,11,0
16680,85,11,0
16680,134,11,0
16680,157,11,0
16693,1,11,0
16693,35,11,0
16693,64,11,0
16693,79,11,0
16693,93,11,0
16693,107,11,0
16701,6,11,1
16701,26,11,1
16701,46,11,1
16701,65,11,1
16701,106,11,1
16717,29,11,0
16717,40,11,0
16717,52,11,0
16717,73,11,0
16717,85,11,0
16717,96,11,0
16721,14,11,0
16721,27,11,0
16721,67,11,0
16721,80,11,0
16721,93,11,0
16723,4,11,1
16723,17,11,1
16723,42,11,1
16723,79,11,1
16758,43,11,0
16758,44,11,0
16758,86,11,0
16758,87,11,0
16758,89,11,0
16758,90,11,0
16758,91,11,0
16758,93,11,0
16780,25,11,0
16780,26,11,0
16780,27,11,0
16780,28,11,0
16780,96,11,0
16780,97,11,0
16780,98,11,0
16780,100,11,0
16799,33,11,0
16799,93,11,0
16799,94,11,0
16799,96,11,0
16799,97,11,0
16799,98,11,0
16799,100,11,0
16799,102,11,0
16809,33,11,1
16809,34,11,1
16809,35,11,1
16809,36,11,1
16809,37,11,1
16813,73,11,1
16813,76,11,1
16813,251,11,1
16813,253,11,1
16813,256,11,1
16823,10,11,1
16823,118,11,1
16823,120,11,1
16823,121,11,1
16823,122,11,1
16823,123,11,1
16823,124,11,1
16833,25,11,0
16833,28,11,0
16833,103,11,0
16833,104,11,0
16833,105,11,0
16833,106,11,0
16833,107,11,0
16833,108,11,0
16838,50,11,0
16838,51,11,0
16838,181,11,0
16838,182,11,0
16838,185,11,0
16838,186,11,0
16838,187,11,0
16838,188,11,0
16851,14,11,0
16851,37,11,0
16851,84,11,0
16851,107,11,0
16851,129,11,0
16851,151,11,0
16879,7,11,0
16879,25,11,0
16879,42,11,0
16879,59,11,0
16879,78,11,0
16879,115,11,0
16883,2,11,0
16883,15,11,0
16883,40,11,0
16883,66,11,0
16883,78,11,0
16883,103,11,0
16883,116,11,0
16896,8,11,0
16896,29,11,0
16896,67,11,0
16896,86,11,0
16896,104,11,0
16896,123,11,0
16909,6,11,1
16909,23,11,1
16909,39,11,1
16909,56,11,1
16909,73,11,1
16909,89,11,1
16925,3,11,1
16925,27,11,1
16925,38,11,1
16925,48,11,1
16925,54,11,1
16925,60,11,1
16928,4,11,1
16928,20,11,1
16928,68,11,1
16928,84,11,1
16928,100,11,1
16928,148,11,1
16937,3,11,0
16937,40,11,0
16937,73,11,0
16937,90,11,0
16937,106,11,0
16937,121,11,0
16952,1,11,1
16952,29,11,1
16952,42,11,1
16952,56,11,1
16952,69,11,1
16955,7,11,0
16955,25,11,0
16955,43,11,0
16955,78,11,0
16955,97,11,0
16955,131,11,0
16970,13,11,0
16970,28,11,0
16970,42,11,0
16970,74,11,0
16970,91,11,0
16970,108,11,0
16986,10,11,0
16986,38,11,0
16986,51,11,0
16986,79,11,0
16986,93,11,0
16986,105,11,0
16992,3,11,0
16992,21,11,0
16992,58,11,0
16992,76,11,0
16992,94,11,0
16992,112,11,0
17009,35,11,0
17009,53,11,0
17009,72,11,0
17009,90,11,0
17009,109,11,0
17009,162,11,0
17042,29,11,1
17042,78,11,1
17042,129,11,1
17042,145,11,1
17045,13,11,1
17045,27,11,1
17045,56,11,1
17045,70,11,1
17045,84,11,1
17045,98,11,1
17065,19,11,0
17065,27,11,0
17065,38,11,0
17065,51,11,0
17065,62,11,0
17065,72,11,0
17076,5,11,0
17076,6,11,0
17076,7,11,0
17076,8,11,0
17076,72,11,0
17076,73,11,0
17076,74,11,0
17076,76,11,0
17091,13,11,1
17091,14,11,1
17091,15,11,1
17091,19,11,1
17091,29,11,1
17091,31,11,1
17094,5,11,0
17094,13,11,0
17094,34,11,0
17094,42,11,0
17094,50,11,0
17094,55,11,0
17094,64,11,0
17094,70,11,0
17098,3,11,0
17098,36,11,0
17098,54,11,0
17098,71,11,0
17098,88,11,0
17098,102,11,0
17098,118,11,0
17098,132,11,0
17125,14,11,0
17125,30,11,0
17125,61,11,0
17125,75,11,0
17125,91,11,0
17125,106,11,0
17130,5,11,0
17130,21,11,0
17130,52,11,0
17130,67,11,0
17130,83,11,0
17130,99,11,0
17139,6,11,0
17139,23,11,0
17139,39,11,0
17139,55,11,0
17139,89,11,0
17139,106,11,0
17139,138,11,0
17139,154,11,0
17150,29,11,1
17150,118,11,1
17150,177,11,1
17150,207,11,1
17150,237,11,1
17150,264,11,1
17168,8,11,0
17168,29,11,0
17168,42,11,0
17168,62,11,0
17168,73,11,0
17168,81,11,0
17176,2,11,0
17176,19,11,0
17176,45,11,0
17176,61,11,0
17176,77,11,0
17176,90,11,0
17179,20,11,0
17179,86,11,0
17179,109,11,0
17179,132,11,0
17179,154,11,0
17179,173,11,0
17183,9,11,0
17183,47,11,0
17183,64,11,0
17183,102,11,0
17183,138,11,0
17183,156,11,0
17192,12,11,0
17192,27,11,0
17192,42,11,0
17192,71,11,0
17192,86,11,0
17192,115,11,0
17202,8,11,1
17202,20,11,1
17202,32,11,1
17202,43,11,1
17202,67,11,1
17210,13,11,1
17210,40,11,1
17210,53,11,1
17210,69,11,1
17210,84,11,1
17210,98,11,1
17259,2,11,0
17259,66,11,0
17259,80,11,0
17259,91,11,0
17259,105,11,0
17259,116,11,0
17259,129,11,0
17259,140,11,0
17264,1,11,0
17264,2,11,0
17264,4,11,0
17264,67,11,0
17264,68,11,0
17264,69,11,0
17264,70,11,0
17264,72,11,0
17278,77,11,1
17278,78,11,1
17278,79,11,1
17278,80,11,1
17278,387,11,1
17278,388,11,1
17278,389,11,1
17280,8,11,1
17280,28,11,1
17280,38,11,1
17280,48,11,1
17280,58,11,1
17280,69,11,1
17280,78,11,1
17280,98,11,1
17281,17,11,1
17281,18,11,1
17281,19,11,1
17281,82,11,1
17281,84,11,1
17281,85,11,1
17313,121,11,0
17313,122,11,0
17313,123,11,0
17313,124,11,0
17313,255,11,0
17313,256,11,0
17313,257,11,0
17313,258,11,0
17334,10,11,0
17334,44,11,0
17334,56,11,0
17334,66,11,0
17334,89,11,0
17334,98,11,0
17340,13,11,0
17340,38,11,0
17340,61,11,0
17340,82,11,0
17340,107,11,0
17340,158,11,0
17344,2,11,0
17344,11,11,0
17344,21,11,0
17344,33,11,0
17344,104,11,0
17382,12,11,0
17382,74,11,0
17382,95,11,0
17382,117,11,0
17382,141,11,0
17382,159,11,0
17392,31,11,0
17392,62,11,0
17392,124,11,0
17392,184,11,0
17392,213,11,0
17392,273,11,0
17392,302,11,0
17399,57,11,1
17399,69,11,1
17399,81,11,1
17399,105,11,1
17424,38,11,1
17424,52,11,1
17424,91,11,1
17424,113,11,1
17431,5,11,1
17431,23,11,1
17431,58,11,1
17431,76,11,1
17431,93,11,1
17431,111,11,1
17453,2,11,0
17453,58,11,0
17453,77,11,0
17453,114,11,0
17453,132,11,0
17453,148,11,0
17463,19,11,0
17463,31,11,0
17463,82,11,0
17463,93,11,0
17463,102,11,0
17476,1,11,0
17476,5,11,0
17476,18,11,0
17476,27,11,0
17476,44,11,0
17476,63,11,0
17483,1,11,1
17483,19,11,1
17483,54,11,1
17483,89,11,1
17483,107,11,1
17489,4,11,1
17489,20,11,1
17489,35,11,1
17489,77,11,1
17489,91,11,1
17508,11,11,0
17508,23,11,0
17508,45,11,0
17508,70,11,0
17508,81,11,0
17508,100,11,0
17519,11,11,0
17519,24,11,0
17519,38,11,0
17519,63,11,0
17519,74,11,0
17519,86,11,0
17524,2,11,1
17524,123,11,1
17524,142,11,1
17532,49,11,0
17532,50,11,0
17532,51,11,0
17532,52,11,0
17532,137,11,0
17532,138,11,0
17532,139,11,0
17532,140,11,0
17537,9,11,0
17537,10,11,0
17537,11,11,0
17537,159,11,0
17537,160,11,0
17537,161,11,0
17537,162,11,0
17537,163,11,0
17540,32,11,0
17540,51,11,0
17540,66,11,0
17540,96,11,0
17540,110,11,0
17540,126,11,0
17540,141,11,0
17540,157,11,0
17567,141,11,1
17567,142,11,1
17567,143,11,1
17567,293,11,1
17567,296,11,1
17567,298,11,1
17567,299,11,1
17567,300,11,1
17586,2,11,0
17586,15,11,0
17586,27,11,0
17586,38,11,0
17586,63,11,0
17586,76,11,0
17588,9,11,0
17588,116,11,0
17588,151,11,0
17588,168,11,0
17598,7,11,0
17598,28,11,0
17598,43,11,0
17598,60,12,0
17598,60,22,0
17598,92,11,0
17598,125,11,0
17598,140,11,0
17598,170,11,0
17604,2,11,0
17604,38,11,0
17604,56,11,0
17604,75,11,0
17604,93,11,0
17604,112,11,0
17604,161,11,0
17624,32,11,0
17624,52,11,0
17624,72,11,0
17624,92,11,0
17624,111,11,0
17624,131,11,0
17642,8,11,1
17642,40,11,1
17642,73,11,1
17642,89,11,1
17642,106,11,1
17646,3,11,1
17646,34,11,1
17646,45,11,1
17646,66,11,1
17646,76,11,1
17665,19,11,0
17665,35,11,0
17665,53,11,0
17665,70,11,0
17665,88,11,0
17665,106,11,0
17670,16,11,0
17670,29,11,0
17670,43,11,0
17670,55,11,0
17670,69,11,0
17670,82,11,0
17683,15,11,0
17683,38,11,0
17683,59,11,0
17683,105,11,0
17683,129,11,0
17683,153,12,0
17683,153,22,0
17694,36,11,0
17694,75,11,0
17694,95,11,0
17694,114,11,0
17694,150,11,0
17694,167,11,0
17701,5,11,0
17701,25,11,0
17701,43,11,0
17701,63,11,0
17701,102,11,0
17701,122,11,0
17709,16,11,0
17709,47,11,0
17709,63,11,0
17709,79,11,0
17709,96,11,0
17709,112,11,0
17742,3,11,1
17742,21,11,1
17742,48,11,1
17742,70,11,1
17742,81,11,1
17752,7,11,1
17752,28,11,1
17752,66,11,1
17752,87,11,1
17752,107,11,1
17752,128,11,1
17763,25,11,0
17763,27,11,0
17763,28,11,0
17763,124,11,0
17763,129,11,0
17763,130,11,0
17763,131,11,0
17763,132,11,0
17767,37,11,0
17767,39,11,0
17767,40,11,0
17767,96,11,0
17767,97,11,0
17767,98,11,0
17767,99,11,0
17767,100,11,0
17772,5,11,1
17772,6,11,1
17772,7,11,1
17772,8,11,1
17772,76,11,1
17772,77,11,1
17772,78,11,1
17772,80,11,1
17799,15,11,0
17799,35,11,0
17799,53,11,0
17799,76,11,0
17799,93,11,0
17799,116,11,0
17799,136,11,0
17799,172,11,0
17806,12,11,0
17806,32,11,0
17806,51,11,0
17806,73,11,0
17806,95,11,0
17806,134,11,0
17824,3,11,0
17824,22,11,0
17824,58,11,0
17824,77,11,0
17824,97,11,0
17824,115,11,0
17840,5,11,0
17840,19,11,0
17840,40,11,0
17840,57,11,0
17840,87,11,0
17840,101,11,0
17840,131,11,0
17844,4,11,0
17844,24,11,0
17844,62,11,0
17844,81,11,0
17844,123,11,0
17844,177,11,0
17858,28,11,0
17858,43,12,0
17858,43,22,0
17858,57,11,0
17858,71,11,0
17858,99,11,0
17875,34,11,1
17875,66,11,1
17875,81,11,1
17875,99,11,1
17875,128,11,1
17891,1,11,0
17891,58,11,0
17891,83,11,0
17891,99,11,0
17891,123,11,0
17905,17,11,0
17905,38,11,0
17905,46,11,1
17905,74,11,0
17905,87,11,0
17906,13,11,0
17906,51,11,0
17906,89,11,0
17906,108,11,0
17906,158,11,0
17907,12,12,0
17907,12,22,0
17907,28,11,0
17907,64,11,0
17907,80,11,0
17907,98,11,0
17907,113,11,0
17933,13,11,0
17933,32,11,0
17933,89,11,0
17933,104,11,0
17933,146,11,0
17933,163,11,0
17933,193,11,0
17948,12,11,0
17948,63,11,0
17948,194,11,0
17948,257,11,0
17948,384,11,0
17949,10,11,0
17949,38,11,0
17949,65,11,0
17949,85,11,0
17949,92,11,0
17949,118,11,0
17949,129,11,0
17958,11,11,0
17958,24,11,0
17958,49,11,0
17958,63,11,0
17958,76,11,0
17958,93,11,0
17993,94,11,0
17993,198,11,0
17993,306,11,0
17993,420,11,0
17993,637,11,0
17993,746,11,0
18002,4,11,0
18002,28,11,0
18002,44,11,0
18002,58,11,0
18002,72,11,0
18002,85,11,0
18005,2,11,0
18005,22,11,0
18005,71,11,0
18005,83,11,0
18005,104,11,0
18005,124,11,0
18023,10,11,0
18023,19,11,0
18023,24,11,0
18023,32,11,0
18023,36,11,0
18027,23,11,0
18027,69,11,0
18027,85,11,0
18027,100,11,0
18027,115,11,0
18036,7,11,0
18036,67,11,0
18036,79,11,0
18036,89,11,0
18041,9,11,0
18041,40,11,0
18041,58,11,0
18041,90,11,0
18041,107,11,0
18041,153,11,0
18041,171,11,0
18047,4,11,0
18047,18,11,0
18047,31,11,0
18047,58,11,0
18047,76,11,0
18047,86,11,0
18077,42,11,0
18077,85,11,0
18077,107,11,0
18077,129,11,0
18077,151,11,0
18117,7,11,0
18117,16,11,0
18117,28,11,0
18117,35,11,0
18117,44,11,0
18117,51,11,0
18119,62,11,0
18119,84,11,0
18119,100,11,0
18119,116,11,0
18119,137,11,0
18119,154,11,0
18129,11,11,0
18129,49,11,0
18129,75,11,0
18129,89,11,0
18129,116,11,0
18129,127,11,0
18136,22,11,0
18136,35,11,0
18136,47,11,0
18136,77,12,0
18136,77,22,0
18136,86,11,0
18136,96,11,0
18136,106,11,0
18136,117,11,0
18154,5,11,0
18154,33,11,0
18154,60,11,0
18154,86,11,0
18154,111,11,0
18154,136,11,0
18162,12,11,0
18162,15,11,0
18162,22,11,0
18162,29,11,0
18162,33,11,0
18162,36,11,0
18167,9,11,0
18167,24,11,0
18167,39,11,0
18167,53,11,0
18167,83,11,0
18167,111,11,0
18174,8,11,1
18174,57,11,1
18174,89,11,1
18174,137,11,1
18174,154,11,1
18194,12,11,1
18194,33,11,1
18194,75,11,1
18194,116,11,1
18194,137,11,1
18195,2,11,1
18195,20,11,1
18195,55,11,1
18195,73,11,1
18195,109,11,1
18207,5,11,1
18207,19,11,1
18207,47,11,1
18207,61,11,1
18207,76,11,1
18207,90,11,1
18229,9,11,1
18229,26,11,1
18229,60,11,1
18229,94,11,1
18229,111,11,1
18229,127,11,1
18229,144,11,1
18231,8,11,0
18231,38,11,0
18231,66,11,0
18231,75,11,0
18231,109,11,0
18231,120,11,0
18245,17,11,1
18245,38,11,1
18245,79,11,1
18245,100,11,1
18245,141,11,1
18254,15,11,1
18254,39,11,1
18254,51,11,1
18254,62,11,1
18254,74,11,1
18289,7,11,1
18289,21,11,1
18289,49,11,1
18289,63,11,1
18289,78,11,1
18289,92,11,1
18296,4,11,1
18296,24,11,1
18296,44,11,1
18296,143,11,1
18296,162,11,1
18300,3,11,1
18300,13,11,1
18300,32,11,1
18300,42,11,1
18300,51,11,1
18300,61,11,1
18316,30,11,1
18316,72,11,1
18316,106,11,1
18322,15,11,1
18322,32,11,1
18322,48,11,1
18322,67,11,1
18322,101,11,1
18322,150,11,1
18322,167,11,1
18337,20,11,1
18337,43,11,1
18337,90,11,1
18337,114,11,1
18337,161,11,1
18337,183,11,1
18363,7,11,0
18363,52,11,0
18363,74,11,0
18363,141,11,0
18363,163,11,0
18382,16,11,0
18382,43,11,0
18382,69,11,0
18382,81,11,0
18382,93,11,0
18387,35,11,0
18387,51,11,0
18387,69,11,0
18387,107,11,0
18387,139,11,0
18387,152,11,0
18410,9,11,0
18410,56,11,0
18410,81,11,0
18410,105,11,0
18410,130,11,0
18410,154,11,0
18422,39,11,1
18422,58,11,1
18422,77,11,1
18422,97,11,1
18422,117,11,1
18422,137,11,1
18432,13,11,0
18432,28,11,0
18432,44,11,0
18432,91,11,0
18432,106,11,0
18454,11,11,0
18454,29,11,0
18454,48,11,0
18454,85,11,0
18454,102,11,0
18454,121,11,0
18456,1,11,1
18456,40,11,1
18456,54,11,1
18456,68,11,1
18456,78,11,1
18456,100,11,1
18465,9,11,1
18465,70,11,1
18465,111,11,1
18465,131,11,1
18471,46,11,1
18471,67,11,1
18471,157,11,1
18471,180,11,1
18471,202,11,1
18513,53,11,0
18513,54,11,0
18513,55,11,0
18513,56,11,0
18513,127,11,0
18513,128,11,0
18513,129,11,0
18513,130,11,0
18517,17,11,1
18517,18,11,1
18517,19,11,1
18517,20,11,1
18517,81,11,1
18517,82,11,1
18517,83,11,1
18517,84,11,1
18555,3,11,1
18555,19,11,1
18555,84,11,1
18555,95,11,1
18555,105,11,1
18555,116,11,1
18589,18,11,0
18589,46,11,0
18589,62,11,0
18589,77,11,0
18589,92,11,0
18589,133,11,0
18598,31,11,0
18598,65,11,0
18598,83,11,0
18598,118,11,0
18598,135,12,0
18598,135,22,0
18598,151,11,0
18607,7,11,0
18607,60,11,0
18607,78,11,0
18607,130,11,0
18607,146,11,0
18613,6,11,0
18613,24,11,0
18613,56,11,0
18613,73,11,0
18613,89,11,0
18613,106,11,0
18627,1,11,1
18627,15,11,1
18627,28,11,1
18627,42,11,1
18627,55,11,1
18627,69,11,1
18627,123,11,1
18635,10,11,0
18635,27,12,0
18635,27,22,0
18635,58,11,0
18635,73,11,0
18635,89,11,0
18635,104,11,0
18635,118,11,0
18635,150,11,0
18637,16,11,1
18637,79,11,1
18637,100,11,1
18637,122,11,1
18643,11,11,1
18643,28,11,1
18643,61,11,1
18643,79,11,1
18643,127,11,1
18643,160,11,1
18670,9,11,0
18670,21,11,0
18670,46,11,0
18670,60,11,0
18670,72,11,0
18670,93,12,0
18670,93,22,0
18682,11,11,1
18682,56,11,1
18682,71,11,1
18684,3,11,0
18684,19,11,0
18684,36,11,0
18684,51,11,0
18684,84,11,0
18684,116,11,0
18687,34,11,0
18687,54,11,0
18687,73,11,0
18687,92,11,0
18687,112,11,0
18687,131,11,0
18720,39,11,0
18720,40,11,0
18720,173,11,0
18720,174,11,0
18720,175,11,0
18720,176,11,0
18720,177,11,0
18750,49,11,0
18750,50,11,0
18750,51,11,0
18750,52,11,0
18750,109,11,0
18750,110,11,0
18750,112,11,0
18750,114,11,0
18760,77,11,1
18760,78,11,1
18760,79,11,1
18760,80,11,1
18760,254,11,1
18760,256,11,1
18767,97,11,1
18767,98,11,1
18767,99,11,1
18767,100,11,1
18767,193,11,1
18767,194,11,1
18767,195,11,1
18780,25,11,0
18780,27,11,0
18780,29,11,0
18780,52,11,0
18780,53,11,0
18780,55,11,0
18780,62,11,0
18780,64,11,0
18788,22,11,0
18788,64,11,0
18788,83,11,0
18788,103,11,0
18788,122,11,0
18788,158,11,0
18788,179,11,0
18792,2,11,0
18792,46,11,0
18792,89,11,0
18792,112,11,0
18802,12,11,0
18802,28,11,0
18802,58,11,0
18802,73,11,0
18802,89,11,0
18802,104,11,0
18827,40,11,1
18827,53,11,1
18827,66,11,1
18838,1,11,0
18838,34,11,0
18838,92,11,0
18838,109,11,0
18838,121,11,0
18851,4,11,0
18851,19,11,0
18851,37,11,0
18851,68,11,0
18851,122,11,0
18851,138,11,0
18859,77,11,1
18859,97,11,1
18859,137,11,1
18875,13,11,0
18875,14,11,0
18875,15,11,0
18875,16,11,0
18875,59,11,0
18875,60,11,0
18875,61,11,0
18875,62,11,0
18876,55,11,1
18876,67,11,1
18876,105,11,1
18883,7,11,0
18883,26,11,0
18883,92,11,0
18883,135,11,0
18883,151,11,0
18883,164,11,0
18897,21,11,0
18897,49,11,0
18897,69,11,0
18897,78,11,0
18897,90,11,0
18906,13,11,0
18906,26,11,0
18906,39,11,0
18906,52,11,0
18906,79,11,0
18906,93,11,0
18916,9,11,0
18916,24,11,0
18916,55,11,0
18916,70,11,0
18916,101,11,0
18916,115,11,0
18939,2,11,1
18939,38,11,1
18939,57,11,1
18939,75,11,1
18939,168,11,1
18959,11,11,0
18959,30,11,0
18959,61,11,0
18959,82,11,0
18959,119,11,0
18960,13,11,0
18960,33,11,0
18960,50,11,0
18960,63,11,0
18960,81,11,0
18960,102,11,0
18976,14,11,0
18976,35,11,0
18976,55,11,0
18976,76,11,0
18976,117,11,0
18976,138,11,0
19011,1,11,1
19011,48,11,1
19011,63,11,1
19011,79,11,1
19029,7,11,0
19029,30,11,0
19029,39,11,0
19029,50,11,0
19029,60,11,0
19029,71,11,0
19029,101,11,0
19029,121,11,0
19030,14,11,0
19030,15,11,0
19030,16,11,0
19030,110,11,0
19030,111,11,0
19030,113,11,0
19030,114,11,0
19048,11,11,1
19048,12,11,1
19048,74,11,1
19048,78,11,1
19048,80,11,1
19056,22,11,0
19056,35,11,0
19056,44,11,0
19056,75,11,0
19056,85,11,0
19056,95,11,0
19056,106,11,0
19056,114,11,0
19068,13,11,0
19068,27,11,0
19068,51,11,0
19068,64,11,0
19068,76,11,0
19068,89,11,0
19091,10,11,0
19091,25,11,0
19091,38,11,0
19091,67,11,0
19091,80,11,0
19091,107,11,0
19092,26,11,0
19092,40,11,0
19092,52,11,0
19092,64,11,0
19092,77,11,0
19092,102,11,0
19098,16,11,0
19098,26,11,0
19098,47,11,0
19098,59,11,0
19098,69,11,0
19098,81,11,0
19103,18,11,1
19103,41,11,1
19103,53,11,1
19103,64,11,1
19103,76,11,1
19136,45,11,0
19136,46,11,0
19136,48,11,0
19136,140,11,0
19136,141,11,0
19136,142,11,0
19136,143,11,0
19136,149,11,0
19143,6,11,1
19143,7,11,1
19143,8,11,1
19143,68,11,1
19143,69,11,1
19143,70,11,1
19143,71,11,1
19159,1,11,1
19159,2,11,1
19159,3,11,1
19159,57,11,1
19159,59,11,1
19159,60,11,1
19159,62,11,1
19159,65,11,1
19162,20,11,0
19162,40,11,0
19162,51,11,0
19162,61,11,0
19162,71,11,0
19162,80,11,0
19162,107,11,0
19162,112,11,0
19182,17,11,0
19182,32,11,0
19182,59,11,0
19182,74,11,0
19182,90,11,0
19182,103,11,0
19182,129,11,0
19182,143,11,0
19198,14,11,0
19198,21,11,0
19198,32,11,0
19198,38,11,0
19198,45,11,0
19198,48,11,0
19205,5,11,0
19205,22,11,0
19205,54,11,0
19205,88,11,0
19205,105,11,0
19205,122,11,0
19222,13,11,0
19222,31,11,0
19222,69,11,0
19222,88,11,0
19222,105,11,0
19222,122,11,0
19235,17,11,1
19235,37,11,1
19235,57,11,1
19235,136,11,1
19245,18,11,1
19245,40,11,1
19245,59,11,1
19245,82,11,1
19245,103,11,1
19245,124,11,1
19252,6,11,0
19252,46,11,0
19252,62,11,0
19252,83,11,0
19252,105,11,0
19252,124,11,0
19264,18,11,0
19264,39,11,0
19264,56,11,0
19264,77,11,0
19264,98,11,0
19264,138,11,0
19269,15,11,0
19269,37,11,0
19269,78,11,0
19269,100,11,0
19269,122,11,0
19269,144,11,0
19272,33,11,0
19272,70,11,0
19272,87,11,0
19272,105,11,0
19272,121,11,0
19272,134,11,0
19290,4,11,0
19290,44,11,0
19290,57,11,0
19290,82,12,0
19290,82,22,0
19290,94,11,0
19290,102,11,0
19294,75,12,0
19294,75,22,0
19294,101,11,0
19294,127,11,0
19294,152,11,0
19294,178,11,0
19294,201,11,0
19309,12,11,0
19309,35,11,0
19309,60,11,0
19309,84,11,0
19309,108,11,0
19309,155,11,0
19323,6,11,1
19323,20,11,1
19323,34,11,1
19323,46,11,1
19323,87,11,1
19323,99,11,1
19336,15,11,0
19336,29,11,0
19336,43,11,0
19336,55,11,0
19336,66,11,0
19336,78,11,0
19341,15,11,1
19341,49,11,1
19341,83,11,1
19341,102,11,1
19341,118,11,1
19353,10,11,1
19353,74,11,1
19353,95,11,1
19353,117,11,1
19353,138,11,1
19353,179,11,1
19369,5,11,1
19369,25,11,1
19369,62,11,1
19369,137,11,1
19408,33,11,0
19408,34,11,0
19408,35,11,0
19408,36,11,0
19408,141,11,0
19408,142,11,0
19408,143,11,0
19408,144,11,0
19414,91,11,1
19414,92,11,1
19414,179,11,1
19414,180,11,1
19414,181,11,1
19414,182,12,1
19414,182,22,1
19414,183,11,1
19414,184,11,1
19426,45,11,0
19426,46,11,0
19426,47,11,0
19426,137,11,0
19426,138,11,0
19426,139,11,0
19426,140,11,0
19426,141,11,0
19429,33,11,0
19429,141,11,0
19429,142,11,0
19429,144,11,0
19429,145,11,0
19429,146,11,0
19429,147,11,0
19429,148,11,0
19438,4,11,0
19438,16,11,0
19438,52,11,0
19438,64,11,0
19438,79,11,0
19438,100,11,0
19438,112,11,0
19457,23,11,1
19457,57,11,1
19457,144,11,1
19474,3,11,0
19474,42,11,0
19474,58,11,0
19474,75,11,0
19474,150,11,0
19484,7,11,0
19484,19,11,0
19484,28,11,0
19484,67,11,0
19484,77,11,0
19484,85,11,0
19498,2,11,0
19498,24,11,0
19498,58,11,0
19498,69,11,0
19498,102,11,0
19498,117,11,0
19500,6,11,0
19500,68,11,0
19500,88,11,0
19500,115,11,0
19500,129,11,0
19527,14,11,1
19527,33,11,1
19527,71,11,1
19527,90,11,1
19527,110,11,1
19530,43,11,1
19530,55,11,1
19530,114,11,1
19553,1,11,0
19553,3,11,0
19553,4,11,0
19553,71,11,0
19553,72,11,0
19553,73,11,0
19553,75,11,0
19553,76,11,0
19573,23,11,0
19573,24,11,0
19573,100,11,0
19573,101,11,0
19573,103,11,0
19573,104,11,0
19573,105,11,0
19573,107,11,0
19579,2,11,0
19579,21,11,0
19579,27,11,0
19579,33,11,0
19579,39,11,0
19579,45,11,0
19579,64,11,0
19584,53,11,0
19584,55,11,0
19584,65,11,0
19584,68,11,0
19584,69,11,0
19584,71,11,0
19590,10,11,0
19590,12,11,0
19590,153,11,0
19590,154,11,0
19590,155,11,0
19590,156,11,0
19590,157,11,0
19590,158,11,0
19604,81,11,1
19604,84,11,1
19604,299,11,1
19604,300,11,1
19638,5,11,0
19638,18,12,0
19638,18,22,0
19638,40,11,0
19638,52,11,0
19638,64,11,0
19638,76,11,0
19645,9,11,1
19645,22,11,1
19645,35,11,1
19645,62,11,1
19645,75,11,1
19645,88,11,1
19650,8,11,0
19650,44,11,0
19650,55,11,0
19650,79,11,0
19650,89,11,0
19650,97,11,0
19657,34,11,0
19657,50,11,0
19657,72,11,0
19657,91,11,0
19657,111,11,0
19657,130,11,0
19672,6,11,0
19672,29,11,0
19672,69,11,0
19672,90,11,0
19672,112,11,0
19672,131,11,0
19678,13,11,1
19678,48,12,1
19678,48,22,1
19678,64,11,1
19678,79,11,1
19678,93,11,1
19678,125,11,1
19690,17,11,0
19690,18,11,0
19690,19,12,0
19690,19,22,0
19690,20,11,0
19690,57,11,0
19690,58,11,0
19690,59,11,0
19690,60,11,0
19702,65,11,0
19702,67,11,0
19702,68,11,0
19702,191,11,0
19702,192,11,0
19702,193,11,0
19702,195,11,0
19702,197,11,0
19723,2,11,0
19723,24,11,0
19723,70,11,0
19723,93,11,0
19723,116,11,0
19723,137,11,0
19723,180,11,0
19723,202,11,0
19733,20,11,0
19733,40,11,0
19733,80,11,0
19733,100,11,0
19733,121,11,0
19733,141,11,0
19733,180,11,0
19733,200,11,0
19738,3,11,0
19738,20,11,0
19738,53,12,0
19738,53,22,0
19738,70,11,0
19738,89,11,0
19738,106,11,0
19752,26,11,1
19752,84,11,1
19752,103,11,1
19779,12,11,0
19779,33,11,0
19779,53,11,0
19779,74,11,0
19779,94,11,0
19779,115,11,0
19793,9,11,1
19793,21,11,1
19793,30,12,1
19793,30,22,1
19793,41,11,1
19793,65,11,1
19793,76,11,1
19811,3,11,0
19811,13,11,0
19811,24,11,0
19811,44,11,0
19811,65,11,0
19811,75,11,0
19811,85,11,0
19811,95,11,0
19813,21,11,0
19813,22,11,0
19813,23,11,0
19813,92,11,0
19813,93,11,0
19813,94,11,0
19813,95,11,0
19813,96,11,0
19823,1,11,1
19823,3,11,1
19823,73,11,1
19823,74,11,1
19823,77,11,1
19823,80,11,1
19823,89,11,1
19823,92,11,1
19829,8,11,0
19829,24,11,0
19829,55,11,0
19829,71,12,0
19829,71,22,0
19829,88,11,0
19829,105,11,0
19836,3,11,0
19836,17,11,0
19836,38,11,0
19836,49,11,0
19836,66,11,0
19836,77,11,0
19840,35,11,0
19840,67,11,0
19840,81,11,0
19840,94,11,0
19840,107,11,0
19840,124,11,0
19840,138,11,0
19870,2,11,0
19870,15,11,0
19870,28,11,0
19870,67,11,0
19870,80,11,0
19881,86,11,0
19881,118,11,0
19881,165,11,0
19895,1,11,0
19895,18,11,0
19895,70,11,0
19895,105,11,0
19920,13,11,0
19920,45,11,0
19920,63,11,0
19920,109,11,0
19920,126,11,0
19920,141,11,0
19920,156,11,0
19940,4,11,1
19940,16,11,1
19940,27,11,1
19940,50,11,1
19940,84,11,1
19940,97,11,1
19942,30,11,1
19942,59,11,1
19942,90,11,1
19942,106,11,1
19945,4,11,1
19945,25,11,1
19945,73,11,1
19979,1,11,0
19979,16,11,0
19979,47,11,0
19979,62,11,0
19979,123,11,0
19990,10,11,0
19990,29,11,0
19990,49,11,0
19990,63,11,0
19990,108,11,0
19990,122,11,0
19992,12,11,1
19992,21,11,1
19992,30,11,1
19992,50,11,1
19992,59,11,1
20007,15,11,0
20007,30,11,0
20007,44,11,0
20007,105,11,0
20007,122,11,0
20007,134,11,0
20007,147,11,0
20007,177,11,0
20053,31,11,0
20053,40,11,0
20053,51,11,0
20053,70,11,0
20053,77,11,0
20053,87,11,0
20053,101,11,0
20062,8,11,0
20062,41,11,0
20062,58,11,0
20062,74,11,0
20062,91,11,0
20062,123,11,0
20068,6,11,0
20068,25,11,0
20068,63,11,0
20068,82,11,0
20068,101,11,0
20068,120,11,0
20081,7,11,0
20081,21,11,0
20081,23,11,0
20081,30,11,0
20081,33,11,0
20081,36,11,0
20088,11,11,1
20088,15,11,1
20088,48,11,1
20088,67,11,1
20088,81,11,1
20088,95,11,1
20088,122,11,1
20088,150,11,1
20101,8,11,1
20101,16,11,1
20101,25,11,1
20101,29,11,1
20101,33,11,1
20101,35,11,1
20124,5,11,0
20124,25,11,0
20124,63,11,0
20124,83,11,0
20124,104,11,0
20124,124,11,0
20130,16,11,0
20130,35,11,0
20130,64,11,0
20130,90,11,0
20130,110,11,0
20130,129,11,0
20135,11,11,0
20135,27,11,0
20135,43,11,0
20135,58,11,0
20135,74,11,0
20135,121,11,0
20161,37,11,1
20161,79,11,1
20161,99,11,1
20161,118,11,1
20161,139,11,1
20190,13,11,0
20190,26,11,0
20190,39,11,0
20190,56,11,0
20190,82,11,0
20190,93,11,0
20190,104,11,0
20190,118,11,0
20223,15,11,0
20223,31,11,0
20223,47,11,0
20223,58,11,0
20223,70,11,0
20223,86,11,0
20227,9,11,0
20227,29,11,0
20227,69,11,0
20227,89,12,0
20227,89,22,0
20227,110,11,0
20227,131,11,0
20247,9,11,0
20247,35,11,0
20247,47,11,0
20247,57,11,0
20247,69,11,0
20247,79,11,0
20257,70,11,1
20257,89,11,1
20257,108,11,1
20261,28,11,1
20261,52,11,1
20261,64,11,1
20261,76,11,1
20266,36,11,0
20266,55,11,0
20266,74,12,0
20266,74,22,0
20266,93,11,0
20266,112,11,0
20266,131,11,0
20277,37,11,0
20277,56,11,0
20277,77,11,0
20277,96,11,0
20277,115,11,0
20277,132,11,0
20277,169,11,0
20277,188,11,0
20286,8,11,0
20286,49,11,0
20286,63,11,0
20286,91,11,0
20286,104,11,0
20286,112,11,0
20300,5,11,0
20300,28,11,0
20300,51,11,0
20300,97,11,0
20300,121,11,0
20300,143,11,0
20310,16,11,1
20310,37,11,1
20310,58,11,1
20310,79,11,1
20310,99,11,1
20310,120,11,1
20321,49,11,0
20321,50,11,0
20321,51,11,0
20321,52,11,0
20321,140,11,0
20321,141,11,0
20321,142,11,0
20321,143,11,0
20345,49,11,0
20345,50,11,0
20345,51,11,0
20345,52,11,0
20345,127,11,0
20345,128,11,0
20345,129,11,0
20345,130,11,0
20352,1,11,1
20352,3,11,1
20352,4,11,1
20352,64,11,1
20352,65,11,1
20352,66,11,1
20507,5,11,0
20507,25,11,0
20507,45,11,0
20507,85,11,0
20507,104,11,0
20507,124,11,0
20514,6,11,0
20514,45,11,0
20514,63,11,0
20514,82,11,0
20514,102,11,0
20514,121,11,0
20517,9,11,1
20517,34,11,1
20517,57,11,1
20517,68,11,1
20517,80,11,1
20526,6,11,0
20526,14,11,0
20526,26,11,0
20526,33,11,0
20526,41,11,0
20526,48,11,0
20557,29,11,0
20557,30,11,0
20557,31,11,0
20557,32,11,0
20557,61,11,0
20557,63,11,0
20557,64,11,0
20557,65,11,0
20558,25,11,0
20558,26,11,0
20558,28,11,0
20558,87,11,0
20558,88,11,0
20558,89,11,0
20558,90,11,0
20558,107,11,0
20559,77,11,0
20559,78,11,0
20559,79,11,0
20559,168,11,0
20559,169,11,0
20559,170,11,0
20559,171,11,0
20559,172,11,0
20562,9,11,1
20562,10,11,1
20562,75,11,1
20562,76,11,1
20562,77,11,1
20562,78,11,1
20562,79,11,1
20562,80,11,1
20564,9,11,1
20564,25,11,1
20564,41,11,1
20564,57,11,1
20564,73,11,1
20564,104,11,1
20565,9,11,0
20565,10,11,0
20565,12,11,0
20565,101,11,0
20565,103,11,0
20565,104,11,0
20565,105,11,0
20565,106,11,0
20566,39,11,1
20566,40,11,1
20566,83,11,1
20566,84,11,1
20566,85,11,1
20566,86,11,1
20566,87,11,1
20566,88,11,1
20568,4,11,1
20568,38,11,1
20568,55,11,1
20568,107,11,1
20568,124,11,1
20569,19,11,1
20569,36,11,1
20569,54,11,1
20569,89,11,1
20569,106,11,1
20570,18,11,1
20570,20,11,1
20570,53,11,1
20570,54,11,1
20570,55,11,1
20570,57,11,1
20577,36,11,1
20577,56,11,1
20577,113,11,1
20577,132,11,1
20577,151,11,1
20577,170,11,1
20581,2,11,0
20581,22,11,0
20581,29,11,0
20581,40,11,0
20581,58,11,0
20581,65,11,0
20586,4,11,0
20586,49,11,0
20586,64,11,0
20586,78,11,0
20586,93,11,0
20648,15,11,1
20648,32,11,1
20648,81,11,1
20648,146,11,1
20680,6,11,0
20680,25,11,0
20680,63,11,0
20680,82,11,0
20680,100,11,0
20680,119,11,0
20685,37,11,0
20685,50,11,0
20685,64,11,0
20685,79,11,0
20685,108,11,0
20685,123,11,0
20687,45,11,0
20687,46,11,0
20687,47,11,0
20687,48,11,0
20687,105,11,0
20687,106,11,0
20687,107,11,0
20687,108,11,0
20690,6,11,0
20690,22,11,0
20690,36,11,0
20690,52,11,0
20690,98,11,0
20690,114,11,0
20693,2,11,0
20693,14,11,0
20693,50,11,0
20693,60,11,0
20693,74,11,0
20693,96,11,0
20694,17,11,0
20694,18,11,0
20694,62,11,0
20694,63,11,0
20694,64,11,0
20694,66,11,0
20694,67,11,0
20694,68,11,0
20700,2,11,0
20700,14,11,0
20700,26,11,0
20700,38,11,0
20700,50,11,0
20700,74,11,0
20701,31,11,0
20701,39,11,0
20701,50,11,0
20701,56,11,0
20701,64,11,0
20701,74,11,0
20701,98,11,0
20775,65,11,0
20775,66,11,0
20775,67,11,0
20775,68,11,0
20775,149,11,0
20775,150,11,0
20775,151,11,0
20775,152,11,0
20801,3,11,0
20801,17,11,0
20801,30,11,0
20801,58,11,0
20801,71,11,0
20801,85,11,0
21001,8,11,1
21001,25,11,1
21001,26,11,1
21001,29,11,1
21001,37,11,1
21001,39,11,1
15003,12,11,0
15003,41,11,0
15003,57,11,0
15003,101,11,0
15003,116,11,0
15003,144,11,0
15003,157,11,0
15028,9,11,1
15028,21,11,1
15028,44,11,1
15028,57,11,1
15028,72,11,1
15028,86,11,1
15038,17,11,0
15038,53,11,0
15038,106,11,0
15038,141,11,0
15038,158,11,0
15044,11,11,0
15044,24,11,0
15044,70,11,0
15044,82,11,0
15044,92,11,0
15044,100,11,0
15057,7,11,0
15057,24,11,0
15057,39,11,0
15057,55,11,0
15057,70,11,0
15057,132,11,0
15070,8,11,1
15070,28,11,1
15070,88,11,1
15070,108,11,1
15070,128,11,1
15093,11,11,0
15093,24,11,0
15093,49,11,0
15093,76,11,0
15093,99,11,0
15093,112,11,0
15093,125,11,0
15110,126,11,0
15110,127,11,0
15110,307,11,0
15110,308,11,0
15110,309,11,0
15110,310,11,0
15110,311,11,0
15110,312,11,0
15124,25,11,0
15124,26,11,0
15124,27,11,0
15124,28,11,0
15124,82,11,0
15124,83,11,0
15124,84,11,0
15124,85,11,0
15128,21,11,0
15128,22,11,0
15128,23,11,0
15128,24,11,0
15128,180,11,0
15128,181,11,0
15128,182,11,0
15128,183,11,0
15136,45,11,0
15136,46,11,0
15136,47,11,0
15136,48,11,0
15136,104,11,0
15136,105,11,0
15136,106,11,0
15136,107,11,0
15163,17,11,1
15163,19,11,1
15163,40,11,1
15163,41,11,1
15163,42,11,1
15163,43,11,1
15163,44,11,1
15167,117,11,1
15167,119,11,1
15167,255,11,1
15167,256,11,1
15168,33,11,0
15168,34,11,0
15168,35,11,0
15168,36,11,0
15168,206,11,0
15168,207,11,0
15168,208,11,0
15168,209,11,0
15176,21,11,1
15176,22,11,1
15176,23,11,1
15176,24,11,1
15176,102,11,1
15176,113,11,1
15198,20,11,0
15198,43,11,0
15198,88,11,0
15198,111,11,0
15198,135,11,0
15198,158,12,0
15198,158,22,0
15209,12,11,0
15209,27,11,0
15209,53,11,0
15209,80,11,0
15209,105,11,0
15209,118,11,0
15215,21,11,0
15215,53,11,0
15215,69,11,0
15215,101,11,0
15215,118,11,0
15215,134,11,0
15226,21,11,1
15226,50,11,1
15226,64,11,1
15226,78,11,1
15226,92,11,1
15226,120,11,1
15226,135,11,1
15242,10,11,1
15242,26,11,1
15242,57,11,1
15242,76,11,1
15254,11,11,0
15254,30,11,0
15254,68,11,0
15254,88,11,0
15254,107,11,0
15254,127,11,0
15260,1,11,0
15260,20,11,0
15260,57,11,0
15260,76,11,0
15260,94,11,0
15260,112,11,0
15275,17,11,0
15275,18,11,0
15275,19,11,0
15275,20,11,0
15275,63,11,0
15275,64,11,0
15275,66,11,0
15275,68,11,0
15286,4,11,0
15286,25,11,0
15286,44,11,0
15286,63,11,0
15286,83,11,0
15286,104,11,0
15310,15,11,0
15310,34,11,0
15310,73,11,0
15310,93,11,0
15310,115,11,0
15310,135,11,0
15315,50,11,1
15315,63,11,1
15315,96,11,1
15315,112,11,1
15315,128,11,1
15324,44,11,0
15324,166,11,0
15324,167,11,0
15324,168,11,0
15324,169,11,0
15324,170,11,0
15324,171,11,0
15324,172,11,0
15332,14,11,0
15332,15,11,0
15332,16,11,0
15332,164,11,0
15332,169,11,0
15332,174,11,0
15332,176,11,0
15332,177,11,0
15364,155,11,0
15364,156,11,0
15364,158,11,0
15364,162,11,0
15364,163,11,0
15364,164,11,0
15364,165,11,0
15364,166,11,0
15380,3,11,0
15380,12,11,0
15380,22,11,0
15380,32,11,0
15380,41,11,0
15380,60,11,0
15380,77,11,0
15380,86,11,0
15382,54,11,1
15382,55,11,1
15382,56,11,1
15382,167,11,1
15382,168,11,1
15382,169,11,1
15382,170,11,1
15389,129,11,1
15389,130,11,1
15389,131,11,1
15389,132,11,1
15389,267,11,1
15389,268,11,1
15389,269,11,1
15389,271,11,1
15391,6,11,0
15391,69,11,0
15391,92,11,0
15391,112,11,0
15391,175,11,0
15391,196,11,0
15391,215,11,0
15429,26,11,0
15429,42,11,0
15429,60,11,0
15429,77,11,0
15429,95,11,0
15429,112,11,0
15433,2,11,0
15433,22,11,0
15433,42,11,0
15433,122,11,0
15433,142,11,0
15433,163,11,0
15441,1,11,1
15441,21,11,1
15441,30,11,1
15441,52,11,1
15441,61,11,1
15456,61,11,0
15456,62,11,0
15456,63,11,0
15456,64,11,0
15456,161,11,0
15456,162,11,0
15456,163,11,0
15456,164,11,0
15461,6,11,0
15461,15,11,0
15461,40,11,0
15461,50,11,0
15461,59,11,0
15461,66,11,0
15461,82,11,0
15461,93,11,0
15474,4,11,1
15474,16,11,1
15474,29,11,1
15474,41,11,1
15474,53,11,1
15474,65,11,1
15474,78,11,1
15479,25,11,0
15479,26,11,0
15479,27,11,0
15479,28,11,0
15479,97,11,0
15479,98,11,0
15479,99,11,0
15479,101,11,0
15496,209,11,0
15496,210,11,0
15496,211,11,0
15496,212,11,0
15496,460,11,0
15496,461,11,0
15496,462,11,0
15496,463,11,0
15508,9,11,1
15508,10,11,1
15508,11,11,1
15508,12,11,1
15508,145,11,1
15508,146,11,1
15508,147,11,1
15508,148,11,1
15521,9,11,1
15521,11,11,1
15521,12,11,1
15521,159,11,1
15521,161,11,1
15521,162,11,1
15528,15,11,0
15528,49,12,0
15528,49,22,0
15528,66,11,0
15528,99,11,0
15528,114,11,0
15539,9,11,0
15539,28,11,0
15539,45,11,0
15539,64,11,0
15539,82,11,0
15539,118,11,0
15539,134,11,0
15539,170,11,0
15544,33,11,0
15544,42,11,0
15544,52,11,0
15544,60,11,0
15544,80,11,0
15544,85,11,0
15568,14,11,0
15568,28,11,0
15568,43,11,0
15568,57,11,0
15568,87,11,0
15568,115,11,0
15593,12,11,1
15593,23,11,1
15593,56,12,1
15593,56,22,1
15593,79,11,1
15593,110,11,1
15596,15,11,0
15596,33,11,0
15596,68,11,0
15596,86,11,0
15596,104,11,0
15596,122,11,0
15609,15,11,0
15609,32,11,0
15609,47,11,0
15609,63,11,0
15609,77,11,0
15609,92,11,0
15620,58,11,1
15620,74,11,1
15620,103,11,1
15620,120,11,1
15620,136,11,1
15625,8,11,1
15625,18,11,1
15625,32,11,1
15625,86,11,1
15625,117,11,1
15625,126,11,1
15643,11,11,0
15643,28,11,0
15643,44,11,0
15643,61,11,0
15643,76,11,0
15643,138,11,0
15645,23,11,1
15645,44,11,1
15645,55,11,1
15645,65,11,1
15645,75,11,1
15666,29,11,1
15666,43,11,1
15666,59,11,1
15666,89,11,1
15666,104,11,1
15666,130,11,1
15668,26,11,0
15668,49,11,0
15668,58,11,0
15668,70,11,0
15668,74,11,0
15668,92,11,0
15670,13,11,0
15670,39,11,0
15670,61,11,0
15670,85,11,0
15670,109,11,0
15670,134,11,0
15680,4,11,0
15680,16,11,0
15680,28,11,0
15680,52,11,0
15680,64,11,0
15680,87,11,0
15697,2,11,1
15697,12,11,1
15697,22,11,1
15697,63,11,1
15700,9,11,0
15700,40,11,0
15700,50,11,0
15700,61,11,0
15700,71,11,0
15730,8,11,1
15730,41,11,1
15730,110,11,1
15768,133,11,0
15768,134,11,0
15768,135,11,0
15768,136,11,0
15768,279,11,0
15768,280,11,0
15768,281,11,0
15768,282,11,0
15769,4,11,0
15769,22,11,0
15769,32,11,0
15769,41,11,0
15769,60,11,0
15769,68,11,0
15769,76,11,0
15769,87,11,0
15770,61,11,0
15770,62,11,0
15770,64,11,0
15770,204,11,0
15770,215,11,0
15770,224,11,0
15770,229,11,0
15782,5,11,0
15782,11,11,0
15782,28,11,0
15782,45,11,0
15782,57,11,0
15782,63,11,0
15789,18,11,0
15789,63,11,0
15789,86,11,0
15789,109,11,0
15789,131,11,0
15789,154,11,0
15798,46,11,0
15798,63,11,0
15798,94,11,0
15798,110,11,0
15798,127,11,0
15798,145,11,0
15825,5,11,0
15825,21,11,0
15825,38,11,0
15825,54,11,0
15825,86,11,0
15825,102,11,0
15829,18,11,0
15829,47,11,0
15829,61,11,0
15829,91,11,0
15829,107,11,0
15829,122,11,0
15863,16,11,1
15863,36,11,1
15863,131,11,1
15863,151,11,1
15863,170,11,1
15869,9,11,0
15869,10,11,0
15869,11,11,0
15869,12,11,0
15869,134,11,0
15869,136,11,0
15869,138,11,0
15869,139,11,0
15899,9,11,0
15899,10,11,0
15899,17,11,0
15899,18,11,0
15899,19,11,0
15899,22,11,0
15899,23,11,0
15899,24,11,0
15924,21,11,1
15924,23,11,1
15924,88,11,1
15924,89,11,1
15924,90,11,1
15932,13,11,1
15932,28,11,1
15932,59,11,1
15932,73,11,1
15932,121,11,1
15932,136,11,1
15932,166,11,1
15932,177,11,1
15941,101,11,1
15941,102,11,1
15941,103,11,1
15941,104,11,1
15941,262,11,1
15941,263,11,1
15941,264,11,1
15941,265,11,1
15948,8,11,0
15948,25,11,0
15948,34,11,0
15948,68,11,0
15948,75,11,0
15948,85,11,0
15948,92,11,0
15948,103,11,0
15954,25,11,1
15954,75,12,1
15954,75,22,1
15954,123,11,1
15954,151,11,1
15954,176,11,1
15968,4,11,0
15968,10,11,0
15968,15,11,0
15968,21,11,0
15993,15,11,0
15993,46,11,0
15993,83,11,0
15993,98,11,0
15993,134,11,0
15993,149,11,0
15995,1,11,0
15995,32,11,0
15995,47,11,0
15995,62,11,0
15995,109,11,0
15995,122,11,0
15999,1,11,0
15999,29,11,0
15999,42,11,0
15999,68,11,0
15999,87,11,0
15999,100,11,0
16012,16,11,1
16012,37,11,1
16012,57,11,1
16012,99,11,1
16012,119,11,1
16012,140,11,1
16028,13,11,0
16028,33,11,0
16028,48,11,0
16028,80,11,0
16028,126,12,0
16028,126,22,0
16028,140,11,0
16031,11,11,1
16031,24,11,1
16031,63,11,1
16031,88,11,1
16044,33,11,1
16044,35,11,1
16044,97,11,1
16044,98,11,1
16044,99,11,1
16044,100,11,1
16046,93,11,0
16046,94,11,0
16046,95,11,0
16046,96,11,0
16046,211,11,0
16046,212,11,0
16046,214,11,0
16046,215,11,0
16054,113,11,0
16054,114,11,0
16054,116,11,0
16054,249,11,0
16054,250,11,0
16054,251,11,0
16054,254,11,0
16054,256,11,0
16071,59,11,0
16071,185,11,0
16071,186,11,0
16071,187,11,0
16071,188,11,0
16071,194,11,0
16071,195,11,0
16071,196,11,0
16079,45,11,0
16079,46,11,0
16079,47,11,0
16079,236,11,0
16079,237,11,0
16079,239,11,0
16079,240,11,0
16079,243,11,0
16086,22,11,0
16086,23,11,0
16086,24,11,0
16086,104,11,0
16086,105,11,0
16086,106,11,0
16086,107,11,0
16086,108,11,0
16102,1,11,0
16102,2,11,0
16102,3,11,0
16102,4,11,0
16102,121,11,0
16102,122,11,0
16102,123,11,0
16102,124,11,0
16107,54,11,1
16107,55,11,1
16107,136,11,1
16107,138,11,1
16107,139,11,1
16107,140,11,1
16149,53,11,0
16149,54,11,0
16149,55,11,0
16149,56,11,0
16149,117,11,0
16149,118,11,0
16149,119,11,0
16149,120,11,0
16159,14,11,1
16159,15,11,1
16159,16,11,1
16159,90,11,1
16159,91,11,1
16159,92,11,1
16159,94,11,1
16159,95,11,1
16172,20,11,0
16172,45,12,0
16172,45,22,0
16172,92,11,0
16172,115,11,0
16172,140,11,0
16172,164,11,0
16183,59,11,0
16183,76,11,0
16183,97,11,0
16183,118,11,0
16183,138,11,0
16183,183,11,0
16183,215,11,0
16192,23,11,0
16192,56,11,0
16192,72,11,0
16192,88,11,0
16192,104,11,0
16198,6,11,0
16198,22,11,0
16198,56,11,0
16198,73,11,0
16198,89,11,0
16198,122,11,0
16209,8,11,0
16209,28,11,0
16209,47,11,0
16209,85,11,0
16209,104,11,0
16209,125,11,0
16223,25,11,0
16223,59,11,0
16223,92,11,0
16223,105,11,0
16223,125,11,0
16223,141,11,0
16223,157,11,0
16234,5,11,0
16234,22,12,0
16234,22,22,0
16234,57,11,0
16234,74,11,0
16234,92,11,0
16234,109,11,0
16242,34,11,0
16242,70,11,0
16242,86,11,0
16242,104,11,0
16242,122,11,0
16261,10,11,0
16261,25,11,0
16261,55,11,0
16261,70,11,0
16261,85,11,0
16261,100,11,0
16272,11,11,0
16272,36,11,0
16272,86,11,0
16272,112,11,0
16272,137,11,0
16272,163,11,0
16280,59,11,1
16280,79,11,1
16280,98,11,1
16280,137,11,1
16280,175,11,1
16280,194,11,1
16291,11,11,1
16291,27,11,1
16291,74,11,1
16291,91,11,1
16291,106,11,1
16291,138,11,1
16291,169,11,1
16315,3,11,1
16315,18,11,1
16315,48,11,1
16315,63,11,1
16315,79,11,1
16315,94,11,1
16323,32,11,1
16323,44,11,1
16323,63,11,1
16323,78,11,1
16335,37,11,0
16335,49,11,0
16335,85,11,0
16335,97,11,0
16335,121,11,0
16335,134,11,0
16347,2,11,0
16347,14,11,0
16347,26,11,0
16347,39,11,0
16347,63,11,0
16347,75,11,0
16347,111,11,0
16353,22,11,0
16353,72,11,0
16353,88,11,0
16353,105,11,0
16353,121,11,0
16353,139,11,0
16371,12,11,1
16371,32,11,1
16371,49,11,1
16371,78,11,1
16371,92,11,1
16376,6,11,1
16376,38,11,1
16376,69,11,1
16376,85,11,1
16376,101,11,1
16376,117,11,1
16388,11,11,0
16388,17,11,0
16388,49,11,0
16388,55,11,0
16388,60,11,0
16388,65,11,0
16395,10,11,0
16395,21,11,0
16395,47,11,0
16395,58,11,0
16395,66,11,0
16395,71,11,0
16412,18,11,0
16412,30,11,0
16412,58,11,0
16412,84,11,0
16417,24,11,1
16417,37,11,1
16417,62,11,1
16417,87,11,1
16417,99,11,1
16417,111,11,1
16439,105,11,0
16439,106,11,0
16439,107,11,0
16439,108,11,0
16439,320,11,0
16439,321,11,0
16439,323,11,0
16439,326,11,0
16449,21,11,0
16449,22,11,0
16449,23,11,0
16449,24,11,0
16449,49,11,0
16449,50,11,0
16449,60,11,0
16449,61,11,0
16456,1,11,0
16456,2,11,0
16456,4,11,0
16456,127,11,0
16456,128,11,0
16456,129,11,0
16456,130,11,0
16456,131,11,0
16467,6,11,0
16467,16,11,0
16467,28,11,0
16467,80,11,0
16467,89,11,0
16467,99,11,0
16467,111,11,0
16467,120,11,0
16475,1,11,0
16475,2,11,0
16475,3,11,0
16475,4,11,0
16475,85,11,0
16475,87,11,0
16475,88,11,0
16475,91,11,0
16486,57,11,1
16486,58,11,1
16486,59,11,1
16486,60,11,1
16486,176,11,1
16486,179,11,1
16486,180,11,1
16499,25,11,1
16499,27,11,1
16499,28,11,1
16499,60,11,1
16499,61,11,1
16499,62,11,1
16499,63,11,1
16531,10,11,0
16531,51,11,0
16531,71,11,0
16531,92,11,0
16531,112,11,0
16531,133,11,0
16547,54,11,0
16547,102,11,0
16547,127,11,0
16547,151,11,0
16547,175,11,0
16547,200,11,0
16559,3,11,1
16559,30,11,1
16559,44,11,1
16559,101,11,1
16565,108,11,0
16565,109,11,0
16565,110,11,0
16565,221,11,0
16565,222,11,0
16565,223,11,0
16565,229,11,0
16565,230,11,0
16571,9,11,0
16571,26,11,0
16571,55,11,0
16571,63,11,0
16571,72,11,0
16571,78,11,0
16571,86,11,0
16571,91,11,0
16581,53,11,0
16581,54,11,0
16581,55,11,0
16581,56,11,0
16581,144,11,0
16581,146,11,0
16581,147,11,0
16581,148,11,0
16582,17,11,0
16582,18,11,0
16582,19,11,0
16582,20,11,0
16582,170,11,0
16582,177,11,0
16582,178,11,0
16582,179,11,0
16590,1,11,0
16590,2,11,0
16590,3,11,0
16590,4,11,0
16590,141,11,0
16590,142,11,0
16590,143,11,0
16590,144,11,0
16597,41,11,0
16597,42,11,0
16597,43,11,0
16597,180,11,0
16597,183,11,0
16597,184,11,0
16597,185,11,0
16597,186,11,0
16640,24,11,1
16640,37,11,1
16640,69,11,1
16640,76,11,1
16642,29,11,1
16642,30,11,1
16642,31,11,1
16642,32,11,1
16642,106,11,1
16642,108,11,1
16642,110,11,1
16651,18,11,1
16651,20,11,1
16651,55,11,1
16651,57,11,1
16651,59,11,1
16676,3,11,0
16676,19,11,0
16676,34,11,0
16676,48,11,0
16676,61,11,0
16676,73,11,0
16688,6,11,0
16688,35,11,0
16688,79,11,0
16688,92,11,0
16688,109,11,0
16688,118,11,0
16695,144,11,1
16695,162,11,1
16695,178,11,1
16729,19,11,1
16729,76,11,1
16729,95,11,1
16729,115,11,1
16729,132,11,1
16732,16,11,0
16732,33,11,0
16732,59,11,0
16732,71,11,0
16732,96,11,0
16732,103,11,0
16734,21,11,0
16734,66,11,0
16734,89,11,0
16734,111,11,0
16734,133,11,0
16734,153,11,0
16741,15,11,0
16741,48,11,0
16741,65,11,0
16741,100,11,0
16741,133,11,0
16741,149,11,0
16763,61,11,0
16763,62,11,0
16763,160,11,0
16763,161,11,0
16763,162,11,0
16763,163,11,0
16763,164,11,0
16763,165,11,0
16778,9,11,0
16778,17,11,0
16778,25,11,0
16778,33,11,0
16778,50,11,0
16778,59,11,0
16778,83,11,0
16792,33,11,0
16792,34,11,0
16792,35,11,0
16792,36,11,0
16792,98,11,0
16792,99,11,0
16792,100,11,0
16792,104,11,0
16804,21,11,1
16804,24,11,1
16804,250,11,1
16804,252,11,1
16804,253,11,1
16812,34,11,0
16812,35,11,0
16812,36,11,0
16812,103,11,0
16812,105,11,0
16812,106,11,0
16812,107,11,0
16812,108,11,0
16822,6,11,1
16822,37,11,1
16822,60,11,1
16822,71,11,1
16822,93,11,1
16822,106,11,1
16834,81,11,0
16834,82,11,0
16834,84,11,0
16834,192,11,0
16834,193,11,0
16834,194,11,0
16834,195,11,0
16834,196,11,0
16845,20,11,1
16845,58,11,1
16845,61,11,1
16845,62,11,1
16845,63,11,1
16863,20,11,0
16863,48,11,0
16863,63,11,0
16863,77,11,0
16863,91,11,0
16871,16,11,0
16871,30,11,0
16871,42,11,0
16871,58,11,0
16871,100,11,0
16871,126,11,0
16871,142,11,0
16893,1,11,0
16893,19,11,0
16893,54,11,0
16893,72,11,0
16893,90,11,0
16893,108,11,0
16903,6,11,0
16903,19,11,0
16903,29,11,0
16903,34,11,0
16903,43,11,0
16903,55,11,0
16916,12,11,1
16916,29,11,1
16916,64,11,1
16916,81,11,1
16916,98,11,1
16916,115,11,1
16922,13,11,1
16922,48,11,1
16922,97,11,1
16922,113,11,1
16934,1,11,0
16934,19,11,0
16934,33,11,0
16934,65,11,0
16934,96,11,0
16934,109,11,0
16946,14,11,0
16946,32,11,0
16946,68,12,0
16946,68,22,0
16946,86,11,0
16946,104,11,0
16946,122,11,0
16956,15,11,0
16956,30,11,0
16956,57,11,0
16956,72,11,0
16956,89,11,0
16956,103,11,0
16968,2,11,0
16968,8,11,0
16968,16,11,0
16968,36,11,0
16968,44,11,0
16968,56,11,0
16987,14,11,0
16987,28,11,0
16987,55,11,0
16987,69,11,0
16987,82,11,0
16987,96,11,0
16997,19,11,0
16997,53,11,0
16997,70,11,0
16997,89,11,0
16997,106,11,0
16997,123,11,0
17002,2,11,0
17002,21,11,0
17002,40,11,0
17002,58,11,0
17002,96,11,0
17002,115,11,0
17015,5,11,0
17015,23,11,0
17015,41,11,0
17015,59,11,0
17015,78,11,0
17015,96,11,0
17033,7,11,1
17033,14,11,1
17033,21,11,1
17033,34,11,1
17033,47,11,1
17033,60,11,1
17034,29,11,1
17034,44,11,1
17034,60,11,1
17034,76,11,1
17034,92,11,1
17034,110,11,1
17049,1,11,1
17049,124,11,1
17049,149,11,1
17049,173,11,1
17049,197,11,1
17060,6,11,1
17060,28,11,1
17060,71,11,1
17060,93,11,1
17060,114,11,1
17060,136,11,1
17075,49,11,0
17075,50,11,0
17075,51,11,0
17075,52,11,0
17075,101,11,0
17075,102,11,0
17075,103,11,0
17075,105,11,0
17088,33,11,1
17088,34,11,1
17088,36,11,1
17088,284,11,1
17088,286,11,1
17088,288,11,1
17102,57,11,0
17102,76,11,0
17102,136,11,0
17102,154,11,0
17102,175,11,0
17102,194,11,0
17102,212,11,0
17108,5,11,0
17108,30,11,0
17108,51,11,0
17108,70,11,0
17108,91,11,0
17108,132,11,0
17135,6,11,0
17135,19,11,0
17135,56,11,0
17135,82,11,0
17135,93,11,0
17135,106,11,0
17140,2,11,1
17140,43,11,1
17140,83,11,1
17140,101,11,1
17140,121,11,1
17140,141,11,1
17154,3,11,0
17154,16,11,0
17154,28,11,0
17154,41,11,0
17154,66,11,0
17154,79,11,0
17172,9,11,0
17172,17,11,0
17172,35,11,0
17172,45,11,0
17172,68,11,0
17172,79,11,0
17182,18,11,0
17182,43,11,0
17182,65,11,0
17182,89,11,0
17182,112,11,0
17182,180,11,0
17196,4,11,0
17196,20,11,0
17196,34,11,0
17196,46,11,0
17196,86,11,0
17196,99,11,0
17201,11,11,1
17201,75,11,1
17201,107,11,1
17207,38,11,1
17207,64,11,1
17207,78,11,1
17207,116,11,1
17213,8,11,1
17213,38,11,1
17213,66,11,1
17213,82,11,1
17213,96,11,1
17220,15,11,0
17220,43,11,0
17220,55,11,0
17220,68,11,0
17220,79,11,0
17220,92,11,0
17250,6,11,0
17250,18,11,0
17250,27,11,0
17250,39,11,0
17250,48,11,0
17250,61,11,0
17250,71,11,0
17250,100,11,0
17253,13,11,0
17253,14,11,0
17253,16,11,0
17253,40,11,0
17253,42,11,0
17253,43,11,0
17253,44,11,0
17253,45,11,0
17272,29,11,0
17272,30,11,0
17272,31,11,0
17272,61,11,0
17272,62,11,0
17272,63,11,0
17272,64,11,0
17272,66,11,0
17286,145,11,1
17286,146,11,1
17286,147,11,1
17286,148,11,1
17286,296,11,1
17286,297,11,1
17286,298,11,1
17305,5,11,0
17305,7,11,0
17305,8,11,0
17305,34,11,0
17305,37,11,0
17305,38,11,0
17305,39,11,0
17305,40,11,0
17323,77,11,1
17323,78,11,1
17323,79,11,1
17323,80,11,1
17323,235,11,1
17323,236,11,1
17323,237,11,1
17323,238,11,1
17347,11,11,0
17347,29,11,0
17347,45,11,0
17347,82,11,0
17347,100,11,0
17347,120,11,0
17352,5,11,0
17352,41,11,0
17352,74,11,0
17352,92,11,0
17352,110,11,0
17352,126,11,0
17353,1,11,0
17353,11,11,0
17353,21,11,0
17353,43,11,0
17353,54,11,0
17353,61,11,0
17353,82,11,0
17353,96,11,0
17364,1,11,0
17364,22,13,0
17364,22,23,0
17364,22,33,0
17364,37,11,0
17364,53,11,0
17364,69,11,0
17364,85,11,0
17364,131,11,0
17364,147,11,0
17378,17,11,0
17378,36,12,0
17378,36,22,0
17378,55,11,0
17378,93,11,0
17378,113,11,0
17378,132,11,0
17395,19,11,0
17395,62,11,0
17395,85,11,0
17395,108,11,0
17395,130,11,0
17395,153,11,0
17405,9,11,1
17405,26,11,1
17405,33,11,1
17405,38,11,1
17405,44,11,1
17410,27,11,1
17410,40,11,1
17410,55,11,1
17410,83,11,1
17410,125,11,1
17421,14,11,1
17421,33,11,1
17421,71,11,1
17421,92,11,1
17421,110,12,1
17421,110,22,1
17421,131,11,1
17430,14,11,1
17430,35,11,1
17430,78,11,1
17430,101,12,1
17430,101,22,1
17430,122,11,1
17430,144,11,1
17446,6,11,0
17446,27,11,0
17446,65,11,0
17446,87,11,0
17446,109,11,0
17446,131,11,0
17461,9,11,0
17461,33,11,0
17461,74,11,0
17461,103,11,0
17461,126,11,0
17461,150,11,0
17480,17,11,0
17480,37,11,0
17480,48,11,0
17480,60,11,0
17480,71,11,0
17480,80,11,0
17487,12,11,1
17487,30,11,1
17487,64,11,1
17487,81,11,1
17487,99,11,1
17487,116,11,1
17494,9,11,1
17494,67,11,1
17494,96,11,1
17510,43,11,0
17510,56,11,0
17510,75,11,0
17510,87,11,0
17510,108,11,0
17510,123,11,0
17514,1,12,0
17514,1,22,0
17514,45,11,0
17514,64,11,0
17514,86,11,0
17514,108,11,0
17514,130,11,0
17536,77,11,1
17536,79,11,1
17536,80,11,1
17536,227,11,1
17536,228,11,1
17536,230,11,1
17536,231,11,1
17541,17,11,0
17541,19,11,0
17541,20,11,0
17541,133,11,0
17541,134,11,0
17541,135,11,0
17541,136,11,0
17541,138,11,0
17543,26,11,0
17543,27,11,0
17543,28,11,0
17543,96,11,0
17543,97,11,0
17543,98,11,0
17543,99,11,0
17543,100,11,0
17568,2,11,1
17568,3,11,1
17568,4,11,1
17568,80,11,1
17568,81,11,1
17568,82,11,1
17568,83,11,1
17568,84,11,1
17584,41,11,0
17584,79,11,0
17584,98,11,0
17584,118,11,0
17584,138,11,0
17584,174,11,0
17584,194,11,0
17600,16,11,0
17600,48,11,0
17600,65,11,0
17600,98,11,0
17600,114,11,0
17600,127,11,0
17603,6,11,0
17603,40,11,0
17603,50,11,0
17603,59,11,0
17603,70,11,0
17603,78,11,0
17603,88,11,0
17603,108,11,0
17611,6,11,0
17611,18,11,0
17611,54,11,0
17611,71,11,0
17611,85,11,0
17611,102,11,0
17630,31,11,0
17630,46,11,0
17630,63,11,0
17630,75,11,0
17630,88,11,0
17630,112,11,0
17653,9,11,1
17653,82,11,1
17653,97,11,1
17653,109,11,1
17653,122,11,1
17660,20,11,1
17660,40,12,1
17660,40,22,1
17660,59,11,1
17660,79,11,1
17660,140,11,1
17673,2,11,0
17673,20,11,0
17673,52,11,0
17673,69,11,0
17673,84,11,0
17673,101,11,0
17690,22,11,0
17690,46,11,0
17690,91,11,0
17690,115,11,0
17690,138,11,0
17690,162,11,0
17715,5,11,0
17715,19,11,0
17715,33,11,0
17715,47,11,0
17715,61,11,0
17715,89,11,0
17717,28,11,0
17717,50,11,0
17717,72,11,0
17717,95,11,0
17717,163,11,0
17717,184,11,0
17722,2,11,0
17722,19,11,0
17722,51,11,0
17722,68,11,0
17722,84,11,0
17722,118,11,0
17732,11,11,1
17732,23,11,1
17732,47,11,1
17732,59,11,1
17732,72,11,1
17732,84,11,1
17737,11,11,1
17737,26,11,1
17737,52,11,1
17737,70,11,1
17737,85,11,1
17737,100,11,1
17744,3,11,1
17744,14,11,1
17744,47,11,1
17744,59,11,1
17744,70,11,1
17762,61,11,0
17762,62,11,0
17762,63,11,0
17762,64,11,0
17762,174,11,0
17762,176,11,0
17762,177,11,0
17762,178,11,0
17770,133,11,0
17770,134,11,0
17770,135,11,0
17770,136,11,0
17770,385,11,0
17770,386,11,0
17770,387,11,0
17770,388,11,0
17777,125,11,1
17777,126,11,1
17777,127,11,1
17777,128,11,1
17777,408,12,1
17777,408,22,1
17777,409,11,1
17777,410,11,1
17777,412,11,1
17790,13,11,0
17790,35,11,0
17790,72,11,0
17790,110,11,0
17790,123,11,0
17790,158,11,0
17790,176,11,0
17794,11,11,0
17794,33,11,0
17794,144,11,0
17794,187,11,0
17794,230,11,0
17812,18,11,0
17812,89,11,0
17812,108,11,0
17812,126,11,0
17812,141,11,0
17812,156,11,0
17819,6,11,0
17819,67,11,0
17819,90,11,0
17819,108,11,0
17819,129,11,0
17819,146,11,0
17850,19,11,0
17850,42,11,0
17850,60,11,0
17850,104,11,0
17850,125,11,0
17850,148,11,0
17850,168,11,0
17850,190,11,0
17860,28,11,0
17860,47,11,0
17860,66,11,0
17860,76,11,0
17860,157,11,0
17878,1,11,0
17878,22,11,0
17878,49,11,0
17878,63,11,0
17878,79,11,0
17878,94,11,0
17885,28,11,0
17885,60,11,0
17885,74,11,0
17885,91,11,0
17885,112,11,0
17885,130,11,0
17885,162,11,0
17885,182,11,0
17896,11,14,0
17896,11,24,0
17896,11,34,0
17896,11,44,0
17896,39,11,0
17896,63,11,0
17896,74,11,0
17896,105,11,0
17896,119,11,0
17902,13,11,0
17902,33,11,0
17902,65,11,0
17902,92,11,0
17902,112,11,0
17902,135,11,0
17902,165,11,0
17902,184,11,0
17916,19,11,0
17916,42,11,0
17916,74,11,0
17916,94,12,0
17916,94,22,0
17916,114,11,0
17916,125,11,0
17921,11,11,0
17921,53,11,0
17921,69,11,0
17921,88,11,0
17921,106,11,0
17921,125,11,0
17939,2,11,0
17939,16,11,0
17939,30,11,0
17939,42,11,0
17939,56,11,0
17939,88,11,0
17939,111,11,0
17939,125,11,0
17968,3,11,0
17968,27,11,0
17968,51,11,0
17968,96,11,0
17968,122,11,0
17968,145,11,0
17969,29,11,0
17969,50,11,0
17969,70,11,0
17969,109,12,0
17969,109,22,0
17969,149,11,0
17969,170,11,0
17983,11,11,0
17983,24,11,0
17983,36,11,0
17983,52,11,0
17983,57,11,0
17983,113,11,0
17996,4,11,0
17996,21,11,0
17996,38,11,0
17996,55,11,0
17996,106,11,0
17996,123,11,0
18009,1,11,0
18009,23,11,0
18009,85,11,0
18009,107,11,0
18009,128,11,0
18009,149,11,0
18018,26,11,0
18018,41,11,0
18018,55,12,0
18018,55,22,0
18018,70,11,0
18018,86,11,0
18018,101,11,0
18030,4,11,0
18030,23,11,0
18030,64,11,0
18030,84,11,0
18030,103,11,0
18033,7,11,0
18033,58,11,0
18033,83,11,0
18033,112,11,0
18033,120,11,0
18039,2,11,0
18039,12,11,0
18039,33,11,0
18039,48,11,0
18039,64,11,0
18039,79,11,0
18065,19,11,0
18065,40,11,0
18065,81,11,0
18065,102,11,0
18065,122,11,0
18065,143,11,0
18090,22,11,0
18090,68,11,0
18090,92,11,0
18090,116,11,0
18090,136,11,0
18090,181,11,0
18102,37,11,0
18102,53,11,0
18102,85,11,0
18102,116,11,0
18102,132,11,0
18102,149,11,0
18102,163,11,0
18135,21,11,0
18135,42,11,0
18135,84,11,0
18135,106,11,0
18135,124,11,0
18135,149,11,0
18142,28,11,0
18142,48,11,0
18142,66,11,0
18142,88,11,0
18142,108,11,0
18142,128,11,0
18161,3,11,0
18161,32,11,0
18161,79,11,0
18161,101,11,0
18161,123,11,0
18161,144,11,0
18163,10,11,0
18163,60,11,0
18163,85,11,0
18163,108,11,0
18163,131,11,0
18163,155,11,0
18170,242,11,1
18170,686,11,1
18170,797,11,1
18182,47,11,1
18182,125,11,1
18182,144,11,1
18182,163,11,1
18182,182,12,1
18182,182,22,1
18182,202,11,1
18191,23,11,1
18191,39,11,1
18191,71,11,1
18191,121,11,1
18198,5,11,1
18198,120,11,1
18198,168,11,1
18198,215,11,1
18198,237,11,1
18233,59,11,1
18233,101,11,1
18233,163,11,1
18235,61,11,1
18235,80,11,1
18235,98,11,1
18235,151,11,1
18241,16,11,1
18241,34,11,1
18241,90,11,1
18241,108,11,1
18241,126,11,1
18256,16,11,0
18256,32,11,0
18256,65,11,0
18256,81,11,0
18256,98,11,0
18256,114,11,0
18265,2,11,1
18265,16,11,1
18265,71,11,1
18265,111,11,1
18265,124,11,1
18267,9,11,1
18267,62,11,1
18267,83,11,1
18267,119,11,1
18292,18,11,1
18292,37,11,1
18292,92,11,1
18292,111,11,1
18292,130,11,1
18303,1,11,1
18303,32,11,1
18303,84,11,1
18310,31,11,0
18310,49,11,0
18310,81,11,0
18310,98,11,0
18310,131,11,0
18310,153,11,0
18324,11,11,1
18324,28,11,1
18324,44,11,1
18324,61,11,1
18324,78,11,1
18324,95,11,1
18324,128,11,1
18329,29,11,1
18329,49,11,1
18329,98,11,1
18329,114,11,1
18329,144,11,1
18344,6,11,1
18344,41,11,1
18344,74,11,1
18370,5,11,0
18370,21,11,0
18370,36,11,0
18370,52,11,0
18370,83,11,0
18370,114,11,0
18393,12,11,0
18393,29,11,0
18393,60,11,0
18393,77,11,0
18393,93,11,0
18393,108,11,0
18402,15,11,0
18402,37,11,0
18402,79,11,0
18402,101,11,0
18402,123,11,0
18402,145,11,0
18420,51,11,0
18420,76,11,0
18420,103,11,0
18420,155,11,0
18420,181,11,0
18440,16,11,1
18440,41,11,1
18440,53,11,1
18440,61,11,1
18440,77,11,1
18451,1,11,0
18451,20,11,0
18451,103,11,0
18451,120,11,0
18451,135,11,0
18453,9,11,0
18453,40,11,0
18453,54,11,0
18453,71,11,0
18453,106,11,0
18453,119,11,0
18461,3,11,1
18461,21,11,1
18461,77,11,1
18461,113,11,1
18461,131,11,1
18470,10,11,1
18470,44,11,1
18470,61,11,1
18470,79,11,1
18470,95,11,1
18470,112,11,1
18474,13,11,1
18474,31,11,1
18474,48,11,1
18474,83,11,1
18474,101,11,1
18483,39,11,1
18483,54,11,1
18483,82,11,1
18483,96,11,1
18483,108,11,1
18515,61,11,0
18515,62,11,0
18515,63,11,0
18515,64,11,0
18515,125,11,0
18515,127,11,0
18515,128,11,0
18515,132,11,0
18523,42,11,1
18523,43,11,1
18523,44,11,1
18523,87,11,1
18523,93,11,1
18523,94,11,1
18523,96,11,1
18523,97,11,1
18557,6,11,1
18557,14,11,1
18557,22,11,1
18557,30,11,1
18557,46,11,1
18557,70,11,1
18557,78,11,1
18557,92,11,1
18585,11,11,0
18585,43,11,0
18585,55,11,0
18585,71,11,0
18585,88,11,0
18585,103,11,0
18590,38,11,0
18590,50,11,0
18590,66,11,0
18590,81,11,0
18590,96,11,0
18590,109,11,0
18601,22,11,0
18601,46,11,0
18601,69,11,0
18601,117,11,0
18601,140,11,0
18601,164,11,0
18604,27,11,0
18604,98,11,0
18604,123,13,0
18604,123,23,0
18604,123,33,0
18604,147,11,0
18604,172,11,0
18604,194,11,0
18646,8,11,0
18646,23,11,0
18646,37,11,0
18646,52,11,0
18646,67,11,0
18646,81,11,0
18649,3,11,1
18649,28,11,1
18649,40,11,1
18649,53,11,1
18649,68,11,1
18649,81,11,1
18649,93,11,1
18649,117,11,1
18655,8,11,1
18655,18,11,1
18655,27,11,1
18655,39,11,1
18655,49,11,1
18655,57,11,1
18657,10,11,0
18657,26,11,0
18657,41,11,0
18657,56,11,0
18657,71,11,0
18657,102,11,0
18662,39,11,0
18662,59,11,0
18662,81,11,0
18662,141,11,0
18662,159,11,0
18662,176,11,0
18679,8,11,0
18679,17,11,0
18679,33,11,0
18679,42,11,0
18679,49,11,0
18679,59,11,0
18698,30,11,1
18698,43,11,1
18698,58,11,1
18698,71,11,1
18698,85,11,1
18698,112,11,1
18700,9,11,1
18700,22,11,1
18700,60,11,1
18700,74,11,1
18741,1,11,0
18741,20,11,0
18741,38,11,0
18741,57,11,0
18741,94,11,0
18741,112,11,0
18741,167,11,0
18751,49,11,0
18751,50,11,0
18751,52,11,0
18751,135,11,0
18751,137,11,0
18751,138,11,0
18751,139,11,0
18751,140,11,0
18754,65,11,0
18754,66,11,0
18754,67,11,0
18754,68,11,0
18754,222,11,0
18754,223,11,0
18754,224,11,0
18754,225,11,0
18759,157,11,1
18759,160,11,1
18759,310,11,1
18759,313,11,1
18759,314,11,1
18779,87,11,1
18779,88,11,1
18779,295,11,1
18779,296,11,1
18779,297,11,1
18779,298,11,1
18801,11,11,0
18801,56,11,0
18801,85,11,0
18801,100,11,0
18801,113,11,0
18801,126,11,0
18803,15,11,0
18803,31,11,0
18803,47,11,0
18803,63,11,0
18803,127,11,0
18817,30,11,1
18817,61,11,1
18817,105,11,1
18822,33,11,1
18822,76,11,1
18822,91,11,1
18846,5,11,0
18846,22,11,0
18846,37,11,0
18846,54,11,0
18846,87,11,0
18846,103,11,0
18850,24,11,0
18850,66,11,0
18850,83,11,0
18850,98,11,0
18850,111,11,0
18874,77,11,0
18874,78,11,0
18874,79,11,0
18874,199,11,0
18874,200,11,0
18874,202,11,0
18874,204,11,0
18874,206,11,0
18903,7,11,0
18903,34,11,0
18903,48,11,0
18903,62,11,0
18903,75,11,0
18903,89,11,0
18903,114,11,0
18912,11,11,0
18912,26,11,0
18912,56,11,0
18912,71,11,0
18912,85,11,0
18912,100,11,0
18920,56,11,0
18920,74,11,0
18920,91,11,0
18920,126,11,0
18920,143,11,0
18920,161,11,0
18930,39,11,1
18930,53,11,1
18930,67,11,1
18930,81,11,1
18930,122,11,1
18938,20,11,1
18938,31,11,1
18938,88,11,1
18938,96,11,1
18944,18,11,0
18944,89,11,0
18944,124,11,0
18944,141,11,0
18944,157,11,0
18952,17,11,0
18952,34,11,0
18952,49,11,0
18952,69,11,0
18952,87,11,0
18952,103,11,0
18957,4,11,0
18957,23,11,0
18957,61,11,0
18957,80,11,0
18957,99,11,0
18957,118,11,0
18967,8,11,0
18967,40,11,0
18967,55,11,0
18967,90,11,0
18967,106,11,0
18967,134,11,0
18970,11,11,1
18970,43,11,1
18970,77,11,1
18970,94,11,1
18970,127,11,1
19008,49,11,0
19008,69,11,0
19008,89,11,0
19008,108,11,0
19008,128,11,0
19008,147,11,0
19026,29,11,0
19026,30,11,0
19026,31,11,0
19026,32,11,0
19026,104,11,0
19026,105,11,0
19026,106,11,0
19026,107,11,0
19031,5,11,0
19031,54,11,0
19031,65,11,0
19031,79,11,0
19031,92,11,0
19031,117,11,0
19031,139,11,0
19037,341,11,1
19037,344,11,1
19037,346,11,1
19037,347,11,1
19037,349,11,1
19037,350,11,1
19052,62,11,0
19052,73,11,0
19052,85,11,0
19060,3,11,0
19060,17,11,0
19060,25,11,0
19060,31,11,0
19060,38,11,0
19060,46,11,0
19060,53,11,0
19060,60,11,0
19079,15,11,1
19079,71,11,1
19079,92,11,1
19079,111,11,1
19079,130,11,1
19086,9,11,0
19086,44,11,0
19086,54,11,0
19086,63,11,0
19086,82,11,0
19086,89,11,0
19100,4,11,0
19100,49,11,0
19100,62,11,0
19100,91,11,0
19100,107,11,0
19105,20,11,1
19105,27,11,1
19105,42,11,1
19105,49,11,1
19105,55,11,1
19120,6,11,0
19120,17,11,0
19120,37,11,0
19120,49,11,0
19120,61,11,0
19120,72,11,0
19134,31,11,0
19134,32,11,0
19134,33,11,0
19134,34,11,0
19134,39,11,0
19134,40,11,0
19134,41,11,0
19134,42,11,0
19151,19,11,1
19151,26,11,1
19151,47,11,1
19151,71,11,1
19151,93,11,1
19166,5,11,0
19166,6,11,0
19166,7,11,0
19166,8,11,0
19166,101,11,0
19166,102,11,0
19166,103,11,0
19166,104,11,0
19167,21,11,1
19167,22,11,1
19167,23,11,1
19167,24,11,1
19167,39,11,1
19167,42,11,1
19167,44,11,1
19189,15,11,0
19189,48,11,0
19189,96,11,0
19189,111,11,0
19189,123,11,0
19189,134,11,0
19211,6,11,0
19211,20,11,0
19211,44,11,0
19211,57,11,0
19211,71,11,0
19211,84,11,0
19215,50,11,0
19215,151,11,0
19215,202,11,0
19215,303,11,0
19215,354,11,0
19215,453,11,0
19225,6,11,1
19225,36,11,1
19225,46,11,1
19231,6,11,1
19231,17,11,1
19231,37,11,1
19231,68,11,1
19247,7,11,0
19247,20,11,0
19247,41,11,0
19247,54,11,0
19247,67,11,0
19247,79,11,0
19266,21,11,0
19266,42,11,0
19266,74,11,0
19266,92,11,0
19266,111,11,0
19266,128,11,0
19280,8,11,0
19280,22,11,0
19280,51,11,0
19280,67,11,0
19280,79,11,0
19280,94,11,0
19295,14,11,0
19295,38,11,0
19295,83,11,0
19295,107,11,0
19295,130,11,0
19295,154,11,0
19300,18,11,0
19300,37,11,0
19300,55,11,0
19300,74,11,0
19300,93,11,0
19300,111,11,0
19301,49,11,0
19301,69,11,0
19301,89,11,0
19301,108,11,0
19301,128,11,0
19301,163,11,0
19325,5,11,0
19325,19,11,0
19325,45,11,0
19325,58,11,0
19325,72,11,0
19325,85,11,0
19328,22,11,0
19328,37,11,0
19328,51,11,0
19328,64,11,0
19328,89,11,0
19328,100,11,0
19351,10,11,1
19351,77,11,1
19351,92,11,1
19351,109,11,1
19354,29,11,0
19354,44,11,0
19354,60,12,0
19354,60,22,0
19354,76,11,0
19354,93,11,0
19354,109,11,0
19356,20,11,1
19356,43,11,1
19356,63,11,1
19356,86,11,1
19356,130,11,1
19356,152,11,1
19375,15,11,1
19375,50,11,1
19375,69,11,1
19375,86,11,1
19375,105,11,1
19422,33,11,0
19422,34,11,0
19422,35,11,0
19422,36,11,0
19422,172,11,0
19422,173,11,0
19422,175,11,0
19422,176,11,0
19423,5,11,0
19423,6,11,0
19423,7,11,0
19423,8,11,0
19423,161,11,0
19423,162,11,0
19423,163,11,0
19423,164,11,0
19430,61,11,0
19430,64,11,0
19430,185,11,0
19430,186,11,0
19430,187,11,0
19430,188,11,0
19430,189,11,0
19430,190,11,0
19431,98,11,1
19431,99,11,1
19431,100,11,1
19431,210,11,1
19431,213,11,1
19431,216,11,1
19431,217,11,1
19440,48,11,0
19440,63,11,0
19440,125,11,0
19440,138,11,0
19440,172,11,0
19458,41,11,1
19458,120,11,1
19458,131,11,1
19458,148,11,1
19470,15,11,1
19470,71,11,1
19470,90,11,1
19470,128,11,1
19480,3,11,0
19480,19,11,0
19480,26,11,0
19480,40,11,0
19480,61,11,0
19480,81,11,0
19488,44,11,0
19488,63,11,0
19488,118,11,0
19488,137,11,0
19488,151,11,0
19508,14,11,0
19508,31,11,0
19508,75,11,0
19508,88,11,0
19508,104,11,0
19508,117,11,0
19509,119,11,1
19509,141,11,1
19511,27,11,0
19511,46,11,0
19511,85,11,0
19511,124,11,0
19511,139,11,0
19511,160,11,0
19568,14,11,0
19568,16,11,0
19568,102,11,0
19568,103,11,0
19568,104,11,0
19568,105,11,0
19568,106,11,0
19568,107,11,0
19572,11,11,0
19572,22,11,0
19572,60,11,0
19572,71,11,0
19572,96,11,0
19572,120,11,0
19582,39,11,0
19582,129,11,0
19582,130,11,0
19582,146,11,0
19582,148,11,0
19582,149,11,0
19582,150,11,0
19582,152,11,0
19597,29,11,1
19597,147,11,1
19597,148,11,1
19597,151,11,1
19597,153,11,1
19597,155,11,1
19614,73,11,0
19614,75,11,0
19614,76,11,0
19614,230,11,0
19614,231,11,0
19614,232,11,0
19614,234,11,0
19614,235,11,0
19616,2,11,1
19616,4,11,1
19616,185,11,1
19616,186,11,1
19616,187,11,1
19616,188,11,1
19620,50,11,0
19620,131,11,0
19620,132,11,0
19620,134,11,0
19620,135,11,0
19620,136,11,0
19620,138,11,0
19620,139,11,0
19632,4,11,0
19632,20,11,0
19632,51,11,0
19632,66,11,0
19632,84,11,0
19632,97,11,0
19641,16,11,1
19641,54,11,1
19641,92,11,1
19641,187,11,1
19663,2,11,0
19663,28,11,0
19663,51,11,0
19663,64,11,0
19663,76,11,0
19663,86,11,0
19669,4,11,0
19669,16,11,0
19669,29,11,0
19669,79,11,0
19669,104,11,0
19681,5,11,1
19681,18,11,1
19681,58,11,1
19681,71,11,1
19681,85,11,1
19704,17,11,0
19704,18,11,0
19704,19,11,0
19704,20,11,0
19704,102,11,0
19704,103,11,0
19704,104,11,0
19704,105,11,0
19709,25,11,0
19709,26,11,0
19709,27,11,0
19709,28,11,0
19709,89,11,0
19709,90,11,0
19709,91,11,0
19709,92,11,0
19713,116,11,1
19713,302,11,1
19713,303,11,1
19713,305,11,1
19713,306,11,1
19713,307,11,1
19713,308,11,1
19727,17,11,0
19727,34,11,0
19727,63,13,0
19727,63,23,0
19727,63,33,0
19727,76,11,0
19727,94,11,0
19727,115,11,0
19727,127,11,0
19727,159,11,0
19744,29,11,0
19744,52,11,0
19744,75,11,0
19744,98,11,0
19744,122,11,0
19744,145,11,0
19757,2,11,0
19757,20,11,0
19757,36,11,0
19757,52,11,0
19757,69,11,0
19757,102,11,0
19757,133,11,0
19757,165,11,0
19760,51,11,1
19760,77,11,1
19760,90,11,1
19760,102,11,1
19760,113,12,1
19760,113,22,1
19771,10,11,0
19771,59,11,0
19771,75,11,0
19771,92,11,0
19771,108,11,0
19771,125,11,0
19788,7,11,1
19788,22,11,1
19788,73,11,1
19788,105,11,1
19788,122,11,1
19809,17,11,0
19809,18,11,0
19809,19,11,0
19809,117,11,0
19809,119,11,0
19809,120,11,0
19809,122,11,0
19809,123,11,0
19826,20,11,0
19826,45,11,0
19826,59,11,0
19826,70,11,0
19826,83,11,0
19826,105,11,0
19826,118,11,0
19853,9,11,0
19853,22,11,0
19853,32,11,0
19853,56,11,0
19853,71,11,0
19853,76,11,0
19853,82,11,0
19866,4,11,0
19866,22,11,0
19866,57,11,0
19866,93,11,0
19866,111,11,0
19866,147,11,0
19866,165,11,0
19888,15,11,0
19888,30,11,0
19888,45,11,0
19888,105,11,0
19888,120,11,0
19888,133,11,0
19899,2,11,0
19899,18,11,0
19899,35,11,0
19899,49,11,0
19899,67,11,0
19899,116,11,0
19910,9,11,0
19910,31,11,0
19910,53,11,0
19910,74,11,0
19910,96,11,0
19910,140,11,0
19922,12,11,0
19922,27,11,0
19922,53,11,0
19922,78,11,0
19922,91,11,0
19936,31,11,1
19936,74,11,1
19936,104,11,1
19936,116,11,1
19943,2,11,0
19943,19,11,0
19943,26,11,0
19943,34,11,0
19943,41,11,0
19943,48,11,0
19944,31,11,0
19944,45,11,0
19944,64,11,0
19944,96,11,0
19944,108,11,0
19944,119,11,0
19954,25,11,1
19954,34,11,1
19954,59,11,1
19954,65,11,1
19960,10,11,1
19960,37,11,1
19960,53,11,1
19960,94,11,1
19960,106,11,1
19960,119,11,1
19960,134,11,1
19960,147,11,1
19976,5,11,1
19976,59,11,1
19976,96,11,1
19976,133,11,1
19985,11,11,0
19985,27,11,0
19985,39,11,0
19985,63,11,0
19985,99,11,0
19985,112,11,0
20006,10,11,1
20006,37,11,1
20006,48,11,1
20006,75,11,1
20006,106,11,1
20008,22,11,1
20008,23,11,1
20008,67,11,1
20008,68,11,1
20015,12,11,0
20015,25,11,0
20015,28,11,0
20015,52,11,0
20015,81,11,0
20015,122,11,0
20015,149,11,0
20015,161,11,0
20017,45,11,0
20017,46,11,0
20017,47,11,0
20017,48,11,0
20017,108,11,0
20017,109,11,0
20017,110,11,0
20017,111,11,0
20067,11,11,0
20067,39,11,0
20067,53,11,0
20067,68,11,0
20067,82,11,0
20067,108,11,0
20076,22,11,0
20076,32,11,0
20076,44,11,0
20076,55,11,0
20076,67,11,0
20076,78,11,0
20093,68,11,1
20093,82,11,1
20093,104,11,1
20106,16,11,0
20106,32,11,0
20106,60,11,0
20106,74,11,0
20106,88,11,0
20106,101,11,0
20110,4,11,0
20110,17,11,0
20110,41,11,0
20110,53,11,0
20110,65,12,0
20110,65,22,0
20110,77,11,0
20115,5,11,0
20115,21,11,0
20115,55,11,0
20115,71,11,0
20115,83,11,0
20115,102,11,0
20126,33,11,0
20126,49,11,0
20126,67,11,0
20126,84,11,0
20126,120,11,0
20126,150,11,0
20150,6,11,1
20150,16,11,1
20150,37,11,1
20150,47,11,1
20150,57,11,1
20150,67,11,1
20157,8,11,1
20157,16,11,1
20157,23,11,1
20157,31,11,1
20157,48,11,1
20157,57,11,1
20168,2,11,0
20168,9,11,0
20168,11,11,0
20168,14,11,0
20168,15,11,0
20168,16,11,0
20168,21,11,0
20168,22,11,0
20188,12,11,0
20188,46,11,0
20188,64,11,0
20188,81,11,0
20188,98,11,0
20188,115,11,0
20206,12,11,0
20206,30,11,0
20206,66,11,0
20206,85,11,0
20206,102,11,0
20206,119,11,0
20208,20,11,0
20208,34,11,0
20208,49,11,0
20208,63,11,0
20208,76,11,0
20208,90,11,0
20226,4,11,0
20226,19,11,0
20226,52,11,0
20226,67,11,0
20226,83,11,0
20226,98,11,0
20232,3,11,0
20232,8,11,0
20232,14,11,0
20232,21,11,0
20232,27,11,0
20232,53,11,0
20267,4,11,1
20267,40,11,1
20267,49,11,1
20274,6,11,1
20274,25,11,1
20274,60,11,1
20274,95,11,1
20274,130,11,1
20283,2,11,1
20283,34,11,1
20283,81,11,1
20283,125,11,1
20289,9,11,0
20289,26,11,0
20289,59,11,0
20289,72,11,0
20289,86,11,0
20289,101,11,0
20302,3,11,0
20302,40,11,0
20302,59,11,0
20302,95,11,0
20302,113,11,0
20302,150,11,0
20315,4,11,1
20315,16,11,1
20315,24,11,1
20315,28,11,1
20315,34,11,1
20315,41,11,1
20320,45,11,0
20320,46,11,0
20320,47,11,0
20320,48,11,0
20320,149,11,0
20320,150,11,0
20320,151,11,0
20320,152,11,0
20333,1,11,0
20333,2,11,0
20333,4,11,0
20333,97,11,0
20333,98,11,0
20333,99,11,0
20333,100,11,0
20333,101,11,0
20335,13,11,1
20335,16,11,1
20335,125,11,1
20335,128,11,1
20335,129,11,1
20512,57,11,0
20512,58,11,0
20512,149,11,0
20512,151,11,0
20512,153,11,0
20512,155,11,0
20512,157,11,0
20512,160,11,0
20543,14,11,0
20543,32,11,0
20543,52,11,0
20543,70,11,0
20543,107,11,0
20543,162,11,0
20571,25,11,1
20571,26,11,1
20571,27,11,1
20571,28,11,1
20571,56,11,1
20571,60,11,1
20574,3,11,0
20574,24,11,0
20574,66,11,0
20574,87,11,0
20574,128,11,0
20574,169,11,0
20575,19,11,1
20575,34,11,1
20575,49,11,1
20575,64,11,1
20575,111,11,1
20575,126,11,1
20592,12,11,1
20592,35,11,1
20592,68,11,1
20592,81,11,1
20592,91,11,1
20609,73,11,0
20609,75,11,0
20609,76,11,0
20609,180,11,0
20609,182,11,0
20609,184,11,0
20609,185,11,0
20609,186,11,0
20614,57,11,1
20614,58,11,1
20614,59,11,1
20614,158,11,1
20614,159,11,1
20614,160,11,1
20632,11,11,0
20632,52,11,0
20632,53,11,0
20632,54,11,0
20632,55,11,0
20632,56,11,0
20632,57,11,0
20632,59,11,0
20637,3,11,0
20637,9,11,0
20637,22,11,0
20637,29,11,0
20637,35,11,0
20637,54,11,0
20637,61,11,0
20637,74,11,0
20702,16,11,0
20702,34,11,0
20702,52,11,0
20702,88,11,0
20702,107,11,0
20702,143,11,0
20703,10,11,0
20703,81,11,0
20703,82,11,0
20703,84,11,0
20703,85,11,0
20703,86,11,0
20703,88,11,0
20703,90,11,0
20705,25,11,0
20705,26,11,0
20705,27,11,0
20705,28,11,0
20705,89,11,0
20705,90,11,0
20705,92,11,0
20705,93,11,0
15011,3,11,0
15011,23,11,0
15011,43,11,0
15011,62,11,0
15011,102,11,0
15011,123,11,0
15014,10,11,1
15014,25,11,1
15014,39,11,1
15014,68,11,1
15014,82,11,1
15014,96,11,1
15041,10,11,0
15041,33,11,0
15041,80,11,0
15041,102,11,0
15041,125,11,0
15041,148,11,0
15042,39,11,1
15042,59,11,1
15042,80,11,1
15042,140,11,1
15050,11,11,0
15050,59,11,0
15050,104,11,0
15050,149,11,0
15050,172,11,0
15050,196,11,0
15055,5,11,0
15055,25,11,0
15055,45,11,0
15055,64,11,0
15055,104,11,0
15055,124,11,0
15074,4,11,1
15074,18,11,1
15074,46,11,1
15074,59,11,1
15074,74,11,1
15074,88,11,1
15077,85,11,0
15077,87,11,0
15077,88,11,0
15077,200,11,0
15077,201,11,0
15077,202,11,0
15077,203,11,0
15077,205,11,0
15096,25,11,1
15096,26,11,1
15096,27,11,1
15096,87,11,1
15096,89,11,1
15096,90,11,1
15118,9,11,0
15118,10,11,0
15118,11,11,0
15118,12,11,0
15118,70,11,0
15118,71,11,0
15118,72,11,0
15118,73,11,0
15126,1,11,0
15126,10,11,0
15126,21,11,0
15126,30,11,0
15126,60,11,0
15126,69,11,0
15126,76,11,0
15126,87,11,0
15131,9,11,0
15131,10,11,0
15131,11,11,0
15131,12,11,0
15131,62,11,0
15131,63,11,0
15131,64,11,0
15131,65,11,0
15154,45,11,0
15154,46,11,0
15154,47,11,0
15154,48,11,0
15154,180,11,0
15154,181,11,0
15154,182,11,0
15154,183,11,0
15175,81,11,1
15175,82,11,1
15175,83,11,1
15175,84,11,1
15175,85,11,1
15175,86,11,1
15175,87,11,1
15175,88,11,1
15179,57,11,1
15179,58,11,1
15179,59,11,1
15179,60,11,1
15179,168,11,1
15179,169,11,1
15179,170,11,1
15179,171,11,1
15190,7,11,0
15190,40,11,0
15190,56,11,0
15190,73,11,0
15190,90,11,0
15190,108,11,0
15190,156,11,0
15192,9,11,0
15192,25,12,0
15192,25,22,0
15192,59,11,0
15192,76,11,0
15192,89,11,0
15192,114,11,0
15213,16,11,0
15213,37,11,0
15213,59,11,0
15213,78,11,0
15213,99,11,0
15213,121,11,0
15223,14,11,0
15223,46,11,0
15223,74,11,0
15223,87,11,0
15223,101,11,0
15223,114,11,0
15234,14,11,1
15234,27,11,1
15234,53,11,1
15234,79,11,1
15234,92,11,1
15252,46,11,0
15252,65,11,0
15252,106,11,0
15252,126,11,0
15252,145,11,0
15267,4,11,1
15267,20,11,1
15267,32,11,1
15267,46,11,1
15267,69,11,1
15267,104,11,1
15278,17,11,1
15278,19,11,1
15278,72,11,1
15278,73,11,1
15278,74,11,1
15278,75,11,1
15278,76,11,1
15288,17,11,0
15288,40,11,0
15288,63,11,0
15288,86,11,0
15288,110,11,0
15288,175,11,0
15298,14,11,1
15298,26,11,1
15298,38,11,1
15298,62,11,1
15298,73,11,1
15298,109,11,1
15311,8,11,0
15311,26,11,0
15311,62,11,0
15311,80,11,0
15311,98,11,0
15311,135,11,0
15329,4,11,0
15329,20,11,0
15329,35,11,0
15329,44,11,0
15329,71,11,0
15329,82,11,0
15329,90,11,0
15329,132,11,0
15349,69,11,0
15349,70,11,0
15349,72,11,0
15349,163,11,0
15349,164,11,0
15349,165,11,0
15349,166,11,0
15349,167,11,0
15359,30,11,0
15359,32,11,0
15359,95,11,0
15359,97,11,0
15359,98,11,0
15359,99,11,0
15359,100,11,0
15359,102,11,0
15369,61,11,1
15369,62,11,1
15369,63,11,1
15369,64,11,1
15369,157,11,1
15369,158,11,1
15369,159,11,1
15369,160,11,1
15379,9,11,1
15379,22,11,1
15379,25,11,1
15379,29,11,1
15393,4,11,0
15393,30,11,0
15393,56,11,0
15393,85,11,0
15393,109,11,0
15393,160,11,0
15404,34,11,0
15404,45,11,0
15404,59,11,0
15404,72,11,0
15404,85,11,0
15404,107,11,0
15404,119,11,0
15418,12,11,0
15418,43,11,0
15418,56,11,0
15418,71,11,0
15418,111,11,0
15418,124,11,0
15432,13,11,0
15432,28,11,0
15432,42,11,0
15432,71,11,0
15432,86,11,0
15432,101,11,0
15437,20,11,1
15437,53,11,1
15437,90,11,1
15454,41,11,0
15454,42,11,0
15454,43,11,0
15454,44,11,0
15454,95,11,0
15454,97,11,0
15454,98,11,0
15454,101,11,0
15470,66,11,0
15470,67,11,0
15470,68,11,0
15470,160,11,0
15470,162,11,0
15470,163,11,0
15470,164,11,0
15470,165,11,0
15478,53,11,0
15478,54,11,0
15478,55,11,0
15478,56,11,0
15478,120,11,0
15478,121,11,0
15478,122,11,0
15478,123,11,0
15488,1,11,0
15488,2,11,0
15488,3,11,0
15488,4,11,0
15488,93,11,0
15488,94,11,0
15488,95,11,0
15488,96,11,0
15504,25,11,1
15504,26,11,1
15504,28,11,1
15504,80,11,1
15504,81,11,1
15504,83,11,1
15504,84,11,1
15504,86,11,1
15512,8,11,1
15512,19,11,1
15512,28,11,1
15512,40,11,1
15512,61,11,1
15512,72,11,1
15512,101,11,1
15532,11,11,0
15532,15,11,0
15532,50,11,0
15532,55,11,0
15532,65,11,0
15532,90,11,0
15541,1,11,0
15541,20,11,0
15541,64,11,0
15541,94,11,0
15541,108,11,0
15541,119,11,0
15543,9,11,0
15543,34,11,0
15543,44,12,0
15543,44,22,0
15543,56,11,0
15543,78,11,0
15543,88,11,0
15562,7,11,1
15562,25,11,1
15562,62,11,1
15562,79,11,1
15566,26,11,0
15566,37,11,0
15566,47,11,0
15566,68,11,0
15566,78,11,0
15566,84,11,0
15569,9,11,0
15569,17,11,0
15569,54,11,0
15569,70,11,0
15569,86,11,0
15569,133,11,0
15569,150,12,0
15569,150,22,0
15597,12,11,0
15597,26,11,0
15597,53,11,0
15597,67,11,0
15597,80,11,0
15597,94,11,0
15610,17,11,0
15610,33,11,0
15610,46,11,0
15610,61,11,0
15610,76,11,0
15610,91,11,0
15630,7,11,1
15630,21,11,1
15630,48,11,1
15630,61,11,1
15630,88,11,1
15636,81,11,1
15636,113,11,1
15636,176,11,1
15636,208,11,1
15636,270,11,1
15653,23,11,0
15653,59,11,0
15653,78,11,0
15653,94,11,0
15653,112,11,0
15655,15,11,1
15655,38,11,1
15655,74,11,1
15655,83,11,1
15661,5,11,0
15661,15,11,0
15661,35,11,0
15661,47,11,0
15661,68,11,0
15677,7,11,0
15677,21,11,0
15677,47,11,0
15677,60,11,0
15677,74,11,0
15677,112,11,0
15683,9,11,0
15683,22,11,0
15683,32,11,0
15683,55,11,0
15683,64,12,0
15683,64,22,0
15683,75,11,0
15689,9,11,0
15689,22,11,0
15689,46,11,0
15689,56,11,0
15689,66,11,0
15689,75,11,0
15736,5,11,1
15736,16,11,1
15736,48,11,1
15736,60,11,1
15736,72,11,1
15745,1,11,0
15745,10,11,0
15745,40,11,0
15745,50,11,0
15745,59,11,0
15745,67,11,0
15745,89,11,0
15745,98,11,0
15759,50,11,0
15759,51,11,0
15759,52,11,0
15759,53,11,0
15759,98,11,0
15759,105,11,0
15759,106,11,0
15759,107,11,0
15776,31,11,1
15776,32,11,1
15776,67,11,1
15776,70,11,1
15776,72,11,1
15781,1,13,0
15781,1,23,0
15781,1,33,0
15781,15,11,0
15781,28,11,0
15781,54,11,0
15781,67,11,0
15781,93,11,0
15785,3,11,0
15785,64,11,0
15785,84,11,0
15785,101,11,0
15785,155,11,0
15793,20,11,0
15793,43,11,0
15793,110,11,0
15793,155,11,0
15793,175,11,0
15840,16,11,0
15840,33,11,0
15840,49,11,0
15840,65,11,0
15840,82,11,0
15840,116,11,0
15843,3,11,0
15843,16,11,0
15843,41,11,0
15843,73,11,0
15843,96,11,0
15843,107,11,0
15849,14,11,1
15849,29,11,1
15849,83,11,1
15849,101,11,1
15849,136,11,1
15849,154,11,1
15855,29,11,1
15855,45,11,1
15855,91,11,1
15855,121,11,1
15855,134,11,1
15881,9,11,0
15881,11,11,0
15881,167,11,0
15881,168,11,0
15881,169,11,0
15881,170,11,0
15881,171,11,0
15881,172,11,0
15886,31,11,0
15886,46,11,0
15886,61,11,0
15886,77,11,0
15886,92,11,0
15886,105,11,0
15886,133,11,0
15886,147,11,0
15896,53,11,0
15896,54,11,0
15896,55,11,0
15896,56,11,0
15896,130,11,0
15896,131,11,0
15896,132,11,0
15896,133,11,0
15911,17,11,1
15911,19,11,1
15911,20,11,1
15911,32,11,1
15911,41,11,1
15911,42,11,1
15911,46,11,1
15911,47,11,1
15919,1,11,1
15919,10,11,1
15919,19,11,1
15919,54,11,1
15919,62,11,1
15919,69,11,1
15919,77,11,1
15919,84,11,1
15940,46,11,1
15940,48,11,1
15940,155,11,1
15940,156,11,1
15940,157,11,1
15940,159,11,1
15940,160,11,1
15940,161,11,1
15947,53,11,0
15947,54,11,0
15947,112,11,0
15947,118,11,0
15947,120,11,0
15947,129,11,0
15947,132,11,0
15947,134,11,0
15966,12,11,0
15966,68,11,0
15966,124,11,0
15974,22,11,0
15974,46,11,0
15974,120,11,0
15974,142,11,0
15974,192,11,0
15974,216,11,0
15982,26,11,1
15982,39,11,1
15982,68,11,1
15982,98,11,1
15982,111,11,1
15982,125,11,1
15982,139,11,1
16016,2,11,0
16016,21,11,0
16016,53,11,0
16016,72,11,0
16016,93,11,0
16016,107,11,0
16018,19,11,0
16018,42,11,0
16018,84,11,0
16018,105,11,0
16018,125,11,0
16018,145,11,0
16024,15,11,0
16024,28,11,0
16024,53,11,0
16024,65,11,0
16024,80,11,0
16032,15,11,1
16032,31,11,1
16032,47,11,1
16032,80,11,1
16032,96,11,1
16032,114,11,1
16036,14,11,1
16036,34,11,1
16036,44,11,1
16036,65,11,1
16036,74,11,1
16036,81,11,1
16039,9,11,0
16039,10,11,0
16039,11,11,0
16039,12,11,0
16039,139,11,0
16039,141,11,0
16039,142,11,0
16039,143,11,0
16045,89,11,0
16045,217,11,0
16045,219,11,0
16045,220,11,0
16045,221,11,0
16045,222,11,0
16045,223,11,0
16045,224,11,0
16053,3,11,0
16053,31,11,0
16053,40,11,0
16053,50,11,0
16053,59,11,0
16053,68,11,0
16053,78,11,0
16053,87,11,0
16077,77,11,0
16077,78,11,0
16077,79,11,0
16077,80,11,0
16077,193,11,0
16077,195,11,0
16077,196,11,0
16077,197,11,0
16085,113,11,0
16085,114,11,0
16085,115,11,0
16085,249,11,0
16085,250,11,0
16085,251,11,0
16085,252,11,0
16085,253,11,0
16095,9,11,0
16095,10,11,0
16095,11,11,0
16095,12,11,0
16095,41,11,0
16095,42,11,0
16095,43,11,0
16095,44,11,0
16114,33,11,1
16114,34,11,1
16114,35,11,1
16114,441,11,1
16114,442,11,1
16114,443,11,1
16114,444,11,1
16119,54,11,1
16119,55,11,1
16119,110,11,1
16119,111,11,1
16119,113,11,1
16119,116,11,1
16141,5,11,0
16141,7,11,0
16141,79,11,0
16141,85,11,0
16141,86,11,0
16141,87,11,0
16141,88,11,0
16141,89,11,0
16155,13,11,1
16155,14,11,1
16155,16,11,1
16155,69,11,1
16155,70,11,1
16155,71,11,1
16155,72,11,1
16177,3,11,0
16177,21,11,0
16177,57,11,0
16177,77,11,0
16177,93,11,0
16177,111,11,0
16179,18,11,0
16179,36,11,0
16179,54,11,0
16179,71,11,0
16179,108,11,0
16179,128,11,0
16179,162,12,0
16179,162,22,0
16179,180,11,0
16201,14,11,0
16201,36,11,0
16201,58,11,0
16201,84,11,0
16201,104,11,0
16201,126,11,0
16201,151,11,0
16201,189,11,0
16214,21,11,0
16214,33,12,0
16214,33,22,0
16214,47,11,0
16214,60,11,0
16214,74,11,0
16214,87,11,0
16227,8,11,0
16227,26,11,0
16227,62,11,0
16227,80,11,0
16227,100,11,0
16240,24,11,0
16240,39,11,0
16240,52,11,0
16240,66,11,0
16240,79,11,0
16258,18,11,0
16258,34,11,0
16258,73,11,0
16258,91,12,0
16258,91,22,0
16258,110,11,0
16258,128,11,0
16266,24,11,0
16266,37,11,0
16266,47,11,0
16266,61,11,0
16266,68,11,0
16266,84,11,0
16274,21,11,0
16274,37,11,0
16274,63,11,0
16274,80,11,0
16274,90,11,0
16274,116,11,0
16275,9,11,1
16275,21,11,1
16275,82,11,1
16275,94,11,1
16293,87,11,1
16293,182,11,1
16298,46,11,1
16298,65,11,1
16298,107,11,1
16298,128,11,1
16309,11,11,1
16309,28,11,1
16309,45,11,1
16309,79,11,1
16309,112,11,1
16309,129,11,1
16309,162,11,1
16309,178,11,1
16328,31,11,1
16328,72,11,1
16328,93,11,1
16328,114,11,1
16352,16,11,0
16352,44,11,0
16352,53,11,0
16352,65,11,0
16352,90,11,0
16364,23,11,0
16364,141,11,0
16364,180,11,0
16364,220,11,0
16364,260,11,0
16364,299,11,0
16364,417,11,0
16366,10,11,0
16366,24,11,0
16366,56,11,0
16366,71,11,0
16366,85,11,0
16366,100,11,0
16386,4,11,1
16386,18,11,1
16386,25,11,1
16403,49,11,0
16403,66,11,0
16403,99,11,0
16403,115,11,0
16403,132,11,0
16404,7,11,1
16404,118,11,1
16404,136,11,1
16406,30,11,0
16406,45,11,0
16406,60,11,0
16406,77,11,0
16406,92,11,0
16406,134,11,0
16429,8,11,0
16429,22,11,0
16429,47,11,0
16429,74,11,0
16429,87,11,0
16429,97,11,0
16454,33,11,0
16454,34,11,0
16454,90,11,0
16454,91,11,0
16454,94,11,0
16454,95,11,0
16454,96,11,0
16454,97,11,0
16459,5,11,0
16459,6,11,0
16459,8,11,0
16459,65,11,0
16459,66,11,0
16459,68,11,0
16459,69,11,0
16459,71,11,0
16462,57,11,0
16462,58,11,0
16462,59,11,0
16462,130,11,0
16462,131,11,0
16462,134,11,0
16462,135,11,0
16462,137,11,0
16482,85,11,0
16482,86,11,0
16482,87,11,0
16482,89,11,0
16482,92,11,0
16482,93,11,0
16482,94,11,0
16482,95,11,0
16491,130,11,1
16491,132,11,1
16491,281,11,1
16491,282,11,1
16491,283,11,1
16491,288,11,1
16500,28,11,1
16500,38,11,1
16500,59,11,1
16500,67,11,1
16500,105,11,1
16500,115,11,1
16502,149,11,1
16502,150,11,1
16502,151,11,1
16502,152,11,1
16502,154,11,1
16502,155,11,1
16523,59,11,0
16523,77,11,0
16523,111,11,0
16523,128,11,0
16523,146,11,0
16523,162,11,0
16523,178,11,0
16540,8,11,0
16540,20,11,0
16540,40,11,0
16540,48,11,0
16540,58,11,0
16540,67,11,0
16560,46,11,1
16560,62,11,1
16560,77,11,1
16560,92,11,1
16560,104,11,1
16560,117,11,1
16567,56,11,0
16567,145,11,0
16567,147,11,0
16567,148,11,0
16567,149,11,0
16567,150,11,0
16567,151,11,0
16567,152,11,0
16573,13,11,0
16573,14,11,0
16573,16,11,0
16573,80,11,0
16573,84,11,0
16573,89,11,0
16573,90,11,0
16573,91,11,0
16587,3,11,0
16587,17,11,0
16587,24,11,0
16587,48,11,0
16587,52,11,0
16587,60,11,0
16587,67,11,0
16587,73,11,0
16602,1,11,0
16602,2,11,0
16602,29,11,0
16602,32,11,0
16602,37,11,0
16602,38,11,0
16602,39,11,0
16602,40,11,0
16618,69,11,0
16618,71,11,0
16618,72,11,0
16618,157,11,0
16618,159,11,0
16618,160,11,0
16618,161,11,0
16618,163,11,0
16631,7,11,1
16631,29,11,1
16631,51,11,1
16631,62,11,1
16631,74,11,1
16631,107,11,1
16631,117,11,1
16638,34,11,1
16638,35,11,1
16638,36,11,1
16638,96,11,1
16638,97,11,1
16638,100,11,1
16638,101,11,1
16641,54,11,0
16641,56,11,0
16641,166,11,0
16641,167,11,0
16641,170,11,0
16641,171,11,0
16641,172,11,0
16641,174,11,0
16655,13,11,1
16655,16,11,1
16655,51,11,1
16655,58,11,1
16655,60,11,1
16655,61,11,1
16655,62,11,1
16655,63,11,1
16685,1,11,0
16685,22,11,0
16685,38,11,0
16685,54,11,0
16685,70,11,0
16685,84,11,0
16692,18,11,0
16692,36,11,0
16692,60,11,0
16692,75,11,0
16692,129,11,0
16692,147,11,0
16692,165,11,0
16692,183,11,0
16705,11,11,1
16705,81,11,1
16705,116,11,1
16705,133,11,1
16705,149,11,1
16705,167,11,1
16710,44,11,1
16710,58,11,1
16710,71,11,1
16710,85,11,1
16710,99,11,1
16712,6,11,0
16712,28,11,0
16712,43,11,0
16712,74,11,0
16712,86,11,0
16712,97,11,0
16715,14,11,0
16715,22,11,0
16715,71,11,0
16715,83,11,0
16715,99,11,0
16715,109,11,0
16728,1,11,1
16728,11,11,1
16728,31,11,1
16728,41,11,1
16728,52,11,1
16728,62,11,1
16750,1,11,1
16750,15,11,1
16750,26,11,1
16750,49,11,1
16750,60,11,1
16756,69,11,0
16756,70,11,0
16756,72,11,0
16756,210,11,0
16756,211,11,0
16756,212,11,0
16756,213,11,0
16756,214,11,0
16787,25,11,0
16787,26,11,0
16787,27,11,0
16787,142,11,0
16787,147,11,0
16787,148,11,0
16787,153,11,0
16787,154,11,0
16797,13,11,0
16797,27,11,0
16797,53,11,0
16797,67,11,0
16797,79,11,0
16797,93,11,0
16797,133,11,0
16797,147,11,0
16817,135,11,1
16817,136,11,1
16817,137,11,1
16817,138,11,1
16817,139,11,1
16817,140,11,1
16817,146,11,1
16837,61,11,0
16837,62,11,0
16837,64,11,0
16837,78,11,0
16837,81,11,0
16837,82,11,0
16837,83,11,0
16837,84,11,0
16840,38,11,0
16840,40,11,0
16840,95,11,0
16840,96,11,0
16840,97,11,0
16840,98,11,0
16840,100,11,0
16840,101,11,0
16842,73,11,0
16842,74,11,0
16842,75,11,0
16842,76,11,0
16842,283,11,0
16842,286,11,0
16842,287,11,0
16842,288,11,0
16843,141,11,1
16843,142,11,1
16843,143,11,1
16843,334,11,1
16843,335,11,1
16843,336,11,1
16843,337,11,1
16843,338,11,1
16859,4,11,0
16859,21,11,0
16859,53,11,0
16859,69,11,0
16859,102,11,0
16859,118,11,0
16859,132,11,0
16859,149,11,0
16860,13,11,0
16860,29,11,0
16860,46,11,0
16860,63,11,0
16860,82,11,0
16860,114,11,0
16877,3,11,0
16877,61,11,0
16877,74,11,0
16877,85,11,0
16877,106,11,0
16877,115,11,0
16888,13,11,0
16888,31,11,0
16888,66,11,0
16888,86,11,0
16888,104,11,0
16888,123,11,0
16890,8,11,0
16890,36,11,0
16890,51,11,0
16890,65,11,0
16890,119,11,0
16890,135,11,0
16911,13,11,1
16911,34,11,1
16911,43,11,1
16929,12,11,1
16929,26,11,1
16929,53,11,1
16929,67,11,1
16929,82,11,1
16929,96,11,1
16944,2,11,0
16944,23,11,0
16944,56,11,0
16944,73,11,0
16944,93,11,0
16944,112,11,0
16969,2,11,0
16969,18,12,0
16969,18,22,0
16969,50,11,0
16969,66,11,0
16969,81,11,0
16969,99,11,0
16980,26,11,0
16980,42,11,0
16980,73,11,0
16980,103,11,0
16980,118,11,0
16980,131,11,0
16994,9,11,0
16994,21,11,0
16994,45,11,0
16994,57,11,0
16994,70,11,0
16994,82,11,0
17003,10,11,0
17003,21,11,0
17003,43,11,0
17003,54,11,0
17003,67,11,0
17003,76,11,0
17019,9,11,0
17019,21,11,0
17019,40,11,0
17019,52,11,0
17019,61,11,0
17019,73,11,0
17022,6,11,0
17022,25,11,0
17022,33,11,0
17022,59,11,0
17022,66,11,0
17022,75,11,0
17027,10,11,1
17027,41,11,1
17027,57,11,1
17027,88,11,1
17027,103,11,1
17036,8,11,1
17036,27,11,1
17036,44,11,1
17036,82,11,1
17036,100,11,1
17044,2,11,1
17044,24,11,1
17044,45,11,1
17044,66,11,1
17044,79,11,1
17044,90,11,1
17055,7,11,1
17055,30,11,1
17055,60,11,1
17055,82,11,1
17055,89,11,1
17074,181,11,0
17074,182,11,0
17074,183,11,0
17074,184,11,0
17074,375,11,0
17074,376,11,0
17074,377,11,0
17074,378,11,0
17087,5,11,1
17087,6,11,1
17087,7,11,1
17087,8,11,1
17087,73,11,1
17087,74,11,1
17087,75,11,1
17087,76,11,1
17090,113,11,0
17090,114,11,0
17090,115,12,0
17090,115,22,0
17090,116,11,0
17090,238,11,0
17090,239,11,0
17090,240,11,0
17090,241,11,0
17101,15,11,0
17101,36,11,0
17101,59,11,0
17101,88,11,0
17101,94,11,0
17117,12,11,0
17117,20,11,0
17117,40,11,0
17117,62,11,0
17117,73,11,0
17117,83,11,0
17117,96,11,0
17117,121,11,0
17143,52,11,1
17143,65,11,1
17143,77,11,1
17143,99,11,1
17145,24,11,0
17145,50,11,0
17145,75,11,0
17145,101,11,0
17145,127,11,0
17145,150,11,0
17155,12,11,1
17155,36,11,1
17155,48,11,1
17155,61,11,1
17155,74,11,1
17155,95,11,1
17159,6,11,0
17159,21,11,0
17159,48,11,0
17159,63,11,0
17159,77,11,0
17159,93,11,0
17186,7,11,0
17186,33,11,0
17186,54,11,0
17186,95,11,0
17186,115,11,0
17186,136,11,0
17189,8,11,0
17189,18,11,0
17189,27,11,0
17189,38,11,0
17189,48,11,0
17189,86,11,0
17206,2,11,1
17206,18,11,1
17206,48,11,1
17206,64,11,1
17206,80,11,1
17206,96,11,1
17222,14,11,0
17222,27,11,0
17222,35,11,0
17222,58,11,0
17222,78,11,0
17222,84,11,0
17235,8,11,0
17235,21,11,0
17235,49,11,0
17235,63,11,0
17235,76,11,0
17235,90,11,0
17242,4,11,1
17242,20,11,1
17242,36,11,1
17242,52,11,1
17242,97,11,1
17242,115,11,1
17245,23,11,1
17245,39,11,1
17245,70,11,1
17245,87,11,1
17245,93,11,1
17245,132,11,1
17246,3,11,0
17246,14,11,0
17246,21,11,0
17246,39,11,0
17246,47,11,0
17246,52,11,0
17246,55,11,0
17246,59,11,0
17248,1,11,0
17248,2,11,0
17248,3,11,0
17248,4,11,0
17248,141,11,0
17248,142,11,0
17248,143,11,0
17248,144,11,0
17268,5,11,0
17268,6,11,0
17268,7,11,0
17268,8,11,0
17268,30,11,0
17268,32,11,0
17268,33,11,0
17268,35,11,0
17302,37,11,0
17302,38,11,0
17302,39,11,0
17302,40,11,0
17302,111,11,0
17302,113,11,0
17302,114,11,0
17302,115,11,0
17314,16,11,0
17314,48,11,0
17314,49,11,0
17314,50,11,0
17314,51,11,0
17314,52,11,0
17314,54,11,0
17314,55,11,0
17320,9,11,1
17320,10,11,1
17320,12,11,1
17320,68,11,1
17320,69,11,1
17320,70,11,1
17320,71,11,1
17320,72,11,1
17331,8,11,0
17331,49,11,0
17331,68,11,0
17331,89,12,0
17331,89,22,0
17331,107,11,0
17331,127,11,0
17336,28,11,0
17336,47,11,0
17336,81,11,0
17336,118,11,0
17336,136,11,0
17336,148,11,0
17336,166,11,0
17358,10,11,0
17358,60,11,0
17358,103,11,0
17358,125,11,0
17358,165,11,0
17358,182,11,0
17369,12,11,0
17369,25,11,0
17369,38,11,0
17369,51,11,0
17369,92,11,0
17369,103,11,0
17374,17,11,0
17374,37,11,0
17374,76,11,0
17374,96,11,0
17374,118,11,0
17374,138,11,0
17390,9,11,0
17390,37,11,0
17390,39,11,0
17390,56,11,0
17390,87,11,0
17390,96,11,0
17404,1,11,1
17404,21,11,1
17404,62,11,1
17404,82,11,1
17404,103,11,1
17404,123,11,1
17412,9,11,1
17412,27,11,1
17412,45,11,1
17412,149,11,1
17419,3,11,1
17419,43,11,1
17419,62,11,1
17419,101,11,1
17419,121,11,1
17435,7,11,0
17435,25,11,0
17435,46,11,0
17435,63,11,0
17435,83,11,0
17435,125,11,0
17443,36,11,0
17443,74,11,0
17443,95,11,0
17443,132,11,0
17443,147,11,0
17443,162,11,0
17468,17,11,0
17468,32,11,0
17468,45,11,0
17468,58,11,0
17468,72,11,0
17468,86,11,0
17473,49,11,0
17473,70,11,0
17473,112,11,0
17473,133,11,0
17473,155,11,0
17473,175,11,0
17502,16,11,1
17502,28,11,1
17502,40,11,1
17502,52,11,1
17502,76,11,1
17504,1,11,1
17504,34,11,1
17504,48,11,1
17504,64,11,1
17504,97,11,1
17504,113,11,1
17513,11,11,0
17513,22,11,0
17513,33,11,0
17513,73,11,0
17513,93,11,0
17513,103,11,0
17522,52,11,1
17522,95,11,1
17522,158,11,1
17522,178,11,1
17550,45,11,0
17550,46,11,0
17550,48,11,0
17550,110,11,0
17550,111,11,0
17550,112,11,0
17550,114,11,0
17550,115,11,0
17554,55,11,0
17554,114,11,0
17554,121,11,0
17554,122,11,0
17554,123,11,0
17554,124,11,0
17554,125,11,0
17554,126,11,0
17560,58,11,0
17560,59,11,0
17560,60,11,0
17560,167,11,0
17560,168,11,0
17560,169,11,0
17560,170,11,0
17560,171,11,0
17573,25,11,1
17573,26,11,1
17573,27,11,1
17573,28,11,1
17573,138,11,1
17573,139,11,1
17573,140,11,1
17573,141,11,1
17578,12,11,0
17578,28,11,0
17578,57,11,0
17578,72,11,0
17578,88,11,0
17578,103,11,0
17591,2,11,0
17591,20,11,0
17591,55,11,0
17591,74,11,0
17591,92,11,0
17591,112,11,0
17591,145,11,0
17591,163,11,0
17617,22,11,0
17617,90,11,0
17617,113,11,0
17617,158,11,0
17617,180,11,0
17617,202,11,0
17648,8,11,0
17648,31,11,0
17648,54,11,0
17648,77,11,0
17648,100,11,0
17648,147,11,0
17649,15,11,1
17649,44,11,1
17649,59,11,1
17649,74,11,1
17649,89,12,1
17649,89,22,1
17649,104,11,1
17652,3,11,0
17652,20,11,0
17652,37,11,0
17652,53,11,0
17652,70,11,0
17652,103,11,0
17655,40,11,1
17655,56,11,1
17655,103,11,1
17655,117,11,1
17655,133,11,1
17655,167,11,1
17668,6,11,0
17668,20,11,0
17668,42,11,0
17668,54,11,0
17668,65,11,0
17668,77,11,0
17679,7,11,0
17679,38,11,0
17679,54,11,0
17679,70,11,0
17679,88,11,0
17679,116,11,0
17699,1,11,0
17699,15,11,0
17699,42,11,0
17699,56,11,0
17699,71,11,0
17699,85,11,0
17712,6,11,0
17712,31,11,0
17712,53,11,0
17712,74,11,0
17712,118,11,0
17712,140,11,0
17726,11,11,1
17726,71,11,1
17726,92,11,1
17726,113,11,1
17726,134,11,1
17736,1,11,1
17736,14,11,1
17736,40,11,1
17736,54,11,1
17736,81,11,1
17736,94,11,1
17753,26,11,0
17753,27,11,0
17753,28,11,0
17753,95,11,0
17753,96,11,0
17753,97,11,0
17753,99,11,0
17753,100,11,0
17755,85,11,0
17755,86,11,0
17755,87,11,0
17755,88,11,0
17755,179,11,0
17755,180,11,0
17755,181,11,0
17755,183,11,0
17773,81,11,1
17773,82,11,1
17773,83,11,1
17773,84,11,1
17773,211,11,1
17773,213,11,1
17773,217,11,1
17773,219,11,1
17815,5,11,1
17815,19,11,1
17815,33,11,1
17815,46,11,1
17815,73,11,1
17820,18,11,0
17820,44,11,0
17820,120,11,0
17820,143,11,0
17820,170,11,0
17823,13,11,0
17823,26,11,0
17823,50,14,0
17823,50,44,0
17823,65,11,0
17823,78,11,0
17823,89,11,0
17836,5,11,0
17836,38,11,0
17836,49,11,0
17836,69,11,0
17836,76,11,0
17836,86,11,0
17841,4,11,0
17841,22,11,0
17841,59,11,0
17841,74,11,0
17841,86,11,0
17841,100,11,0
17841,114,11,0
17841,125,11,0
17854,4,11,0
17854,21,11,0
17854,35,11,0
17854,51,11,0
17854,76,11,0
17854,97,11,0
17877,13,11,0
17877,47,11,0
17877,82,11,0
17877,97,11,0
17877,112,11,0
17886,18,11,0
17886,33,11,0
17886,45,11,0
17886,58,11,0
17886,88,11,0
17886,111,11,0
17887,19,11,0
17887,35,11,0
17887,50,11,0
17887,65,11,0
17887,98,11,0
17887,130,11,0
17887,147,11,0
17924,16,11,0
17924,53,11,0
17924,87,11,0
17924,109,11,0
17924,142,11,0
17925,5,11,0
17925,21,11,0
17925,47,11,0
17925,61,11,0
17925,76,11,0
17925,89,11,0
17940,38,11,0
17940,53,11,0
17940,68,11,0
17940,82,11,0
17940,111,11,0
17950,10,11,0
17950,27,11,0
17950,53,11,0
17950,80,11,0
17950,94,11,0
17950,105,11,0
17967,9,11,0
17967,34,11,0
17967,47,11,0
17967,72,11,0
17967,85,11,0
17967,98,11,0
17972,12,11,0
17972,31,11,0
17972,69,11,0
17972,89,11,0
17972,108,11,0
17972,127,11,0
17982,67,11,0
17982,117,11,0
17982,168,11,0
17982,273,11,0
17982,327,11,0
17982,417,11,0
17985,8,11,0
17985,23,11,0
17985,34,11,0
17985,38,11,0
17985,62,11,0
17985,76,11,0
18008,13,11,0
18008,34,11,0
18008,53,11,0
18008,108,11,0
18008,127,11,0
18019,1,11,0
18019,18,11,0
18019,35,11,0
18019,51,11,0
18019,68,12,0
18019,68,22,0
18019,86,11,0
18043,6,11,0
18043,41,11,0
18043,58,11,0
18043,111,11,0
18043,146,11,0
18045,18,11,0
18045,77,11,0
18045,95,11,0
18045,136,11,0
18045,156,11,0
18045,176,11,0
18045,196,11,0
18045,214,11,0
18052,9,11,0
18052,32,11,0
18052,53,11,0
18052,96,11,0
18052,118,11,0
18052,140,11,0
18079,12,11,0
18079,29,11,0
18079,65,11,0
18079,100,11,0
18079,117,11,0
18088,9,11,0
18088,29,11,0
18088,69,11,0
18088,89,11,0
18088,109,11,0
18088,129,11,0
18091,10,11,0
18091,27,11,0
18091,61,11,0
18091,96,11,0
18091,130,11,0
18095,33,11,0
18095,75,11,0
18095,97,11,0
18095,117,11,0
18095,161,11,0
18127,41,11,0
18127,64,11,0
18127,86,11,0
18127,108,11,0
18127,130,11,0
18127,157,11,0
18127,226,11,0
18130,20,11,0
18130,44,11,0
18130,57,11,0
18130,83,11,0
18130,94,11,0
18130,106,11,0
18139,5,11,0
18139,20,11,0
18139,41,11,0
18139,61,11,0
18139,81,11,0
18139,109,11,0
18139,124,11,0
18146,7,11,0
18146,20,11,0
18146,32,11,0
18146,45,12,0
18146,45,22,0
18146,70,11,0
18165,16,11,0
18165,52,11,0
18165,88,11,0
18165,104,11,0
18165,120,11,0
18165,136,11,0
18172,30,11,1
18172,46,11,1
18172,78,11,1
18172,94,11,1
18172,142,11,1
18188,8,11,1
18188,60,11,1
18188,78,11,1
18188,94,11,1
18188,112,11,1
18193,2,11,1
18193,42,11,1
18193,62,11,1
18193,82,11,1
18193,101,11,1
18193,121,11,1
18213,27,11,1
18213,41,11,1
18213,84,11,1
18213,130,11,1
18226,13,11,1
18226,32,11,1
18226,50,11,1
18226,88,11,1
18226,106,11,1
18226,125,11,1
18226,143,11,1
18226,181,11,1
18255,25,11,1
18255,39,11,1
18255,53,11,1
18255,67,11,1
18255,81,11,1
18255,95,11,1
18281,18,11,1
18281,28,11,1
18281,62,11,1
18281,72,11,1
18281,105,11,1
18285,9,11,1
18285,66,11,1
18285,80,11,1
18286,4,11,0
18286,21,11,0
18286,39,11,0
18286,73,11,0
18286,91,11,0
18286,108,11,0
18334,12,11,1
18334,77,11,1
18334,98,11,1
18334,120,11,1
18334,141,11,1
18347,13,11,1
18347,48,11,1
18347,65,11,1
18347,83,11,1
18347,100,11,1
18369,5,11,0
18369,18,11,0
18369,44,11,0
18369,56,11,0
18369,73,11,0
18369,82,11,0
18394,3,11,0
18394,23,11,0
18394,35,11,0
18394,48,11,0
18394,71,11,0
18394,80,11,0
18400,10,11,0
18400,28,11,0
18400,55,11,0
18400,70,11,0
18400,88,11,0
18400,103,11,0
18417,2,11,0
18417,40,11,0
18417,58,11,0
18417,77,11,0
18417,116,11,0
18417,135,11,0
18442,5,11,0
18442,14,11,0
18442,20,11,0
18442,54,11,0
18442,60,11,0
18442,67,11,0
18450,14,11,0
18450,37,11,0
18450,49,11,0
18450,61,11,0
18450,74,11,0
18450,85,11,0
18457,4,11,1
18457,17,11,1
18457,28,11,1
18457,59,11,1
18457,80,11,1
18475,3,11,1
18475,39,11,1
18475,56,11,1
18475,74,11,1
18475,92,11,1
18475,110,11,1
18481,23,11,1
18481,71,11,1
18481,133,11,1
18496,19,11,1
18496,36,11,1
18496,51,11,1
18496,69,11,1
18496,87,11,1
18496,106,12,1
18496,106,22,1
18502,11,11,1
18502,49,11,1
18502,59,11,1
18502,69,11,1
18525,129,11,0
18525,130,11,0
18525,132,11,0
18525,301,11,0
18525,302,11,0
18525,303,11,0
18525,307,11,0
18525,308,11,0
18529,45,11,1
18529,46,11,1
18529,48,11,1
18529,114,11,1
18529,115,11,1
18529,116,11,1
18534,5,11,0
18534,20,11,0
18534,46,11,0
18534,64,11,0
18534,93,11,0
18534,130,11,0
18534,154,11,0
18547,7,11,1
18547,31,11,1
18547,43,11,1
18547,54,11,1
18547,66,11,1
18547,77,11,1
18547,100,11,1
18547,111,11,1
18564,10,11,1
18564,11,11,1
18564,12,11,1
18564,89,11,1
18564,93,11,1
18564,94,11,1
18564,96,11,1
18565,1,11,0
18565,17,11,0
18565,88,11,0
18565,111,11,0
18569,31,11,0
18569,49,11,0
18569,84,11,0
18569,99,11,0
18569,131,11,0
18569,143,11,0
18578,20,11,0
18578,39,11,0
18578,55,11,0
18578,91,11,0
18578,141,11,0
18578,155,11,0
18586,1,11,0
18586,17,11,0
18586,33,11,0
18586,50,11,0
18586,66,11,0
18586,82,11,0
18606,6,11,0
18606,19,11,0
18606,31,11,0
18606,43,11,0
18606,56,11,0
18606,68,11,0
18619,18,11,0
18619,33,11,0
18619,46,11,0
18619,60,12,0
18619,60,22,0
18619,89,11,0
18631,5,11,1
18631,22,11,1
18631,71,11,1
18631,87,11,1
18631,104,11,1
18648,54,11,1
18648,59,11,1
18648,66,11,1
18648,78,11,1
18648,88,11,1
18648,99,11,1
18656,7,11,0
18656,23,11,0
18656,38,11,0
18656,53,11,0
18656,88,11,0
18656,101,11,0
18669,18,11,0
18669,32,11,0
18669,45,11,0
18669,69,11,0
18669,92,11,0
18669,102,11,0
18692,9,11,0
18692,23,11,0
18692,50,11,0
18692,63,11,0
18692,75,11,0
18692,88,11,0
18711,24,11,1
18711,72,11,1
18711,96,11,1
18711,120,11,1
18711,144,11,1
18714,1,11,0
18714,3,11,0
18714,4,11,0
18714,83,11,0
18714,85,11,0
18714,86,11,0
18714,87,11,0
18714,88,11,0
18731,125,11,0
18731,126,11,0
18731,127,11,0
18731,128,11,0
18731,333,11,0
18731,334,11,0
18731,335,11,0
18731,336,11,0
18743,93,11,0
18743,94,11,0
18743,95,11,0
18743,368,12,0
18743,368,22,0
18743,372,11,0
18743,373,11,0
18743,374,11,0
18775,21,11,1
18775,22,11,1
18775,23,11,1
18775,24,11,1
18775,77,11,1
18775,80,11,1
18776,9,11,1
18776,25,11,1
18776,57,11,1
18776,121,11,1
18776,153,11,1
18776,167,11,1
18786,7,11,0
18786,39,11,0
18786,55,11,0
18786,70,11,0
18786,86,11,0
18786,101,11,0
18789,5,11,0
18789,24,11,0
18789,42,11,0
18789,103,11,0
18789,122,11,0
18789,140,11,0
18789,181,11,0
18814,7,11,0
18814,20,11,0
18814,34,11,0
18814,50,11,0
18814,97,11,0
18814,109,11,0
18814,132,11,0
18829,20,11,1
18829,44,11,1
18829,55,11,1
18829,66,11,1
18829,77,11,1
18829,113,11,1
18843,27,11,0
18843,40,11,0
18843,63,11,0
18843,98,11,0
18843,116,11,0
18843,131,11,0
18853,4,11,1
18853,43,11,1
18853,63,11,1
18853,80,11,1
18853,97,11,1
18853,113,11,1
18868,73,11,0
18868,74,11,0
18868,75,11,0
18868,76,11,0
18868,174,11,0
18868,176,11,0
18868,177,11,0
18868,178,11,0
18884,13,11,0
18884,28,11,0
18884,42,11,0
18884,56,11,0
18884,83,11,0
18890,43,11,0
18890,94,11,0
18890,114,11,0
18890,128,11,0
18890,144,11,0
18896,1,11,0
18896,29,11,0
18896,66,11,0
18896,78,11,0
18896,90,11,0
18900,7,11,0
18900,60,11,0
18900,76,11,0
18900,92,11,0
18900,109,11,0
18927,8,11,1
18927,40,11,1
18953,27,11,0
18953,46,11,0
18953,64,11,0
18953,82,11,0
18953,101,11,0
18953,117,11,0
18961,16,11,0
18961,34,11,0
18961,51,11,0
18961,70,11,0
18961,88,11,0
18961,124,11,0
18963,12,11,0
18963,28,11,0
18963,59,11,0
18963,77,11,0
18963,93,11,0
18963,110,11,0
18983,6,11,0
18983,23,11,0
18983,56,11,0
18983,73,11,0
18983,108,11,0
18983,124,11,0
18988,9,11,1
18988,40,11,1
18988,71,11,1
18988,86,11,1
18988,102,11,1
19024,13,11,0
19024,14,11,0
19024,15,11,0
19024,16,11,0
19024,45,11,0
19024,46,11,0
19024,47,11,0
19024,52,11,0
19033,21,11,0
19033,31,11,0
19033,44,11,0
19033,52,11,0
19033,63,11,0
19033,73,11,0
19033,84,11,0
19033,106,11,0
19041,9,11,1
19041,32,11,1
19041,44,11,1
19041,78,11,1
19041,124,11,1
19041,136,11,1
19065,3,11,0
19065,8,11,0
19065,15,11,0
19065,27,11,0
19065,38,11,0
19065,44,11,0
19066,18,11,0
19066,37,11,0
19066,55,11,0
19066,95,11,0
19066,115,11,0
19066,154,11,0
19072,5,11,1
19072,21,11,1
19072,36,11,1
19072,52,11,1
19072,115,11,1
19072,133,11,1
19113,3,11,0
19113,19,11,0
19113,29,11,0
19113,62,11,0
19113,75,11,0
19113,92,11,0
19116,4,11,0
19116,30,11,0
19116,43,11,0
19116,69,11,0
19116,81,11,0
19116,92,11,0
19124,10,11,0
19124,24,11,0
19124,50,11,0
19124,60,11,0
19124,72,11,0
19124,83,11,0
19132,9,11,1
19132,23,11,1
19132,52,11,1
19132,68,11,1
19132,114,11,1
19137,11,11,0
19137,68,11,0
19137,69,11,0
19137,70,11,0
19137,72,11,0
19137,73,11,0
19137,74,11,0
19137,76,11,0
19147,61,11,0
19147,62,11,0
19147,63,11,0
19147,64,11,0
19147,136,11,0
19147,137,11,0
19147,139,11,0
19147,141,11,0
19149,45,11,0
19149,46,11,0
19149,47,11,0
19149,48,11,0
19149,155,11,0
19149,171,11,0
19149,176,11,0
19149,177,11,0
19152,33,11,1
19152,35,11,1
19152,36,11,1
19152,38,11,1
19152,39,11,1
19152,158,11,1
19192,12,11,0
19192,25,11,0
19192,46,11,0
19192,63,11,0
19192,79,11,0
19192,95,11,0
19192,128,11,0
19192,159,11,0
19199,15,11,0
19199,48,11,0
19199,64,11,0
19199,81,11,0
19199,98,11,0
19199,115,11,0
19199,146,11,0
19199,162,11,0
19206,19,11,0
19206,48,11,0
19206,66,11,0
19206,84,11,0
19206,102,11,0
19206,121,11,0
19206,152,11,0
19206,176,11,0
19212,11,11,0
19212,28,11,0
19212,61,11,0
19212,78,11,0
19212,94,11,0
19212,111,11,0
19239,26,11,1
19239,42,11,1
19239,58,11,1
19239,75,11,1
19239,91,11,1
19239,108,11,1
19261,17,11,0
19261,36,11,0
19261,54,11,0
19261,72,11,0
19261,130,11,0
19261,145,11,0
19274,9,11,0
19274,32,11,0
19274,54,11,0
19274,74,11,0
19274,97,11,0
19274,144,11,0
19287,2,11,0
19287,15,11,0
19287,39,11,0
19287,53,11,0
19287,65,11,0
19287,78,11,0
19302,13,11,0
19302,26,11,0
19302,40,11,0
19302,56,11,0
19302,67,11,0
19302,107,11,0
19311,11,11,0
19311,25,11,0
19311,37,11,0
19311,78,11,0
19311,92,11,0
19321,29,11,0
19321,43,11,0
19321,58,11,0
19321,73,11,0
19321,104,11,0
19321,118,11,0
19331,27,11,0
19331,42,11,0
19331,73,11,0
19331,85,11,0
19331,99,11,0
19331,113,11,0
19334,9,12,0
19334,9,22,0
19334,26,11,0
19334,59,11,0
19334,77,11,0
19334,94,11,0
19334,112,11,0
19339,13,11,1
19339,26,11,1
19339,98,11,1
19339,112,11,1
19339,124,11,1
19359,11,11,1
19359,25,11,1
19359,54,11,1
19359,68,11,1
19359,83,11,1
19371,4,11,1
19371,21,11,1
19371,39,11,1
19371,54,11,1
19371,90,11,1
19371,108,11,1
19378,36,11,1
19378,74,11,1
19378,93,11,1
19378,113,11,1
19378,132,11,1
19379,9,11,0
19379,28,11,0
19379,46,11,0
19379,64,11,0
19379,82,11,0
19379,138,11,0
19398,29,11,0
19398,30,11,0
19398,31,11,0
19398,85,11,0
19398,86,11,0
19398,87,11,0
19398,88,11,0
19398,89,11,0
19413,245,11,1
19413,246,11,1
19413,248,11,1
19413,535,11,1
19413,536,11,1
19413,537,11,1
19413,538,11,1
19413,540,11,1
19417,38,11,1
19417,39,11,1
19417,40,11,1
19417,113,11,1
19417,114,11,1
19417,115,11,1
19417,116,11,1
19419,50,11,0
19419,51,11,0
19419,115,11,0
19419,116,11,0
19419,117,11,0
19419,118,11,0
19419,119,11,0
19419,120,11,0
19445,19,11,0
19445,47,11,0
19445,59,11,0
19445,71,11,0
19445,84,11,0
19449,7,11,0
19449,18,11,0
19449,47,11,0
19449,58,11,0
19449,76,11,0
19462,49,11,0
19462,70,11,0
19462,90,11,0
19462,111,11,0
19462,132,11,0
19490,10,11,0
19490,71,11,0
19490,107,11,0
19496,23,11,0
19496,38,11,0
19496,52,11,0
19496,82,11,0
19496,95,11,0
19503,3,11,0
19503,22,11,0
19503,45,11,0
19503,97,11,0
19503,153,11,0
19510,9,11,0
19510,37,11,0
19510,54,11,0
19510,67,11,0
19510,90,11,0
19510,102,11,0
19519,36,11,1
19519,66,11,1
19519,83,11,1
19528,121,11,1
19528,138,11,1
19549,13,11,0
19549,14,11,0
19549,62,11,0
19549,63,11,0
19549,64,11,0
19549,66,11,0
19549,67,11,0
19549,73,11,0
19562,53,11,0
19562,55,11,0
19562,130,11,0
19562,134,11,0
19562,135,11,0
19562,140,11,0
19562,141,11,0
19562,142,11,0
19594,69,11,1
19594,70,11,1
19594,71,11,1
19594,72,11,1
19594,198,11,1
19594,200,11,1
19594,201,11,1
19594,204,11,1
19608,149,11,1
19608,150,11,1
19608,151,11,1
19608,153,11,1
19608,156,11,1
19608,157,11,1
19631,27,11,0
19631,66,11,0
19631,84,11,0
19631,105,11,0
19631,123,11,0
19631,141,11,0
19643,4,11,0
19643,25,11,0
19643,42,11,0
19643,60,11,0
19643,78,11,0
19643,97,11,0
19643,148,11,0
19643,167,11,0
19651,29,11,0
19651,41,11,0
19651,55,11,0
19651,72,11,0
19651,97,11,0
19651,119,11,0
19655,18,11,0
19655,40,11,0
19655,63,11,0
19655,85,11,0
19655,128,11,0
19655,150,11,0
19697,76,11,0
19697,153,11,0
19697,154,11,0
19697,155,11,0
19697,156,11,0
19697,157,11,0
19697,158,11,0
19697,165,11,0
19718,36,11,1
19718,46,11,1
19718,77,11,1
19718,87,11,1
19718,97,11,1
19718,115,11,1
19719,5,11,1
19719,7,11,1
19719,8,11,1
19719,102,11,1
19719,104,11,1
19719,106,11,1
19719,107,11,1
19719,108,11,1
19734,6,11,0
19734,29,11,0
19734,51,11,0
19734,74,11,0
19734,142,11,0
19734,185,11,0
19748,6,11,0
19748,17,11,0
19748,39,11,0
19748,52,11,0
19748,63,11,0
19748,96,11,0
19763,7,11,1
19763,23,11,1
19763,71,11,1
19763,89,11,1
19763,106,11,1
19763,137,11,1
19769,14,11,0
19769,28,11,0
19769,37,11,0
19769,51,11,0
19769,65,11,0
19769,78,11,0
19776,7,11,0
19776,23,11,0
19776,40,11,0
19776,71,11,0
19776,87,11,0
19776,103,11,0
19794,20,11,1
19794,43,11,1
19794,85,11,1
19794,107,11,1
19794,129,11,1
19794,151,11,1
19800,5,11,0
19800,7,11,0
19800,8,11,0
19800,125,11,0
19800,126,11,0
19800,127,11,0
19800,129,11,0
19800,130,11,0
19822,25,11,1
19822,26,11,1
19822,27,11,1
19822,28,11,1
19822,98,11,1
19822,99,11,1
19822,102,11,1
19822,103,11,1
19832,34,11,0
19832,91,11,0
19832,111,11,0
19832,161,11,0
19847,5,11,0
19847,17,11,0
19847,48,11,0
19847,59,11,0
19847,77,11,0
19847,88,11,0
19859,6,11,0
19859,16,11,0
19859,40,11,0
19859,52,11,0
19859,69,11,0
19859,79,11,0
19874,1,11,0
19874,20,11,0
19874,41,11,0
19874,59,11,0
19874,80,11,0
19874,119,11,0
19886,47,11,0
19886,69,11,0
19886,119,11,0
19886,136,11,0
19886,153,11,0
19905,8,11,0
19905,32,11,0
19905,54,11,0
19905,67,11,0
19905,89,11,0
19918,1,11,0
19918,16,11,0
19918,42,11,0
19918,56,11,0
19918,70,11,0
19918,81,11,0
19918,115,11,0
19921,7,11,0
19921,31,11,0
19921,39,11,0
19921,48,11,0
19921,56,11,0
19926,10,11,0
19926,37,11,0
19926,50,11,0
19926,64,11,0
19926,92,11,0
19932,7,11,1
19932,15,11,1
19932,38,11,1
19932,47,11,1
19932,58,11,1
19932,68,11,1
19932,101,11,1
19952,15,11,1
19952,37,11,1
19952,78,11,1
19952,99,11,1
19952,140,11,1
19965,12,11,1
19965,53,11,1
19965,75,11,1
19965,85,11,1
19970,17,11,1
19970,36,11,1
19970,46,11,1
19970,55,11,1
19970,65,11,1
19993,10,11,0
19993,21,11,0
19993,53,11,0
19993,82,11,0
19993,96,11,0
19993,111,11,0
19995,25,11,0
19995,61,11,0
19995,92,11,0
19995,110,11,0
19995,125,11,0
19995,141,11,0
20014,25,11,0
20014,26,11,0
20014,27,11,0
20014,28,11,0
20014,101,11,0
20014,102,11,0
20014,103,11,0
20014,106,11,0
20018,13,11,0
20018,14,11,0
20018,15,11,0
20018,16,11,0
20018,125,11,0
20018,132,11,0
20018,135,11,0
20018,140,11,0
20040,7,11,1
20040,21,11,1
20040,62,11,1
20040,75,11,1
20040,103,11,1
20040,143,11,1
20040,157,11,1
20046,9,11,0
20046,25,11,0
20046,57,11,0
20046,71,11,0
20046,86,11,0
20046,101,11,0
20051,12,11,0
20051,43,11,0
20051,58,11,0
20051,93,11,0
20051,109,11,0
20063,5,11,0
20063,53,11,0
20063,70,11,0
20063,87,11,0
20063,97,11,0
20063,119,11,0
20063,136,11,0
20063,153,11,0
20083,12,11,1
20083,26,11,1
20083,52,11,1
20083,73,11,1
20083,84,11,1
20083,106,11,1
20091,1,11,1
20091,15,11,1
20091,30,11,1
20091,43,11,1
20091,72,11,1
20091,87,11,1
20119,4,11,0
20119,16,11,0
20119,41,11,0
20119,55,11,0
20119,68,11,0
20119,81,11,0
20139,28,11,0
20139,47,11,0
20139,66,11,0
20139,86,11,0
20139,107,11,0
20139,127,11,0
20141,15,11,0
20141,34,11,0
20141,70,11,0
20141,88,11,0
20141,106,11,0
20141,124,11,0
20144,34,11,1
20144,70,11,1
20144,88,11,1
20144,124,11,1
20158,7,11,1
20158,26,11,1
20158,63,11,1
20158,82,11,1
20158,101,11,1
20158,120,11,1
20167,1,11,0
20167,2,11,0
20167,3,11,0
20167,4,11,0
20167,93,11,0
20167,94,11,0
20167,95,11,0
20167,96,11,0
20172,25,11,0
20172,26,11,0
20172,27,11,0
20172,28,11,0
20172,114,11,0
20172,115,11,0
20172,117,11,0
20172,118,11,0
20187,8,11,0
20187,45,11,0
20187,59,11,0
20187,79,11,0
20187,97,11,0
20187,115,11,0
20207,9,11,0
20207,24,11,0
20207,55,11,0
20207,70,11,0
20207,86,11,0
20207,100,11,0
20207,131,11,0
20207,146,11,0
20209,2,11,0
20209,24,11,0
20209,67,11,0
20209,89,11,0
20209,112,11,0
20209,134,11,0
20235,3,11,0
20235,17,11,0
20235,31,11,0
20235,44,11,0
20235,58,11,0
20235,71,11,0
20250,7,11,0
20250,23,11,0
20250,41,11,0
20250,72,11,0
20250,85,11,0
20250,115,11,0
20269,21,11,0
20269,39,11,0
20269,48,11,0
20269,58,11,0
20269,67,11,0
20269,76,11,0
20269,95,11,0
20270,5,11,1
20270,24,11,1
20270,61,11,1
20270,80,11,1
20270,99,11,1
20270,118,11,1
20278,15,11,1
20278,31,11,1
20278,62,11,1
20278,78,11,1
20278,93,11,1
20278,109,11,1
20292,8,11,0
20292,23,11,0
20292,38,11,0
20292,53,11,0
20292,69,11,0
20292,82,11,0
20297,10,11,0
20297,31,11,0
20297,50,11,0
20297,76,11,0
20297,96,11,0
20297,162,11,0
20311,4,11,1
20311,26,11,1
20311,90,11,1
20311,133,11,1
20316,13,11,1
20316,34,11,1
20316,77,11,1
20316,119,11,1
20316,140,11,1
20324,13,11,0
20324,14,11,0
20324,15,11,0
20324,16,11,0
20324,77,11,0
20324,78,11,0
20324,79,11,0
20324,80,11,0
20334,101,11,1
20334,102,11,1
20334,103,11,1
20334,246,11,1
20334,247,11,1
20334,249,11,1
20334,250,11,1
20342,13,11,0
20342,14,11,0
20342,15,11,0
20342,16,11,0
20342,43,11,0
20342,45,11,0
20342,46,11,0
20342,47,11,0
20528,2,11,1
20528,15,11,1
20528,29,11,1
20528,54,11,1
20528,79,11,1
20560,1,11,1
20560,35,11,1
20560,53,11,1
20560,71,11,1
20560,104,11,1
20579,12,11,1
20579,26,11,1
20579,53,11,1
20579,67,11,1
20579,80,11,1
20579,94,11,1
20582,4,11,0
20582,43,11,0
20582,65,11,0
20582,109,11,0
20582,130,11,0
20582,150,11,0
20583,2,11,1
20583,3,11,1
20583,4,11,1
20583,37,11,1
20583,38,11,1
20583,39,11,1
20583,40,11,1
20584,3,11,0
20584,17,11,0
20584,32,11,0
20584,59,11,0
20584,88,11,0
20629,9,11,0
20629,10,11,0
20629,11,11,0
20629,12,11,0
20629,41,11,0
20629,42,11,0
20629,43,11,0
20629,44,11,0
20631,4,11,1
20631,11,11,1
20631,19,11,1
20631,23,11,1
20631,46,11,1
20631,60,11,1
20664,25,11,1
20664,26,11,1
20664,27,11,1
20664,28,11,1
20664,57,11,1
20664,58,11,1
20664,59,11,1
20664,60,11,1
20706,9,11,0
20706,31,11,0
20706,54,11,0
20706,76,11,0
20706,99,11,0
20706,144,11,0
20707,89,11,0
20707,90,11,0
20707,91,11,0
20707,92,11,0
20707,187,11,0
20707,188,11,0
20707,190,11,0
20707,198,11,0
20708,16,11,1
20708,29,11,1
20708,103,11,1
20709,33,11,1
20709,35,11,1
20709,36,11,1
20709,116,11,1
20709,118,11,1
20709,119,11,1
20709,120,11,1
20710,30,11,0
20710,52,11,0
20710,73,11,0
20710,118,11,0
20710,162,11,0
20712,5,11,0
20712,6,11,0
20712,7,11,0
20712,8,11,0
20712,53,11,0
20712,54,11,0
20712,55,11,0
20712,56,11,0
20715,1,11,0
20715,18,11,0
20715,52,11,0
20715,69,11,0
20715,87,11,0
20715,121,11,0
20809,77,11,0
20809,78,11,0
20809,79,11,0
20809,80,11,0
20809,97,11,0
20809,98,11,0
20809,99,11,0
20809,100,11,0
20810,25,11,0
20810,27,11,0
20810,71,11,0
20810,73,11,0
20810,74,11,0
20810,75,11,0
20810,76,11,0
15004,3,11,0
15004,19,11,0
15004,34,11,0
15004,48,11,0
15004,64,11,0
15004,78,11,0
15004,125,11,0
15004,154,11,0
15035,30,11,0
15035,79,11,0
15035,124,11,0
15035,147,11,0
15035,167,11,0
15035,189,11,0
15051,28,11,0
15051,44,11,0
15051,61,11,0
15051,78,11,0
15051,94,11,0
15051,111,11,0
15061,16,11,0
15061,37,11,0
15061,78,11,0
15061,99,11,0
15061,162,11,0
15069,23,11,1
15069,40,11,1
15069,59,11,1
15069,95,11,1
15085,5,11,1
15085,8,11,1
15085,32,11,1
15085,37,11,1
15085,38,11,1
15085,39,11,1
15085,40,11,1
15086,9,11,0
15086,16,11,0
15086,23,11,0
15086,31,11,0
15086,38,11,0
15086,45,11,0
15086,64,11,0
15094,21,11,0
15094,23,11,0
15094,24,11,0
15094,37,11,0
15094,43,11,0
15094,44,11,0
15094,45,11,0
15094,46,11,0
15098,6,11,1
15098,24,11,1
15098,32,11,1
15098,50,11,1
15098,67,11,1
15098,76,11,1
15098,85,11,1
15104,5,11,1
15104,6,11,1
15104,7,11,1
15104,8,11,1
15104,66,11,1
15104,68,11,1
15104,69,11,1
15113,53,11,0
15113,54,11,0
15113,55,11,0
15113,56,11,0
15113,134,11,0
15113,135,11,0
15113,136,11,0
15113,137,11,0
15116,5,11,0
15116,6,11,0
15116,7,11,0
15116,8,11,0
15116,77,11,0
15116,78,11,0
15116,79,11,0
15116,80,11,0
15132,17,11,0
15132,18,11,0
15132,19,11,0
15132,20,11,0
15132,113,11,0
15132,114,11,0
15132,115,11,0
15132,116,11,0
15182,37,11,1
15182,38,11,1
15182,39,11,1
15182,40,11,1
15182,128,11,1
15182,129,11,1
15182,130,11,1
15182,131,11,1
15186,10,11,0
15186,27,11,0
15186,39,11,0
15186,54,11,0
15186,84,11,0
15186,100,11,0
15205,2,11,0
15205,27,11,0
15205,53,11,0
15205,67,11,0
15205,91,11,0
15205,102,11,0
15205,116,11,0
15205,128,11,0
15243,16,11,1
15243,32,11,1
15243,44,11,1
15243,90,11,1
15243,105,11,1
15244,9,11,0
15244,22,11,0
15244,33,11,0
15244,56,11,0
15244,92,11,0
15244,103,11,0
15263,3,11,1
15263,40,11,1
15263,75,11,1
15263,94,11,1
15263,112,11,1
15271,6,11,0
15271,16,11,0
15271,26,11,0
15271,36,11,0
15271,46,11,0
15271,56,11,0
15271,87,11,0
15271,107,11,0
15280,9,11,1
15280,10,11,1
15280,29,11,1
15280,30,11,1
15280,32,11,1
15280,33,11,1
15280,34,11,1
15300,9,11,0
15300,48,11,0
15300,67,11,0
15300,87,11,0
15300,127,11,0
15300,166,11,0
15306,37,11,0
15306,56,11,0
15306,70,11,0
15306,89,11,0
15306,125,11,0
15318,20,11,1
15318,33,11,1
15318,48,11,1
15318,65,11,1
15318,99,11,1
15318,114,11,1
15320,94,11,0
15320,96,11,0
15320,206,11,0
15320,207,11,0
15320,208,11,0
15320,209,11,0
15320,210,11,0
15320,211,11,0
15321,5,11,0
15321,6,11,0
15321,7,11,0
15321,33,11,0
15321,34,11,0
15321,35,11,0
15321,36,11,0
15321,38,11,0
15351,3,11,0
15351,27,11,0
15351,35,11,0
15351,43,11,0
15351,51,11,0
15351,59,11,0
15351,67,11,0
15351,83,11,0
15353,75,11,0
15353,76,11,0
15353,202,11,0
15353,207,11,0
15353,208,11,0
15353,213,11,0
15353,214,11,0
15353,215,11,0
15373,48,11,1
15373,51,11,1
15373,55,11,1
15373,57,11,1
15373,58,11,1
15386,1,11,1
15386,10,11,1
15386,38,11,1
15386,48,11,1
15386,57,11,1
15386,76,11,1
15397,10,11,0
15397,22,11,0
15397,48,11,0
15397,61,11,0
15397,75,11,0
15397,88,11,0
15410,11,11,1
15410,54,11,1
15410,81,11,1
15410,108,11,1
15410,121,11,1
15410,135,11,1
15410,147,11,1
15425,4,11,0
15425,20,11,0
15425,36,11,0
15425,52,11,0
15425,84,11,0
15425,100,11,0
15434,7,11,0
15434,23,11,0
15434,38,11,0
15434,68,11,0
15434,83,11,0
15434,96,11,0
15440,1,11,1
15440,20,11,1
15440,76,11,1
15440,94,11,1
15440,113,11,1
15484,29,11,0
15484,30,11,0
15484,31,11,0
15484,32,11,0
15484,125,11,0
15484,126,11,0
15484,127,11,0
15484,128,11,0
15486,2,11,0
15486,11,11,0
15486,30,11,0
15486,39,11,0
15486,57,11,0
15486,66,11,0
15486,75,11,0
15486,94,11,0
15490,17,11,0
15490,18,11,0
15490,19,11,0
15490,20,11,0
15490,64,11,0
15490,65,11,0
15490,66,11,0
15490,68,11,0
15509,49,11,1
15509,51,11,1
15509,52,11,1
15509,139,11,1
15509,140,11,1
15509,141,11,1
15509,143,11,1
15509,144,11,1
15510,3,11,1
15510,70,11,1
15510,71,11,1
15510,74,11,1
15531,31,11,0
15531,51,11,0
15531,70,11,0
15531,108,11,0
15531,143,11,0
15531,158,11,0
15538,11,11,0
15538,65,11,0
15538,82,11,0
15538,101,11,0
15538,117,11,0
15538,132,11,0
15538,148,11,0
15538,182,11,0
15547,11,11,0
15547,24,11,0
15547,49,11,0
15547,63,11,0
15547,77,11,0
15547,88,11,0
15547,128,11,0
15552,23,11,0
15552,47,11,0
15552,57,11,0
15552,73,11,0
15552,86,11,0
15564,14,11,0
15564,30,11,0
15564,61,11,0
15564,75,11,0
15564,95,11,0
15564,112,11,0
15577,1,11,0
15577,25,11,0
15577,52,11,0
15577,66,11,0
15577,88,11,0
15577,100,11,0
15588,2,11,0
15588,21,11,0
15588,53,11,0
15588,72,11,0
15588,89,11,0
15588,107,11,0
15594,4,11,0
15594,34,11,0
15594,50,11,0
15594,65,11,0
15594,80,11,0
15594,95,11,0
15632,9,11,1
15632,62,11,1
15632,79,11,1
15632,97,11,1
15632,114,11,1
15644,4,11,1
15644,12,11,1
15644,19,11,1
15644,27,11,1
15656,3,11,1
15656,10,11,1
15656,29,11,1
15656,47,11,1
15656,64,11,1
15665,26,11,0
15665,102,11,0
15665,154,11,0
15665,177,11,0
15665,200,11,0
15682,2,11,0
15682,13,11,0
15682,21,11,0
15682,28,11,0
15682,30,11,0
15682,40,11,0
15701,8,11,1
15701,17,11,1
15701,29,11,1
15701,47,11,1
15701,58,11,1
15701,83,11,1
15729,2,11,1
15729,56,11,1
15729,127,11,1
15729,150,11,1
15729,175,11,1
15758,1,11,0
15758,27,11,0
15758,31,11,0
15758,42,11,0
15758,50,11,0
15758,55,11,0
15758,61,11,0
15758,79,11,0
15760,42,11,0
15760,43,11,0
15760,46,11,0
15760,47,11,0
15760,48,11,0
15760,50,11,0
15760,51,11,0
15760,52,11,0
15766,16,11,1
15766,47,11,1
15766,48,11,1
15766,49,11,1
15783,4,11,0
15783,19,11,0
15783,27,11,0
15783,35,11,0
15783,62,11,0
15783,74,11,0
15783,88,11,0
15783,97,11,0
15799,14,11,0
15799,57,11,0
15799,100,11,0
15799,122,11,0
15799,165,11,0
15799,185,11,0
15821,14,11,1
15821,33,11,1
15821,90,11,1
15821,107,11,1
15821,142,11,1
15821,197,11,1
15826,2,11,0
15826,54,11,0
15826,84,11,0
15826,98,11,0
15826,115,11,0
15832,22,11,0
15832,37,11,0
15832,55,11,0
15832,72,11,0
15832,126,11,0
15832,137,11,0
15834,2,11,1
15834,15,11,1
15834,39,11,1
15834,52,11,1
15834,64,11,1
15834,76,11,1
15841,16,11,0
15841,37,11,0
15841,58,11,0
15841,99,11,0
15841,120,11,0
15841,142,11,0
15877,2,11,0
15877,3,11,0
15877,49,11,0
15877,50,11,0
15877,51,11,0
15877,53,11,0
15877,55,11,0
15877,56,11,0
15882,17,11,1
15882,18,11,1
15882,19,11,1
15882,20,11,1
15882,143,11,1
15882,145,11,1
15882,146,11,1
15882,147,11,1
15889,13,11,0
15889,14,11,0
15889,15,11,0
15889,16,11,0
15889,82,11,0
15889,83,11,0
15889,84,11,0
15889,85,11,0
15894,1,11,0
15894,6,11,0
15894,12,11,0
15894,22,11,0
15894,32,11,0
15894,48,11,0
15894,54,11,0
15894,55,11,0
15918,8,11,0
15918,9,11,0
15918,52,11,0
15918,53,11,0
15918,56,11,0
15918,57,11,0
15918,58,11,0
15918,59,11,0
15920,3,11,1
15920,7,11,1
15920,12,11,1
15920,20,11,1
15920,30,11,1
15920,35,11,1
15935,21,11,1
15935,22,11,1
15935,23,11,1
15935,24,11,1
15935,123,11,1
15935,127,11,1
15935,128,11,1
15935,129,11,1
15963,10,11,0
15963,35,11,0
15963,48,11,0
15963,73,11,0
15963,87,12,0
15963,87,22,0
15963,125,11,0
15967,12,11,0
15967,40,11,0
15967,68,11,0
15967,110,11,0
15967,123,11,0
15986,11,11,0
15986,24,11,0
15986,36,11,0
15986,64,11,0
15986,78,11,0
15986,90,11,0
16002,2,11,0
16002,17,11,0
16002,48,11,0
16002,63,11,0
16002,78,11,0
16002,93,11,0
16008,33,11,1
16008,45,11,1
16008,70,11,1
16008,108,11,1
16014,17,11,1
16014,36,11,1
16014,73,11,1
16014,111,11,1
16014,127,11,1
16014,150,11,1
16026,16,11,0
16026,56,11,0
16026,95,11,0
16026,134,11,0
16026,153,11,0
16026,173,11,0
16052,1,11,0
16052,14,11,0
16052,29,11,0
16052,56,11,0
16052,69,11,0
16052,79,11,0
16052,93,11,0
16052,103,11,0
16056,21,11,0
16056,22,11,0
16056,24,11,0
16056,101,11,0
16056,102,11,0
16056,103,11,0
16056,104,11,0
16056,105,11,0
16072,10,11,0
16072,11,11,0
16072,65,11,0
16072,67,11,0
16072,68,11,0
16072,69,11,0
16072,71,11,0
16072,72,11,0
16082,29,11,0
16082,30,11,0
16082,31,11,0
16082,32,11,0
16082,109,11,0
16082,110,12,0
16082,110,22,0
16082,111,11,0
16082,112,11,0
16092,73,11,0
16092,74,11,0
16092,76,11,0
16092,179,11,0
16092,180,11,0
16092,181,11,0
16092,182,11,0
16092,183,11,0
16103,93,11,0
16103,94,11,0
16103,95,11,0
16103,96,11,0
16103,200,11,0
16103,201,11,0
16103,202,11,0
16103,203,11,0
16124,1,11,1
16124,2,11,1
16124,3,11,1
16124,4,11,1
16124,89,11,1
16124,90,11,1
16124,91,11,1
16124,92,11,1
16132,15,11,1
16132,16,11,1
16132,51,11,1
16132,52,11,1
16132,53,11,1
16132,61,11,1
16132,62,11,1
16153,69,11,1
16153,70,11,1
16153,71,11,1
16153,72,11,1
16153,301,11,1
16153,302,11,1
16153,303,11,1
16153,304,11,1
16167,24,11,0
16167,47,11,0
16167,69,11,0
16167,92,11,0
16167,115,11,0
16167,138,11,0
16188,11,11,0
16188,48,11,0
16188,66,11,0
16188,85,11,0
16188,104,11,0
16194,42,11,0
16194,62,11,0
16194,84,11,0
16194,102,11,0
16194,120,11,0
16194,142,11,0
16194,181,11,0
16194,201,11,0
16206,30,11,0
16206,45,11,0
16206,64,11,0
16206,82,11,0
16206,96,11,0
16206,113,11,0
16210,3,11,0
16210,21,11,0
16210,57,11,0
16210,76,11,0
16210,97,11,0
16210,114,11,0
16210,148,11,0
16210,167,11,0
16218,3,11,0
16218,24,11,0
16218,67,11,0
16218,88,11,0
16218,110,11,0
16231,7,11,0
16231,24,11,0
16231,41,11,0
16231,74,11,0
16231,109,11,0
16231,125,11,0
16239,18,11,0
16239,37,11,0
16239,54,14,0
16239,54,24,0
16239,54,34,0
16239,54,44,0
16239,73,11,0
16239,129,11,0
16239,146,11,0
16255,13,11,0
16255,34,12,0
16255,34,22,0
16255,75,11,0
16255,96,11,0
16255,117,11,0
16255,138,11,0
16264,11,11,0
16264,25,11,0
16264,40,11,0
16264,55,11,0
16264,72,11,0
16264,79,11,0
16264,113,11,0
16264,137,11,0
16287,20,11,1
16287,31,11,1
16287,55,11,1
16287,66,11,1
16287,89,11,1
16296,45,11,1
16296,79,11,1
16296,131,11,1
16296,147,11,1
16306,9,11,1
16306,78,11,1
16306,128,11,1
16306,145,11,1
16306,162,11,1
16322,48,11,1
16322,72,11,1
16322,140,11,1
16322,186,11,1
16334,24,11,0
16334,42,11,0
16334,59,11,0
16334,78,11,0
16334,133,11,0
16334,152,11,0
16334,170,11,0
16334,187,11,0
16340,15,11,0
16340,28,11,0
16340,52,11,0
16340,78,11,0
16340,99,11,0
16354,14,11,0
16354,45,11,0
16354,77,11,0
16354,93,11,0
16354,108,11,0
16354,125,11,0
16374,27,11,1
16374,53,11,1
16374,66,11,1
16374,104,11,1
16374,117,11,1
16394,13,11,0
16394,27,11,0
16394,38,11,0
16394,54,11,0
16394,66,11,0
16394,81,11,0
16426,25,11,0
16426,42,11,0
16426,63,11,0
16426,77,11,0
16426,94,11,0
16426,111,11,0
16431,18,11,0
16431,40,11,0
16431,86,11,0
16431,104,11,0
16431,120,11,0
16431,136,11,0
16433,8,11,0
16433,17,11,0
16433,36,11,0
16433,47,11,0
16433,66,11,0
16433,77,11,0
16437,6,11,1
16437,34,11,1
16437,48,11,1
16437,62,11,1
16437,91,11,1
16442,9,11,0
16442,10,11,0
16442,11,11,0
16442,12,11,0
16442,101,11,0
16442,102,11,0
16442,103,11,0
16442,104,11,0
16448,29,11,0
16448,30,11,0
16448,31,11,0
16448,32,11,0
16448,112,11,0
16448,113,11,0
16448,114,11,0
16448,115,11,0
16504,37,11,1
16504,38,11,1
16504,39,11,1
16504,40,11,1
16504,175,11,1
16504,177,11,1
16504,178,11,1
16504,180,11,1
16510,18,11,0
16510,20,11,0
16510,74,11,0
16510,75,11,0
16510,76,11,0
16510,77,11,0
16510,78,11,0
16510,79,11,0
16518,25,11,1
16518,26,11,1
16518,27,11,1
16518,28,11,1
16518,100,11,1
16518,102,11,1
16518,103,11,1
16520,10,11,1
16520,35,11,1
16520,86,11,1
16520,111,11,1
16520,123,11,1
16520,135,11,1
16520,145,11,1
16527,11,11,0
16527,28,11,0
16527,46,11,0
16527,62,11,0
16527,97,11,0
16527,116,11,0
16527,132,11,0
16527,150,11,0
16542,42,11,0
16542,55,11,0
16542,66,11,0
16542,79,11,0
16542,102,11,0
16542,108,11,0
16549,17,11,0
16549,24,11,0
16549,33,11,0
16549,41,11,0
16549,51,11,0
16549,62,11,0
16566,37,11,0
16566,38,11,0
16566,39,11,0
16566,40,11,0
16566,167,11,0
16566,168,11,0
16566,169,11,0
16566,171,11,0
16591,71,11,0
16591,145,11,0
16591,147,11,0
16591,148,11,0
16591,149,11,0
16591,150,11,0
16591,151,11,0
16591,152,11,0
16601,9,11,0
16601,10,11,0
16601,11,11,0
16601,57,11,0
16601,58,11,0
16601,60,11,0
16601,61,11,0
16601,64,11,0
16623,8,11,0
16623,12,11,0
16623,17,11,0
16623,33,11,0
16623,37,11,0
16623,47,11,0
16623,53,11,0
16623,56,11,0
16644,7,11,0
16644,11,11,0
16644,122,11,0
16644,123,11,0
16644,124,11,0
16644,125,11,0
16644,126,11,0
16644,127,11,0
16645,197,11,1
16645,466,11,1
16645,467,11,1
16645,468,11,1
16645,469,11,1
16645,470,11,1
16645,471,11,1
16646,20,11,1
16646,21,11,1
16646,24,11,1
16646,102,11,1
16646,103,11,1
16649,26,11,1
16649,41,11,1
16649,53,11,1
16649,67,11,1
16649,80,11,1
16649,136,11,1
16649,149,11,1
16663,21,11,1
16663,22,11,1
16663,23,11,1
16663,24,11,1
16663,85,11,1
16663,86,11,1
16663,87,11,1
16663,88,11,1
16675,10,11,0
16675,46,11,0
16675,65,11,0
16675,83,11,0
16675,119,11,0
16675,153,11,0
16682,28,11,0
16682,50,11,0
16682,73,11,0
16682,96,11,0
16682,118,11,0
16682,141,11,0
16702,6,11,1
16702,18,11,1
16702,39,11,1
16702,53,11,1
16702,64,11,1
16702,75,11,1
16725,39,11,1
16725,99,11,1
16725,139,11,1
16725,162,11,1
16735,15,11,0
16735,37,11,0
16735,57,11,0
16735,78,11,0
16735,94,11,0
16735,152,11,0
16738,10,11,0
16738,37,11,0
16738,78,11,0
16738,93,11,0
16738,105,11,0
16738,116,11,0
16743,1,11,0
16743,17,11,0
16743,29,11,0
16743,40,11,0
16743,52,11,0
16743,75,11,0
16779,46,11,0
16779,48,11,0
16779,104,11,0
16779,105,11,0
16779,109,11,0
16779,112,11,0
16779,113,11,0
16779,114,11,0
16784,67,11,1
16784,81,11,1
16784,95,11,1
16784,147,11,1
16785,5,11,0
16785,10,11,0
16785,22,11,0
16785,45,11,0
16785,53,11,0
16785,76,11,0
16785,81,11,0
16788,6,11,0
16788,7,11,0
16788,86,11,0
16788,87,11,0
16788,94,11,0
16788,95,11,0
16788,96,11,0
16788,97,11,0
16808,36,11,1
16808,37,11,1
16808,48,11,1
16808,55,11,1
16808,56,11,1
16820,9,11,1
16820,10,11,1
16820,11,11,1
16820,38,11,1
16820,45,11,1
16820,48,11,1
16835,25,11,0
16835,26,11,0
16835,28,11,0
16835,91,11,0
16835,92,11,0
16835,93,11,0
16835,94,11,0
16835,105,11,0
16858,7,11,0
16858,24,11,0
16858,45,11,0
16858,81,11,0
16858,116,11,0
16858,131,11,0
16864,7,11,0
16864,11,11,0
16864,36,11,0
16864,47,11,0
16864,56,11,0
16864,76,11,0
16864,83,11,0
16864,93,11,0
16892,14,11,1
16892,29,11,1
16892,58,11,1
16892,88,11,1
16892,103,11,1
16895,1,11,0
16895,23,11,0
16895,45,11,0
16895,67,11,0
16895,89,11,0
16895,132,11,0
16899,14,12,0
16899,14,22,0
16899,30,11,0
16899,38,11,0
16899,47,11,0
16899,55,11,0
16899,63,11,0
16905,28,11,1
16905,45,11,1
16905,63,11,1
16905,82,11,1
16905,100,11,1
16942,18,11,0
16942,38,11,0
16942,49,11,0
16942,64,11,0
16942,76,11,0
16942,87,11,0
16954,28,11,0
16954,37,11,0
16954,38,11,0
16954,48,11,0
16954,56,11,0
16954,59,11,0
16957,3,11,0
16957,92,11,0
16957,114,11,0
16957,136,11,0
16957,159,11,0
16971,2,11,0
16971,18,11,0
16971,34,11,0
16971,49,11,0
16971,81,11,0
16971,97,11,0
16989,4,11,0
16989,21,11,0
16989,38,11,0
16989,56,11,0
16989,87,11,0
16989,104,11,0
17008,17,11,0
17008,57,11,0
17008,78,11,0
17008,98,11,0
17008,118,11,0
17008,138,11,0
17029,26,11,1
17029,48,11,1
17029,90,11,1
17029,108,11,1
17029,146,11,1
17039,35,11,1
17039,56,11,1
17039,78,11,1
17039,100,11,1
17039,121,11,1
17039,165,11,1
17047,8,11,1
17047,27,11,1
17047,62,11,1
17047,80,11,1
17047,97,11,1
17047,115,11,1
17064,9,11,1
17064,28,11,1
17064,65,11,1
17064,84,11,1
17064,104,11,1
17064,123,11,1
17071,9,11,0
17071,10,11,0
17071,11,11,0
17071,12,11,0
17071,44,11,0
17071,45,11,0
17071,47,11,0
17071,49,11,0
17084,8,11,0
17084,18,11,0
17084,28,11,0
17084,61,11,0
17084,71,11,0
17084,82,11,0
17084,100,11,0
17093,77,11,1
17093,78,11,1
17093,79,11,1
17093,80,11,1
17093,176,11,1
17093,178,11,1
17093,180,11,1
17105,7,11,0
17105,23,11,0
17105,48,11,0
17105,63,11,0
17105,78,11,0
17105,93,11,0
17114,34,11,1
17114,49,11,1
17114,66,11,1
17114,81,11,1
17114,97,11,1
17114,113,11,1
17124,31,11,0
17124,42,11,0
17124,55,11,0
17124,67,11,0
17124,79,11,0
17124,88,11,0
17133,4,11,0
17133,18,11,0
17133,50,11,0
17133,65,11,0
17133,78,11,0
17133,91,11,0
17141,11,11,1
17141,46,11,1
17141,57,11,1
17141,69,11,1
17141,103,12,1
17141,103,22,1
17141,114,11,1
17156,12,11,0
17156,37,11,0
17156,46,11,0
17156,64,11,0
17156,102,11,0
17156,112,11,0
17163,1,11,0
17163,48,11,0
17163,64,11,0
17163,80,11,0
17163,96,11,0
17163,114,11,0
17169,28,11,1
17169,42,11,1
17169,57,11,1
17169,72,11,1
17169,86,11,1
17170,7,11,0
17170,39,11,0
17170,71,11,0
17170,88,11,0
17170,105,11,0
17170,120,11,0
17174,18,11,0
17174,31,11,0
17174,44,11,0
17174,58,11,0
17174,71,11,0
17174,86,11,0
17177,16,11,0
17177,38,11,0
17177,82,11,0
17177,104,11,0
17177,125,11,0
17177,147,11,0
17218,9,11,1
17218,25,11,1
17218,55,11,1
17218,86,11,1
17265,5,11,0
17265,18,11,0
17265,30,11,0
17265,55,11,0
17265,68,11,0
17265,80,11,0
17265,104,11,0
17265,117,11,0
17296,17,11,0
17296,18,11,0
17296,20,11,0
17296,60,11,0
17296,61,11,0
17296,72,11,0
17296,74,11,0
17296,75,11,0
17298,29,11,0
17298,30,11,0
17298,31,11,0
17298,126,11,0
17298,127,11,0
17298,129,11,0
17298,130,11,0
17298,132,11,0
17311,7,11,1
17311,8,11,1
17311,44,11,1
17311,45,11,1
17311,46,11,1
17311,47,11,1
17311,48,11,1
17312,29,11,0
17312,30,11,0
17312,31,11,0
17312,32,11,0
17312,202,11,0
17312,204,11,0
17312,206,11,0
17343,2,11,0
17343,18,11,0
17343,43,11,0
17343,55,11,0
17343,68,11,0
17343,80,11,0
17345,5,11,0
17345,38,11,0
17345,111,11,0
17345,136,11,0
17345,170,11,0
17345,204,11,0
17345,267,11,0
17345,298,11,0
17350,18,11,1
17350,37,11,1
17350,74,11,1
17350,93,11,1
17350,111,11,1
17350,130,11,1
17357,4,11,0
17357,17,11,0
17357,44,11,0
17357,57,11,0
17357,69,11,0
17357,83,11,0
17357,105,11,0
17357,122,11,0
17366,12,11,0
17366,29,11,0
17366,46,11,0
17366,63,11,0
17366,98,13,0
17366,98,23,0
17366,98,33,0
17366,115,11,0
17373,4,11,0
17373,22,11,0
17373,39,11,0
17373,73,11,0
17373,89,11,0
17373,108,11,0
17373,141,11,0
17373,160,11,0
17375,5,11,0
17375,40,11,0
17375,74,11,0
17375,91,11,0
17375,108,11,0
17375,124,11,0
17409,41,12,1
17409,41,22,1
17409,61,11,1
17409,81,11,1
17409,100,11,1
17409,120,11,1
17409,139,11,1
17436,7,11,0
17436,34,11,0
17436,82,11,0
17436,108,11,0
17436,133,11,0
17436,157,11,0
17441,45,11,0
17441,65,11,0
17441,87,11,0
17441,107,11,0
17441,166,11,0
17441,184,11,0
17466,6,11,0
17466,30,11,0
17466,63,11,0
17466,76,11,0
17466,97,11,0
17466,113,11,0
17475,3,11,0
17475,39,11,0
17475,75,11,0
17475,94,11,0
17475,112,12,0
17475,112,22,0
17475,130,11,0
17495,10,11,1
17495,31,11,1
17495,71,11,1
17495,91,11,1
17495,112,11,1
17495,132,11,1
17501,10,11,1
17501,19,11,1
17501,40,11,1
17501,58,11,1
17501,72,11,1
17516,11,11,0
17516,23,11,0
17516,46,11,0
17516,58,11,0
17516,69,11,0
17516,81,11,0
17520,2,11,1
17520,21,11,1
17520,40,11,1
17520,91,11,1
17520,108,11,1
17520,143,11,1
17545,23,11,0
17545,24,11,0
17545,82,11,0
17545,83,11,0
17545,84,11,0
17545,85,11,0
17545,86,11,0
17545,87,11,0
17556,9,11,0
17556,10,11,0
17556,12,11,0
17556,127,11,0
17556,129,11,0
17556,130,11,0
17556,131,11,0
17556,132,11,0
17565,13,11,1
17565,21,11,1
17565,29,11,1
17565,47,11,1
17565,63,11,1
17565,81,11,1
17565,89,11,1
17566,157,11,1
17566,159,11,1
17566,160,11,1
17566,328,11,1
17566,329,11,1
17566,330,11,1
17566,331,11,1
17582,6,11,0
17582,40,11,0
17582,57,11,0
17582,74,11,0
17582,91,11,0
17582,108,11,0
17582,140,11,0
17582,157,11,0
17594,18,11,0
17594,36,11,0
17594,53,11,0
17594,71,11,0
17594,90,11,0
17594,122,11,0
17608,5,11,0
17608,24,11,0
17608,42,11,0
17608,60,11,0
17608,97,11,0
17608,116,11,0
17612,29,11,0
17612,45,11,0
17612,60,11,0
17612,75,11,0
17612,91,11,0
17612,106,11,0
17627,16,11,0
17627,19,11,0
17627,35,11,0
17627,46,11,0
17627,54,11,0
17627,58,11,0
17644,2,11,1
17644,22,11,1
17644,62,11,1
17644,82,11,1
17644,103,11,1
17644,121,11,1
17647,12,11,1
17647,28,11,1
17647,121,11,1
17647,133,11,1
17647,154,11,1
17647,167,11,1
17664,11,11,0
17664,51,11,0
17664,71,11,0
17664,91,11,0
17664,109,11,0
17664,129,11,0
17684,13,11,0
17684,24,11,0
17684,32,11,0
17684,41,11,0
17684,62,11,0
17684,70,11,0
17689,2,11,0
17689,19,11,0
17689,35,11,0
17689,63,12,0
17689,63,22,0
17689,79,11,0
17689,95,11,0
17721,21,11,0
17721,29,11,0
17721,39,11,0
17721,57,11,0
17721,75,11,0
17721,84,11,0
17723,69,11,1
17723,86,11,1
17723,104,11,1
17723,121,11,1
17731,35,11,0
17731,48,11,0
17731,86,11,0
17731,104,11,0
17731,138,11,0
17731,154,11,0
17733,4,11,1
17733,21,11,1
17733,56,13,1
17733,56,23,1
17733,56,33,1
17733,73,11,1
17733,91,11,1
17733,108,11,1
17748,5,11,1
17748,27,11,1
17748,67,11,1
17748,90,11,1
17748,112,11,1
17748,131,11,1
17756,53,11,0
17756,54,11,0
17756,55,11,0
17756,56,11,0
17756,130,11,0
17756,131,11,0
17756,132,11,0
17756,133,11,0
17783,1,11,1
17783,2,11,1
17783,3,11,1
17783,4,11,1
17783,80,11,1
17783,81,11,1
17783,83,11,1
17783,84,11,1
17787,21,11,0
17787,22,11,0
17787,23,11,0
17787,24,11,0
17787,112,11,0
17787,114,11,0
17787,115,11,0
17787,116,11,0
17795,8,11,0
17795,45,11,0
17795,66,11,0
17795,159,11,0
17795,229,11,0
17809,19,11,0
17809,62,11,0
17809,104,11,0
17809,166,11,0
17809,181,11,0
17829,41,11,0
17829,74,11,0
17829,91,11,0
17829,107,11,0
17829,122,11,0
17829,135,11,0
17833,5,11,0
17833,18,11,0
17833,43,11,0
17833,61,11,0
17833,96,11,0
17833,106,11,0
17842,66,11,0
17842,135,11,0
17842,242,11,0
17842,311,11,0
17842,353,11,0
17849,35,11,0
17849,53,11,0
17849,72,11,0
17849,87,11,0
17849,120,12,0
17849,120,22,0
17849,137,11,0
17849,152,11,0
17849,156,11,0
17879,6,11,0
17879,14,11,0
17879,31,11,0
17879,43,11,0
17879,64,11,0
17879,79,11,0
17880,1,11,1
17880,52,11,1
17880,65,11,1
17880,91,11,1
17880,103,11,1
17898,27,11,0
17898,101,11,0
17898,139,11,0
17898,176,11,0
17898,251,11,0
17898,288,11,0
17898,363,11,0
17904,13,11,0
17904,27,11,0
17904,53,11,0
17904,69,11,0
17904,81,11,0
17904,94,11,0
17928,8,11,0
17928,31,11,0
17928,76,12,0
17928,76,22,0
17928,108,11,0
17928,125,11,0
17928,142,11,0
17931,2,11,0
17931,16,11,0
17931,33,11,0
17931,62,11,0
17931,81,11,0
17931,125,11,0
17935,11,11,0
17935,33,11,0
17935,88,11,0
17935,112,11,0
17935,132,11,0
17935,147,11,0
17941,28,11,1
17941,43,11,1
17941,102,11,1
17941,159,11,1
17946,12,11,0
17946,27,11,0
17946,40,11,0
17946,53,11,0
17946,83,11,0
17946,110,11,0
17946,122,11,0
17946,150,11,0
17959,36,11,0
17959,78,11,0
17959,122,11,0
17959,143,11,0
17959,165,11,0
17959,183,11,0
17961,24,11,0
17961,45,11,0
17961,84,11,0
17961,105,11,0
17961,146,11,0
17961,166,11,0
17984,41,11,0
17984,71,11,0
17984,100,11,0
17984,131,11,0
17984,193,11,0
17984,250,11,0
17984,280,11,0
17999,6,11,0
17999,20,11,0
17999,33,11,0
17999,48,11,0
17999,76,11,0
17999,103,11,0
18007,7,11,0
18007,28,11,0
18007,67,11,0
18007,87,11,0
18007,108,11,0
18007,147,11,0
18012,8,11,0
18012,26,11,0
18012,61,11,0
18012,79,11,0
18012,98,11,0
18012,116,11,0
18032,43,11,0
18032,82,11,0
18032,102,11,0
18032,125,11,0
18032,145,11,0
18032,168,11,0
18032,183,11,0
18040,50,11,0
18040,62,11,0
18040,106,11,0
18040,169,11,0
18040,189,11,0
18053,2,11,0
18053,38,11,0
18053,57,11,0
18053,73,11,0
18053,92,11,0
18053,128,11,0
18054,2,11,0
18054,20,11,0
18054,31,11,0
18054,49,11,0
18054,67,13,0
18054,67,23,0
18054,67,33,0
18056,19,11,0
18056,69,11,0
18056,96,11,0
18056,148,11,0
18056,174,11,0
18056,199,11,0
18094,9,11,0
18094,24,11,0
18094,48,11,0
18094,58,11,0
18094,68,11,0
18094,77,11,0
18104,5,11,0
18104,54,11,0
18104,79,11,0
18104,103,11,0
18104,128,11,0
18104,131,11,0
18131,8,11,0
18131,33,11,0
18131,46,11,0
18131,58,11,0
18131,71,11,0
18131,83,11,0
18131,107,11,0
18131,120,11,0
18155,28,11,0
18155,42,11,0
18155,70,11,0
18155,85,11,0
18155,99,11,0
18155,112,11,0
18186,41,11,1
18186,55,11,1
18186,100,11,1
18186,128,11,1
18208,10,11,1
18208,24,11,1
18208,37,11,1
18208,51,11,1
18208,103,11,1
18209,25,11,1
18209,95,11,1
18209,107,11,1
18220,45,11,1
18220,83,11,1
18220,162,11,1
18236,6,11,1
18236,40,11,1
18236,56,11,1
18236,90,11,1
18236,107,11,1
18238,6,11,1
18238,15,11,1
18238,33,11,1
18238,42,11,1
18238,50,11,1
18250,33,11,1
18250,86,11,1
18250,113,11,1
18250,139,11,1
18250,166,11,1
18280,8,11,0
18280,34,11,0
18280,85,11,0
18280,111,11,0
18280,162,11,0
18284,19,11,1
18284,39,11,1
18284,98,11,1
18284,118,11,1
18284,138,11,1
18305,29,11,1
18305,60,11,1
18305,76,11,1
18305,91,11,1
18305,107,11,1
18313,13,11,1
18313,29,11,1
18313,39,11,1
18313,66,11,1
18313,92,11,1
18313,105,11,1
18313,118,12,1
18313,118,22,1
18313,143,11,1
18340,14,11,1
18340,27,11,1
18340,42,12,1
18340,54,11,1
18340,66,11,1
18340,94,11,1
18342,9,11,1
18342,35,11,1
18342,89,11,1
18342,117,11,1
18342,143,11,1
18351,24,11,0
18351,42,11,0
18351,76,11,0
18351,89,11,0
18351,105,11,0
18373,11,11,0
18373,37,11,0
18373,61,11,0
18373,85,11,0
18373,109,11,0
18373,134,11,0
18404,19,11,0
18404,38,11,0
18404,76,11,0
18404,95,11,0
18404,114,11,0
18404,133,11,0
18424,10,11,0
18424,47,11,0
18424,66,11,0
18424,85,11,0
18424,105,11,0
18424,142,11,0
18435,33,11,0
18435,53,11,0
18435,96,11,0
18435,117,11,0
18435,138,11,0
18435,160,11,0
18437,1,11,0
18437,34,11,0
18437,50,11,0
18437,91,11,0
18437,120,11,0
18437,140,11,0
18438,9,11,0
18438,72,11,0
18438,93,11,0
18438,115,11,0
18438,136,11,0
18455,8,11,0
18455,23,11,0
18455,54,12,0
18455,54,22,0
18455,70,11,0
18455,84,11,0
18455,100,11,0
18463,10,11,1
18463,26,11,1
18463,58,11,1
18463,85,11,1
18463,100,11,1
18468,2,11,1
18468,37,11,1
18468,49,11,1
18476,12,11,1
18476,27,11,1
18476,88,11,1
18480,128,11,1
18480,147,11,1
18480,165,11,1
18497,13,11,1
18497,30,11,1
18497,44,11,1
18497,60,11,1
18497,124,11,1
18497,138,12,1
18497,138,22,1
18509,21,11,0
18509,23,11,0
18509,139,11,0
18509,145,11,0
18509,146,11,0
18509,147,11,0
18509,148,11,0
18509,151,11,0
18526,13,11,1
18526,22,11,1
18526,37,11,1
18526,54,11,1
18526,61,11,1
18526,93,11,1
18580,9,11,0
18580,26,11,0
18580,54,13,0
18580,54,23,0
18580,54,33,0
18580,69,11,0
18580,85,11,0
18580,101,11,0
18588,7,11,0
18588,26,11,0
18588,54,11,0
18588,69,11,0
18588,83,11,0
18588,97,11,0
18588,119,11,0
18588,133,11,0
18599,11,11,0
18599,32,11,0
18599,72,11,0
18599,93,11,0
18599,115,11,0
18614,1,11,0
18614,19,11,0
18614,37,11,0
18614,73,11,0
18614,91,11,0
18614,109,11,0
18623,25,11,0
18623,51,11,0
18623,77,11,0
18623,128,11,0
18623,154,11,0
18623,180,11,0
18628,53,12,1
18628,53,22,1
18628,70,11,1
18628,87,11,1
18628,120,11,1
18628,137,11,1
18628,172,11,1
18640,5,11,1
18640,16,11,1
18640,37,11,1
18640,48,11,1
18640,59,11,1
18640,70,11,1
18653,24,11,1
18653,49,11,1
18653,97,11,1
18653,122,11,1
18653,147,12,1
18653,147,22,1
18653,172,11,1
18664,12,11,0
18664,26,11,0
18664,51,11,0
18664,77,11,0
18664,89,11,0
18665,4,11,0
18665,42,11,0
18665,57,11,0
18665,70,11,0
18665,81,11,0
18683,12,11,0
18683,25,11,0
18683,39,11,0
18683,66,11,0
18683,105,11,0
18683,117,11,0
18685,21,11,0
18685,57,11,0
18685,75,11,0
18685,110,11,0
18685,128,11,0
18685,145,11,0
18704,16,11,1
18704,34,11,1
18704,70,11,1
18704,88,11,1
18704,106,11,1
18704,124,11,1
18727,33,11,0
18727,34,11,0
18727,35,11,0
18727,36,11,0
18727,69,11,0
18727,95,11,0
18727,96,11,0
18727,97,11,0
18752,37,11,0
18752,39,11,0
18752,119,11,0
18752,120,11,0
18752,121,11,0
18752,122,11,0
18752,123,11,0
18752,124,11,0
18755,9,11,0
18755,10,11,0
18755,11,11,0
18755,12,11,0
18755,97,11,0
18755,98,11,0
18755,99,11,0
18755,100,11,0
18766,37,11,1
18766,38,11,1
18766,40,11,1
18766,132,11,1
18766,133,11,1
18766,135,11,1
18766,136,11,1
18773,76,11,1
18773,77,11,1
18773,113,11,1
18773,114,11,1
18773,116,11,1
18794,2,11,0
18794,20,11,0
18794,39,11,0
18794,75,11,0
18794,93,11,0
18794,111,11,0
18820,11,11,0
18820,25,11,0
18820,38,11,0
18820,52,11,0
18820,93,11,0
18820,107,11,0
18824,19,11,1
18824,43,11,1
18824,53,11,1
18824,77,11,1
18824,88,11,1
18830,36,11,1
18830,44,11,1
18830,57,11,1
18830,95,11,1
18830,107,11,1
18840,8,11,0
18840,24,11,0
18840,73,11,0
18840,90,11,0
18840,138,11,0
18854,6,11,0
18854,19,11,0
18854,28,11,0
18854,38,11,0
18854,57,11,0
18854,76,11,0
18855,34,11,1
18855,74,11,1
18855,93,11,1
18855,133,11,1
18855,151,11,1
18855,171,11,1
18862,9,11,0
18862,12,11,0
18862,67,11,0
18862,88,11,0
18862,89,11,0
18862,90,11,0
18862,91,11,0
18862,92,11,0
18899,4,11,0
18899,15,11,0
18899,40,11,0
18899,51,11,0
18899,62,11,0
18899,73,11,0
18904,12,11,0
18904,34,11,0
18904,71,11,0
18904,85,11,0
18904,100,11,0
18904,113,11,0
18904,155,11,0
18919,4,11,0
18919,19,11,0
18919,36,11,0
18919,51,11,0
18919,66,11,0
18919,83,11,0
18923,7,11,1
18923,46,11,1
18923,74,11,1
18934,1,11,1
18934,15,11,1
18934,43,11,1
18934,57,11,1
18934,85,11,1
18951,4,11,0
18951,20,11,0
18951,46,11,0
18951,61,11,0
18951,75,11,0
18951,90,11,0
18966,11,11,0
18966,26,11,0
18966,54,11,0
18966,69,11,0
18966,84,11,0
18966,100,11,0
18979,3,11,0
18979,14,11,0
18979,33,11,0
18979,42,11,0
18979,49,11,0
18979,58,11,0
18987,4,11,1
18987,35,11,1
18987,50,11,1
18987,64,11,1
18987,77,11,1
18987,90,11,1
18995,11,11,0
18995,36,11,0
18995,66,11,0
18995,91,11,0
18995,101,11,0
19005,15,11,1
19005,45,11,1
19005,61,11,1
19005,92,11,1
19005,123,11,1
19005,136,11,1
19016,13,11,1
19016,15,11,1
19016,90,11,1
19016,91,11,1
19016,92,11,1
19016,93,11,1
19016,94,11,1
19028,8,11,0
19028,19,11,0
19028,29,11,0
19028,40,11,0
19028,50,11,0
19028,60,11,0
19028,71,11,0
19028,92,11,0
19035,1,11,0
19035,2,11,0
19035,4,11,0
19035,10,11,0
19035,12,11,0
19035,17,11,0
19035,18,11,0
19035,20,11,0
19051,16,11,0
19051,36,11,0
19051,50,11,0
19051,60,11,0
19051,70,11,0
19051,80,11,0
19064,17,11,0
19064,29,11,0
19064,46,11,0
19064,60,11,0
19064,73,11,0
19064,88,11,0
19087,30,11,1
19087,66,11,1
19087,84,11,1
19087,117,11,1
19090,61,11,0
19090,80,11,0
19090,99,11,0
19090,118,11,0
19101,6,11,0
19101,31,11,0
19101,53,11,0
19101,84,11,0
19101,135,11,0
19101,154,11,0
19109,12,11,1
19109,27,11,1
19109,42,11,1
19109,57,11,1
19109,72,11,1
19109,88,11,1
19112,2,11,0
19112,53,11,0
19112,70,11,0
19112,102,11,0
19112,118,11,0
19139,5,11,0
19139,6,11,0
19139,7,11,0
19139,8,11,0
19139,147,11,0
19139,148,11,0
19139,149,11,0
19139,152,11,0
19140,14,11,0
19140,33,11,0
19140,40,11,0
19140,56,11,0
19140,74,11,0
19140,87,11,0
19140,97,11,0
19140,118,11,0
19141,21,11,0
19141,22,11,0
19141,23,11,0
19141,24,11,0
19141,93,11,0
19141,94,11,0
19141,95,11,0
19141,96,11,0
19174,125,11,1
19174,126,11,1
19174,127,11,1
19174,128,11,1
19174,293,11,1
19174,295,11,1
19174,298,11,1
19194,7,11,0
19194,17,12,0
19194,17,22,0
19194,29,11,0
19194,41,11,0
19194,59,11,0
19194,84,11,0
19197,8,11,0
19197,14,11,0
19197,20,11,0
19197,29,11,0
19197,53,11,0
19197,65,11,0
19221,11,11,0
19221,29,11,0
19221,64,11,0
19221,82,11,0
19221,99,11,0
19221,117,11,0
19230,45,11,1
19230,66,11,1
19230,98,11,1
19236,16,11,0
19236,28,11,0
19236,42,11,0
19236,55,11,0
19236,68,11,0
19256,4,11,0
19256,23,11,0
19256,59,11,0
19256,79,11,0
19256,98,11,0
19256,117,11,0
19268,12,11,0
19268,22,11,0
19268,37,11,0
19268,61,11,0
19268,70,11,0
19268,90,11,0
19271,4,11,0
19271,21,11,0
19271,49,11,0
19271,64,11,0
19271,80,11,0
19271,95,11,0
19288,11,11,0
19288,31,11,0
19288,49,11,0
19288,69,11,0
19288,88,11,0
19288,144,11,0
19307,1,11,0
19307,25,12,0
19307,25,22,0
19307,46,11,0
19307,89,11,0
19307,110,11,0
19307,131,11,0
19314,10,11,0
19314,26,11,0
19314,92,11,0
19314,111,11,0
19314,132,11,0
19314,149,11,0
19330,33,11,0
19330,75,11,0
19330,94,11,0
19330,113,11,0
19330,132,11,0
19330,151,11,0
19348,18,11,1
19348,46,11,1
19348,74,11,1
19358,15,11,1
19358,41,11,1
19358,94,11,1
19358,122,11,1
19358,147,12,1
19358,147,22,1
19376,11,11,1
19376,29,11,1
19376,46,11,1
19376,63,11,1
19376,81,11,1
19376,116,11,1
19387,2,11,0
19387,21,11,0
19387,59,11,0
19387,78,11,0
19387,96,11,0
19387,115,11,0
19402,61,11,0
19402,62,11,0
19402,63,11,0
19402,64,11,0
19402,197,11,0
19402,198,11,0
19402,199,11,0
19402,200,11,0
19406,1,11,0
19406,2,11,0
19406,3,11,0
19406,4,11,0
19406,52,11,0
19406,54,11,0
19406,55,11,0
19406,56,11,0
19416,21,11,1
19416,22,11,1
19416,23,11,1
19416,24,11,1
19416,67,11,1
19416,68,11,1
19416,69,11,1
19416,70,11,1
19434,13,11,1
19434,83,11,1
19434,84,11,1
19434,87,11,1
19434,88,11,1
19446,5,11,0
19446,17,11,0
19446,46,11,0
19446,86,11,0
19446,100,11,0
19446,140,11,0
19448,37,11,0
19448,50,11,0
19448,74,11,0
19448,85,11,0
19479,16,11,0
19479,45,11,0
19479,60,11,0
19479,103,11,0
19479,117,11,0
19479,130,11,0
19482,39,11,0
19482,52,11,0
19482,65,11,0
19482,76,11,0
19483,1,11,0
19483,18,11,0
19483,30,11,0
19483,59,11,0
19483,124,11,0
19483,143,11,0
19499,5,11,0
19499,31,11,0
19499,41,11,0
19499,65,11,0
19499,101,11,0
19529,29,11,1
19529,61,11,1
19529,83,11,1
19531,18,11,1
19531,34,11,1
19531,47,11,1
19558,7,11,0
19558,14,11,0
19558,38,11,0
19558,42,11,0
19558,49,11,0
19558,63,11,0
19558,78,11,0
19578,22,11,0
19578,23,11,0
19578,24,11,0
19578,73,11,0
19578,74,11,0
19578,76,11,0
19578,77,11,0
19578,79,11,0
19580,53,11,0
19580,54,11,0
19580,56,11,0
19580,112,11,0
19580,113,11,0
19580,115,11,0
19580,117,11,0
19583,5,11,0
19583,6,11,0
19583,50,11,0
19583,51,11,0
19583,52,11,0
19583,53,11,0
19583,59,11,0
19583,60,11,0
19591,10,11,0
19591,11,11,0
19591,103,11,0
19591,105,11,0
19591,109,11,0
19591,111,11,0
19591,112,11,0
19591,113,11,0
19599,8,11,1
19599,10,11,1
19599,47,11,1
19599,50,11,1
19599,53,11,1
19603,65,11,1
19603,66,11,1
19603,68,11,1
19603,136,11,1
19603,137,11,1
19603,144,11,1
19603,145,11,1
19611,25,11,1
19611,26,11,1
19611,27,11,1
19611,134,11,1
19611,135,11,1
19611,137,11,1
19611,138,11,1
19611,140,11,1
19624,13,11,0
19624,37,11,0
19624,82,11,0
19624,105,11,0
19624,129,11,0
19624,151,11,0
19644,5,11,1
19644,22,11,1
19644,39,11,1
19644,74,12,1
19644,74,22,1
19644,131,11,1
19647,7,11,0
19647,23,11,0
19647,37,11,0
19647,70,11,0
19647,84,11,0
19647,101,11,0
19659,7,11,0
19659,25,11,0
19659,42,11,0
19659,58,11,0
19659,93,11,0
19659,111,11,0
19664,11,11,0
19664,36,11,0
19664,74,11,0
19664,96,11,0
19664,117,11,0
19664,137,11,0
19684,13,11,1
19684,29,11,1
19684,85,11,1
19684,104,11,1
19684,122,11,1
19692,53,11,0
19692,54,11,0
19692,55,11,0
19692,167,11,0
19692,173,11,0
19692,174,11,0
19692,175,11,0
19692,176,11,0
19741,12,11,0
19741,53,11,0
19741,67,11,0
19741,94,11,0
19741,108,11,0
19743,8,12,0
19743,8,22,0
19743,32,13,0
19743,32,23,0
19743,32,33,0
19743,58,11,0
19743,129,13,0
19743,129,23,0
19743,129,33,0
19743,177,11,0
19743,201,11,0
19764,22,11,1
19764,65,11,1
19764,76,11,1
19764,92,11,1
19764,119,11,1
19778,6,11,0
19778,29,11,0
19778,43,11,0
19778,55,11,0
19778,67,11,0
19778,79,11,0
19787,3,11,1
19787,10,11,1
19787,31,11,1
19787,39,11,1
19803,13,11,0
19803,14,11,0
19803,15,11,0
19803,16,11,0
19803,74,11,0
19803,75,11,0
19803,76,11,0
19803,77,11,0
19804,9,11,0
19804,49,11,0
19804,78,11,0
19804,92,11,0
19804,98,11,0
19804,117,11,0
19804,131,11,0
19804,141,11,0
19812,5,11,0
19812,8,11,0
19812,77,11,0
19812,78,11,0
19812,79,11,0
19812,80,11,0
19812,82,11,0
19812,83,11,0
19821,5,11,1
19821,7,11,1
19821,8,11,1
19821,92,11,1
19821,93,11,1
19821,95,11,1
19821,96,11,1
19833,17,11,0
19833,36,11,0
19833,53,11,0
19833,72,11,0
19833,91,11,0
19833,112,11,0
19837,7,11,0
19837,22,11,0
19837,37,11,0
19837,79,11,0
19837,94,11,0
19837,105,11,0
19849,3,11,0
19849,36,11,0
19849,68,11,0
19849,100,11,0
19849,115,11,0
19849,130,11,0
19855,19,11,0
19855,35,11,0
19855,67,11,0
19855,83,11,0
19855,99,11,0
19855,112,11,0
19867,8,11,0
19867,23,11,0
19867,50,11,0
19867,109,11,0
19867,150,11,0
19894,48,11,0
19894,67,11,0
19894,85,11,0
19894,103,11,0
19904,19,11,0
19904,34,11,0
19904,64,11,0
19904,80,11,0
19904,95,11,0
19904,110,11,0
19925,17,11,0
19925,42,11,0
19925,55,11,0
19925,66,11,0
19925,79,11,0
19938,34,11,1
19938,54,11,1
19938,74,11,1
19938,113,11,1
19938,135,11,1
19953,23,11,0
19953,41,11,0
19953,61,11,0
19953,95,11,0
19953,130,11,0
19953,146,11,0
19956,4,11,1
19956,39,11,1
19956,62,11,1
19956,93,11,1
19973,26,11,1
19973,80,11,1
19973,97,11,1
19973,110,11,1
19973,131,11,1
19973,148,11,1
19973,181,11,1
19975,29,11,1
19975,41,11,1
19975,70,12,1
19975,88,11,1
19975,101,11,1
19999,12,11,0
19999,26,11,0
19999,40,11,0
19999,64,11,0
19999,76,11,0
19999,97,11,0
20023,10,11,0
20023,11,11,0
20023,133,11,0
20023,134,11,0
20023,135,11,0
20023,136,11,0
20023,137,11,0
20032,81,11,0
20032,83,11,0
20032,111,11,0
20032,115,11,0
20032,118,11,0
20032,119,11,0
20032,120,11,0
20032,121,11,0
20034,7,11,1
20034,30,11,1
20034,43,11,1
20034,56,11,1
20034,82,11,1
20034,107,11,1
20045,9,11,0
20045,27,11,0
20045,44,11,0
20045,61,11,0
20045,80,11,0
20045,131,11,0
20047,13,11,0
20047,23,11,0
20047,38,11,0
20047,48,11,0
20047,59,11,0
20047,70,11,0
20070,6,11,0
20070,38,11,0
20070,55,11,0
20070,72,11,0
20070,121,11,0
20070,137,11,0
20079,1,11,0
20079,22,11,0
20079,89,11,0
20079,105,11,0
20079,128,11,0
20079,143,11,0
20100,17,11,1
20100,37,11,1
20100,76,11,1
20100,96,11,1
20100,116,11,1
20100,136,11,1
20111,11,11,0
20111,55,11,0
20111,78,11,0
20111,100,11,0
20111,123,11,0
20111,145,11,0
20116,6,11,0
20116,25,11,0
20116,34,11,0
20116,50,11,0
20116,56,11,0
20116,66,11,0
20129,2,11,0
20129,19,11,0
20129,53,11,0
20129,88,11,0
20129,105,11,0
20129,122,11,0
20131,8,11,1
20131,22,11,1
20131,35,11,1
20131,47,11,1
20131,62,11,1
20131,104,11,1
20159,4,11,1
20159,33,11,1
20159,47,11,1
20159,61,11,1
20159,76,11,1
20159,90,11,1
20173,33,11,0
20173,34,11,0
20173,35,11,0
20173,36,11,0
20173,97,11,0
20173,98,11,0
20173,99,11,0
20173,100,11,0
20189,4,11,0
20189,21,11,0
20189,35,11,0
20189,49,11,0
20189,78,11,0
20189,106,11,0
20211,5,11,0
20211,29,11,0
20211,66,11,0
20211,79,11,0
20211,91,11,0
20211,101,11,0
20220,9,11,0
20220,27,11,0
20220,63,11,0
20220,82,11,0
20220,100,11,0
20220,118,11,0
20224,31,11,0
20224,100,11,0
20224,117,11,0
20224,132,11,0
20224,148,11,0
20234,19,11,0
20234,36,11,0
20234,53,11,0
20234,70,11,0
20234,87,11,0
20234,121,11,0
20248,9,11,0
20248,35,11,0
20248,50,11,0
20248,61,11,0
20248,73,11,0
20248,90,11,0
20251,28,11,1
20251,78,11,1
20251,96,11,1
20251,113,11,1
20259,15,11,1
20259,32,11,1
20259,64,11,1
20259,80,11,1
20259,96,11,1
20296,4,11,0
20296,17,11,0
20296,30,11,0
20296,56,11,0
20296,81,11,0
20296,94,11,0
20308,10,11,1
20308,31,11,1
20308,93,11,1
20308,114,12,1
20308,114,22,1
20308,134,11,1
20329,66,11,0
20329,68,11,0
20329,69,11,0
20329,70,11,0
20329,71,11,0
20329,73,11,0
20329,74,11,0
20329,75,11,0
20331,69,11,0
20331,70,11,0
20331,71,11,0
20331,72,11,0
20331,155,11,0
20331,156,11,0
20331,157,11,0
20331,158,11,0
20351,29,11,1
20351,32,11,1
20351,142,11,1
20351,144,11,1
20500,23,11,0
20500,42,11,0
20500,59,11,0
20500,96,11,0
20500,114,11,0
20500,132,11,0
20504,15,11,0
20504,39,11,0
20504,56,11,0
20504,72,11,0
20504,102,11,0
20504,185,11,0
20531,4,11,1
20531,28,11,1
20531,41,11,1
20531,53,11,1
20531,65,11,1
20531,77,11,1
20531,89,11,1
20531,101,11,1
20576,47,11,0
20576,62,11,0
20576,78,11,0
20576,94,11,0
20576,110,11,0
20576,124,11,0
20590,3,11,0
20590,14,11,0
20590,32,11,0
20590,41,11,0
20590,50,11,0
20590,59,11,0
20597,5,11,1
20597,8,11,1
20597,45,11,1
20597,46,11,1
20597,48,11,1
20597,50,11,1
20608,9,11,0
20608,11,11,0
20608,12,11,0
20608,126,11,0
20608,127,11,0
20608,128,11,0
20608,129,11,0
20608,130,11,0
20611,24,11,1
20611,40,12,1
20611,40,22,1
20611,72,11,1
20611,89,11,1
20611,105,11,1
20618,14,11,1
20618,15,11,1
20618,63,11,1
20618,64,11,1
20618,65,11,1
20618,66,11,1
20618,67,11,1
20618,68,11,1
20621,14,11,0
20621,32,11,0
20621,45,11,0
20621,66,11,0
20621,121,11,0
20621,156,11,0
20639,21,11,0
20639,22,11,0
20639,23,11,0
20639,24,11,0
20639,59,11,0
20639,60,11,0
20639,61,11,0
20639,62,11,0
20640,7,11,0
20640,15,11,0
20640,35,11,0
20640,41,11,0
20640,49,11,0
20640,58,11,0
20653,3,11,0
20653,14,11,0
20653,26,11,0
20653,39,11,0
20653,63,11,0
20660,28,11,0
20660,48,11,0
20660,68,11,0
20660,108,11,0
20660,128,11,0
20660,148,11,0
20686,13,11,0
20686,23,11,0
20686,30,11,0
20686,47,11,0
20686,68,11,0
20686,72,11,0
20686,81,11,0
20686,98,11,0
20691,1,11,1
20691,43,11,1
20691,56,11,1
20691,112,11,1
20691,125,11,1
20691,153,11,1
20711,25,11,0
20711,26,11,0
20711,27,11,0
20711,28,11,0
20711,104,11,0
20711,105,11,0
20711,106,11,0
20711,108,11,0
20716,1,11,1
20716,2,11,1
20716,64,11,1
20716,65,11,1
20716,66,11,1
20716,67,11,1
20716,68,11,1
20717,5,11,0
20717,14,11,0
20717,26,11,0
20717,63,11,0
20717,72,11,0
20717,89,11,0
20732,19,11,0
20732,20,11,0
20732,46,11,0
20732,47,11,0
20732,49,11,0
20732,50,11,0
20732,51,11,0
20732,52,11,0
20735,8,11,0
20735,30,11,0
20735,52,11,0
20735,64,11,0
20735,86,11,0
20735,97,11,0
20736,34,11,1
20736,62,11,1
20736,79,11,1
20736,97,11,1
20736,107,11,1
20736,118,11,1
20743,1,11,0
20743,2,11,0
20743,4,11,0
20743,28,11,0
20743,30,11,0
20743,31,11,0
20743,32,11,0
20743,34,11,0
20744,14,11,0
20744,33,11,0
20744,47,11,0
20744,61,11,0
20744,77,11,0
20744,90,11,0
20747,26,11,0
20747,27,11,0
20747,28,11,0
20747,43,11,0
20747,44,11,0
20747,45,11,0
20747,46,11,0
20747,47,11,0
21011,25,11,0
21011,35,11,0
21011,44,11,0
21011,53,11,0
21011,73,11,0
21011,81,11,0
21012,7,11,0
21012,21,11,0
21012,49,11,0
21012,63,11,0
21012,78,11,0
21012,92,11,0
15018,31,11,0
15018,96,11,0
15018,117,11,0
15018,139,11,0
15018,161,11,0
15021,36,11,1
15021,47,11,1
15021,59,11,1
15021,70,11,1
15021,82,11,1
15045,12,11,0
15045,22,11,0
15045,35,11,0
15045,45,11,0
15045,55,11,0
15045,65,11,0
15053,28,12,0
15053,28,22,0
15053,43,11,0
15053,107,11,0
15053,137,11,0
15063,18,11,1
15063,122,11,1
15063,157,11,1
15067,6,11,1
15067,36,11,1
15067,66,11,1
15067,78,11,1
15067,95,11,1
15097,1,11,1
15097,2,11,1
15097,3,11,1
15097,4,11,1
15097,61,11,1
15097,62,11,1
15097,63,11,1
15117,41,11,0
15117,42,11,0
15117,43,11,0
15117,44,11,0
15117,97,11,0
15117,98,11,0
15117,99,11,0
15117,100,11,0
15137,43,11,0
15137,44,11,0
15137,89,11,0
15137,90,11,0
15137,92,11,0
15137,94,11,0
15137,95,11,0
15137,97,11,0
15138,14,11,0
15138,38,11,0
15138,52,11,0
15138,59,11,0
15138,66,11,0
15138,74,11,0
15138,80,11,0
15150,49,11,0
15150,50,11,0
15150,51,11,0
15150,52,11,0
15150,129,11,0
15150,130,11,0
15150,131,11,0
15150,132,11,0
15152,3,11,0
15152,18,11,0
15152,30,11,0
15152,42,11,0
15152,75,11,0
15152,97,11,0
15152,109,11,0
15152,120,11,0
15172,57,11,1
15172,182,11,1
15172,183,11,1
15172,184,11,1
15181,9,11,0
15181,11,11,0
15181,12,11,0
15181,76,11,0
15181,77,11,0
15181,78,11,0
15181,79,11,0
15181,80,11,0
15183,21,11,1
15183,22,11,1
15183,24,11,1
15183,64,11,1
15183,67,11,1
15183,68,11,1
15185,43,11,0
15185,55,11,0
15185,71,11,0
15185,89,11,0
15185,104,11,0
15185,118,11,0
15185,155,11,0
15201,5,11,0
15201,19,11,0
15201,76,11,0
15201,88,11,0
15201,102,11,0
15201,114,11,0
15201,142,11,0
15207,18,11,0
15207,38,11,0
15207,76,11,0
15207,116,11,0
15207,136,11,0
15216,4,11,0
15216,21,11,0
15216,36,11,0
15216,51,12,0
15216,51,22,0
15216,82,11,0
15216,98,11,0
15229,19,11,1
15229,51,11,1
15229,99,11,1
15229,115,11,1
15229,131,11,1
15256,7,11,0
15256,28,11,0
15256,69,11,0
15256,90,11,0
15256,110,12,0
15256,110,22,0
15256,131,11,0
15265,43,11,1
15265,118,11,1
15265,167,11,1
15265,190,11,1
15265,212,11,1
15272,29,11,0
15272,30,11,0
15272,85,11,0
15272,86,11,0
15272,88,11,0
15272,108,11,0
15272,117,11,0
15272,118,11,0
15284,18,11,0
15284,53,11,0
15284,68,11,0
15284,100,11,0
15284,132,11,0
15284,148,11,0
15295,43,11,0
15295,68,11,0
15295,92,11,0
15295,118,11,0
15295,166,11,0
15295,189,11,0
15295,239,11,0
15295,260,11,0
15302,7,11,1
15302,28,11,1
15302,47,11,1
15302,80,11,1
15333,6,11,0
15333,7,11,0
15333,61,11,0
15333,79,11,0
15333,81,11,0
15333,82,11,0
15333,83,11,0
15333,84,11,0
15337,33,11,0
15337,34,11,0
15337,36,11,0
15337,126,11,0
15337,127,11,0
15337,128,11,0
15337,129,11,0
15337,130,11,0
15341,8,11,0
15341,19,11,0
15341,46,11,0
15341,56,11,0
15341,67,11,0
15341,77,11,0
15341,102,11,0
15341,110,11,0
15365,41,11,0
15365,42,11,0
15365,43,11,0
15365,44,11,0
15365,87,11,0
15365,88,11,0
15365,89,11,0
15365,90,11,0
15378,10,11,1
15378,12,11,1
15378,69,11,1
15378,70,11,1
15378,71,11,1
15378,72,11,1
15378,73,11,1
15388,13,11,1
15388,14,11,1
15388,15,11,1
15388,16,11,1
15388,91,11,1
15388,93,11,1
15388,94,11,1
15395,14,11,0
15395,27,11,0
15395,41,11,0
15395,58,11,0
15395,73,11,0
15395,102,11,0
15403,18,11,0
15403,41,11,0
15403,64,11,0
15403,88,11,0
15403,134,11,0
15403,157,11,0
15403,180,11,0
15403,202,11,0
15417,4,11,1
15417,27,11,1
15417,71,11,1
15417,115,11,1
15419,19,11,0
15419,43,11,0
15419,66,11,0
15419,139,11,0
15419,163,11,0
15419,184,11,0
15431,3,11,0
15431,8,11,0
15431,18,11,0
15431,24,11,0
15431,29,11,0
15431,38,11,0
15453,53,11,0
15453,54,11,0
15453,55,11,0
15453,56,11,0
15453,185,11,0
15453,186,11,0
15453,187,11,0
15453,188,11,0
15477,22,11,0
15477,23,11,0
15477,81,11,0
15477,82,11,0
15477,84,11,0
15477,85,11,0
15477,86,11,0
15477,88,11,0
15492,21,11,0
15492,22,11,0
15492,23,11,0
15492,24,11,0
15492,105,11,0
15492,106,11,0
15492,107,11,0
15492,108,11,0
15505,4,11,0
15505,15,11,0
15505,35,11,0
15505,58,11,0
15505,69,11,0
15505,77,11,0
15505,88,11,0
15505,106,11,0
15511,53,11,1
15511,54,11,1
15511,55,11,1
15511,56,11,1
15511,113,11,1
15511,114,11,1
15511,115,11,1
15511,116,11,1
15518,25,11,1
15518,27,11,1
15518,28,11,1
15518,81,11,1
15518,82,11,1
15518,83,11,1
15529,8,11,0
15529,20,11,0
15529,35,11,0
15529,66,11,0
15529,72,11,0
15529,122,11,0
15529,134,11,0
15550,11,12,0
15550,11,22,0
15550,47,11,0
15550,64,11,0
15550,116,11,0
15550,131,13,0
15550,131,23,0
15550,131,33,0
15550,144,11,0
15573,4,11,0
15573,27,11,0
15573,50,11,0
15573,95,11,0
15573,163,11,0
15573,184,11,0
15581,31,11,0
15581,70,11,0
15581,90,11,0
15581,109,11,0
15581,129,11,0
15601,10,11,0
15601,26,11,0
15601,43,11,0
15601,60,11,0
15601,75,11,0
15601,90,11,0
15603,2,11,0
15603,21,11,0
15603,39,11,0
15603,57,11,0
15603,76,11,0
15603,89,11,0
15603,110,11,0
15603,149,11,0
15612,14,11,0
15612,21,11,0
15612,30,11,0
15612,40,11,0
15612,59,11,0
15623,1,11,1
15623,5,11,1
15623,14,11,1
15626,18,11,1
15626,29,11,1
15626,70,11,1
15626,86,11,1
15626,116,11,1
15626,151,11,1
15626,172,11,1
15627,8,11,0
15627,27,11,0
15627,45,11,0
15627,61,11,0
15627,97,11,0
15627,116,11,0
15638,48,11,1
15638,83,11,1
15638,101,11,1
15638,120,11,1
15638,138,11,1
15638,155,11,1
15638,192,11,1
15651,25,11,1
15651,40,11,1
15651,54,11,1
15651,86,11,1
15651,102,11,1
15651,115,11,1
15658,4,11,0
15658,14,11,0
15658,29,11,0
15658,35,11,0
15658,60,11,0
15658,70,11,0
15685,15,11,0
15685,26,11,0
15685,40,11,0
15685,52,11,0
15685,66,11,0
15685,76,11,0
15706,42,11,1
15706,53,11,1
15706,64,11,1
15706,75,11,1
15718,10,11,0
15718,32,11,0
15718,77,11,0
15718,98,11,0
15718,176,11,0
15733,11,11,1
15733,15,11,1
15733,28,11,1
15753,42,11,0
15753,43,11,0
15753,44,11,0
15753,109,11,0
15753,112,11,0
15753,113,11,0
15753,116,11,0
15753,117,11,0
15774,5,11,1
15774,6,11,1
15774,7,11,1
15774,8,11,1
15774,37,11,1
15774,38,11,1
15774,39,11,1
15790,3,11,0
15790,16,11,0
15790,41,11,0
15790,55,11,0
15790,69,11,0
15790,82,11,0
15800,4,11,1
15800,24,11,1
15800,66,11,1
15800,87,11,1
15800,128,11,1
15800,169,11,1
15807,15,11,1
15807,91,11,1
15807,132,11,1
15819,10,11,1
15819,20,11,1
15819,30,11,1
15819,41,11,1
15819,51,11,1
15819,82,11,1
15820,3,11,0
15820,10,11,0
15820,28,12,0
15820,28,22,0
15820,36,11,0
15820,44,11,0
15820,52,11,0
15839,2,11,0
15839,17,11,0
15839,46,11,0
15839,64,11,0
15839,109,11,0
15839,125,11,0
15846,47,11,0
15846,66,11,0
15846,86,11,0
15846,106,11,0
15846,125,11,0
15846,144,11,0
15857,16,11,1
15857,34,11,1
15857,50,11,1
15857,82,11,1
15857,98,11,1
15857,129,11,1
15870,29,11,0
15870,30,11,0
15870,83,11,0
15870,84,11,0
15870,85,11,0
15870,86,11,0
15870,87,11,0
15870,90,11,0
15874,49,11,0
15874,50,11,0
15874,51,11,0
15874,52,11,0
15874,121,11,0
15874,122,11,0
15874,123,11,0
15874,124,11,0
15888,39,11,0
15888,40,11,0
15888,101,11,0
15888,105,11,0
15888,106,11,0
15888,108,11,0
15888,109,11,0
15888,111,11,0
15895,9,11,0
15895,10,11,0
15895,121,11,0
15895,122,11,0
15895,124,11,0
15895,125,11,0
15895,126,11,0
15902,25,11,1
15902,143,11,1
15902,144,11,1
15902,146,11,1
15902,147,11,1
15902,148,11,1
15902,149,11,1
15902,152,11,1
15906,3,11,0
15906,13,11,0
15906,21,11,0
15906,31,11,0
15906,37,11,0
15906,78,11,0
15906,88,11,0
15906,105,11,0
15907,6,11,0
15907,13,11,0
15907,23,11,0
15907,65,11,0
15907,77,11,0
15907,88,11,0
15907,104,11,0
15907,108,11,0
15956,14,11,0
15956,30,11,0
15956,60,11,0
15956,90,11,0
15956,106,11,0
15956,135,11,0
15956,151,11,0
15965,11,11,0
15965,85,11,0
15965,95,11,0
15965,108,11,0
15980,20,11,1
15980,94,11,1
15980,144,11,1
15980,193,11,1
15980,216,11,1
15985,13,11,0
15985,37,11,0
15985,86,11,0
15985,110,11,0
15985,134,11,0
15985,158,11,0
15992,54,11,0
15992,70,11,0
15992,105,11,0
15992,121,11,0
15992,135,11,0
15992,149,11,0
15996,19,11,0
15996,41,11,0
15996,59,11,0
15996,78,11,0
15996,98,11,0
15996,174,11,0
16048,57,11,0
16048,58,11,0
16048,59,11,0
16048,60,11,0
16048,150,11,0
16048,151,11,0
16048,152,11,0
16048,153,11,0
16070,45,11,0
16070,46,11,0
16070,47,11,0
16070,48,11,0
16070,147,11,0
16070,149,11,0
16070,151,11,0
16070,152,11,0
16074,13,11,0
16074,14,11,0
16074,15,11,0
16074,63,11,0
16074,66,11,0
16074,70,11,0
16074,72,11,0
16074,73,11,0
16091,89,11,0
16091,90,11,0
16091,91,11,0
16091,92,11,0
16091,188,11,0
16091,189,11,0
16091,191,11,0
16091,192,11,0
16105,2,11,1
16105,12,11,1
16105,30,11,1
16105,40,11,1
16105,49,11,1
16105,59,11,1
16105,77,11,1
16105,86,11,1
16109,33,11,1
16109,35,11,1
16109,36,11,1
16109,232,11,1
16109,233,11,1
16109,234,11,1
16109,235,11,1
16109,236,11,1
16112,61,11,0
16112,62,11,0
16112,63,11,0
16112,64,11,0
16112,224,11,0
16112,226,11,0
16112,227,11,0
16112,228,11,0
16128,45,11,1
16128,46,11,1
16128,47,11,1
16128,48,11,1
16128,169,11,1
16128,171,11,1
16128,172,11,1
16128,174,11,1
16136,9,11,0
16136,11,11,0
16136,12,11,0
16136,91,11,0
16136,92,11,0
16136,93,11,0
16136,95,11,0
16136,96,11,0
16151,21,11,0
16151,22,11,0
16151,149,11,0
16151,150,11,0
16151,151,11,0
16151,153,11,0
16151,154,11,0
16151,155,11,0
16157,45,11,1
16157,46,11,1
16157,48,11,1
16157,180,11,1
16157,181,11,1
16157,184,11,1
16168,2,11,0
16168,20,11,0
16168,58,11,0
16168,75,11,0
16168,93,11,0
16168,114,11,0
16168,131,11,0
16168,150,11,0
16190,5,11,0
16190,19,11,0
16190,51,11,0
16190,68,11,0
16190,87,11,0
16190,103,11,0
16197,28,14,0
16197,28,24,0
16197,28,34,0
16197,28,44,0
16197,41,11,0
16197,56,11,0
16197,72,12,0
16197,72,22,0
16197,100,11,0
16197,109,12,0
16197,109,22,0
16212,32,11,1
16212,50,11,1
16212,68,11,1
16212,125,11,1
16212,144,11,1
16212,181,11,1
16217,14,11,0
16217,30,11,0
16217,62,11,0
16217,78,11,0
16217,94,11,0
16217,110,11,0
16228,37,12,0
16228,37,22,0
16228,47,11,0
16228,64,11,0
16228,77,11,0
16228,103,11,0
16228,116,11,0
16246,25,11,0
16246,43,11,0
16246,76,11,0
16246,92,11,0
16246,126,11,0
16246,141,11,0
16250,51,11,0
16250,106,11,0
16250,204,11,0
16250,254,11,0
16250,301,11,0
16250,349,11,0
16250,445,11,0
16250,495,11,0
16270,22,11,0
16270,44,11,0
16270,105,11,0
16270,144,11,0
16270,183,11,0
16277,43,11,1
16277,58,11,1
16277,85,11,1
16277,98,11,1
16277,113,11,1
16277,127,11,1
16281,6,11,0
16281,52,11,0
16281,76,11,0
16281,99,11,0
16281,144,11,0
16281,166,11,0
16312,8,11,1
16312,27,11,1
16312,36,11,1
16312,45,11,1
16312,55,11,1
16325,22,15,1
16325,22,25,1
16325,22,35,1
16325,22,45,1
16325,22,55,1
16325,47,11,1
16325,96,11,1
16325,126,11,1
16325,146,11,1
16325,172,11,1
16326,11,11,1
16326,80,11,1
16326,96,11,1
16326,115,11,1
16326,130,11,1
16337,11,11,0
16337,27,11,0
16337,96,11,0
16337,132,11,0
16358,27,11,0
16358,47,11,0
16358,67,11,0
16358,87,11,0
16358,107,11,0
16358,127,11,0
16362,21,11,1
16362,60,11,1
16362,79,11,1
16362,118,11,1
16362,175,11,1
16367,13,11,0
16367,48,11,0
16367,81,11,0
16367,98,11,0
16367,132,11,0
16367,149,11,0
16367,183,11,0
16369,29,11,1
16369,38,11,1
16369,57,11,1
16369,65,11,1
16369,75,11,1
16369,102,11,1
16398,8,11,0
16398,18,11,0
16398,27,11,0
16398,39,11,0
16398,50,11,0
16398,86,11,0
16420,26,11,0
16420,70,11,0
16420,92,11,0
16420,111,11,0
16420,135,11,0
16420,157,11,0
16435,4,11,1
16435,35,11,1
16435,50,11,1
16435,97,11,1
16435,112,11,1
16436,6,11,1
16436,32,11,1
16436,46,11,1
16436,60,11,1
16436,73,11,1
16436,100,11,1
16455,2,11,0
16455,15,11,0
16455,55,11,0
16455,80,11,0
16455,92,11,0
16455,105,11,0
16455,118,11,0
16455,129,11,0
16457,38,11,0
16457,39,11,0
16457,132,11,0
16457,133,11,0
16457,136,11,0
16457,137,11,0
16457,138,11,0
16457,140,11,0
16466,10,11,0
16466,12,11,0
16466,36,11,0
16466,38,11,0
16466,49,11,0
16466,51,11,0
16466,52,11,0
16466,53,11,0
16468,109,11,0
16468,111,11,0
16468,250,11,0
16468,251,11,0
16468,252,11,0
16468,253,11,0
16468,254,11,0
16468,255,11,0
16512,57,11,0
16512,58,11,0
16512,59,11,0
16512,60,11,0
16512,145,11,0
16512,147,11,0
16512,148,11,0
16512,149,11,0
16516,80,11,0
16516,83,11,0
16516,200,11,0
16516,201,11,0
16516,202,11,0
16516,203,11,0
16516,204,11,0
16516,205,11,0
16517,6,11,1
16517,8,11,1
16517,9,11,1
16517,12,11,1
16517,40,11,1
16517,42,11,1
16517,48,11,1
16528,5,11,0
16528,22,11,0
16528,41,11,0
16528,74,11,0
16528,92,11,0
16528,110,11,0
16528,127,11,0
16528,177,11,0
16537,2,11,1
16537,16,11,1
16537,28,11,1
16537,39,11,1
16537,52,11,1
16537,77,11,1
16537,88,11,1
16537,113,11,1
16551,38,11,0
16551,59,11,0
16551,117,11,0
16551,133,11,0
16551,155,11,0
16551,175,11,0
16555,28,11,1
16555,42,11,1
16555,55,11,1
16555,81,11,1
16555,93,11,1
16593,21,11,0
16593,23,11,0
16593,25,11,0
16593,27,11,0
16593,28,11,0
16593,54,11,0
16593,56,11,0
16593,57,11,0
16596,5,11,0
16596,37,11,0
16596,45,11,0
16596,52,11,0
16596,59,11,0
16596,75,11,0
16596,84,11,0
16596,99,11,0
16598,17,11,0
16598,18,11,0
16598,19,11,0
16598,20,11,0
16598,101,11,0
16598,102,11,0
16598,103,11,0
16598,104,11,0
16608,133,11,0
16608,134,11,0
16608,135,11,0
16608,136,11,0
16608,137,11,0
16608,138,11,0
16608,139,11,0
16608,140,11,0
16615,9,11,1
16615,10,11,1
16615,91,11,1
16615,92,11,1
16615,93,11,1
16615,94,11,1
16615,95,11,1
16615,96,11,1
16625,73,11,0
16625,75,11,0
16625,79,11,0
16625,80,11,0
16625,89,11,0
16625,90,11,0
16625,91,11,0
16625,92,11,0
16633,66,11,1
16633,68,11,1
16633,175,11,1
16633,177,11,1
16633,178,11,1
16633,180,11,1
16633,181,11,1
16696,18,11,1
16696,35,11,1
16696,53,11,1
16696,83,11,1
16696,102,11,1
16696,134,11,1
16704,30,11,0
16704,43,11,0
16704,51,11,0
16704,84,11,0
16704,97,11,0
16704,112,11,0
16711,6,11,0
16711,23,11,0
16711,59,11,0
16711,77,11,0
16711,94,11,0
16711,112,11,0
16745,17,11,0
16745,37,11,0
16745,80,11,0
16745,98,11,0
16745,120,11,0
16745,140,11,0
16746,7,11,1
16746,48,11,1
16746,61,11,1
16746,72,11,1
16746,85,11,1
16751,2,11,1
16751,28,11,1
16751,53,11,1
16751,79,11,1
16751,91,11,1
16751,103,11,1
16762,1,11,0
16762,2,11,0
16762,4,11,0
16762,65,11,0
16762,68,11,0
16762,71,11,0
16762,72,11,0
16762,73,11,0
16772,8,11,0
16772,21,11,0
16772,28,11,0
16772,39,11,0
16772,49,11,0
16772,59,11,0
16772,69,11,0
16772,96,11,0
16776,57,11,0
16776,58,11,0
16776,60,11,0
16776,174,11,0
16776,175,11,0
16776,177,11,0
16776,178,11,0
16776,180,11,0
16782,9,11,0
16782,10,11,0
16782,11,11,0
16782,50,11,0
16782,51,11,0
16782,52,11,0
16782,54,11,0
16782,55,11,0
16798,53,11,0
16798,54,11,0
16798,55,11,0
16798,56,11,0
16798,219,11,0
16798,220,11,0
16798,221,11,0
16798,222,11,0
16806,191,11,1
16806,192,11,1
16806,194,11,1
16806,397,11,1
16806,399,11,1
16806,401,11,1
16841,37,11,0
16841,38,11,0
16841,39,11,0
16841,40,11,0
16841,108,11,0
16841,110,11,0
16841,111,11,0
16841,112,11,0
16848,9,11,1
16848,11,11,1
16848,96,11,1
16848,97,11,1
16848,98,11,1
16848,99,11,1
16848,100,11,1
16876,8,11,0
16876,27,11,0
16876,46,11,0
16876,65,11,0
16876,84,11,0
16876,103,11,0
16876,157,11,0
16876,176,11,0
16887,20,11,0
16887,35,11,0
16887,52,11,0
16887,67,11,0
16887,82,11,0
16887,98,11,0
16898,3,11,0
16898,16,11,0
16898,30,11,0
16898,45,11,0
16898,75,11,0
16898,122,11,0
16898,136,11,0
16901,13,11,0
16901,33,11,0
16901,50,11,0
16901,70,11,0
16901,90,11,0
16901,109,11,0
16906,12,11,1
16906,27,11,1
16906,41,11,1
16906,57,11,1
16906,84,11,1
16912,17,11,1
16912,33,11,1
16912,65,11,1
16912,79,11,1
16912,95,11,1
16912,125,11,1
16912,141,11,1
16917,11,11,1
16917,44,11,1
16917,60,11,1
16917,110,11,1
16917,126,11,1
16917,142,11,1
16935,17,11,0
16935,31,11,0
16935,44,11,0
16935,59,11,0
16935,71,11,0
16935,84,11,0
16945,11,11,0
16945,27,11,0
16945,39,11,0
16945,64,11,0
16945,77,11,0
16945,114,11,0
16976,9,11,0
16976,19,11,0
16976,39,11,0
16976,50,11,0
16976,60,11,0
16976,71,11,0
16978,6,11,0
16978,21,11,0
16978,37,11,0
16978,53,11,0
16978,82,11,0
16978,97,11,0
16999,3,11,0
16999,17,11,0
16999,23,11,0
16999,30,11,0
16999,37,11,0
16999,44,11,0
17005,17,11,0
17005,40,11,0
17005,63,11,0
17005,109,11,0
17005,131,11,0
17005,156,11,0
17020,22,11,0
17020,33,11,0
17020,44,11,0
17020,54,11,0
17020,64,11,0
17020,85,11,0
17021,24,11,0
17021,43,11,0
17021,60,11,0
17021,87,11,0
17021,106,11,0
17021,120,11,0
17031,8,11,1
17031,18,11,1
17031,48,11,1
17031,59,11,1
17046,9,11,1
17046,22,11,1
17046,38,11,1
17046,71,11,1
17046,95,11,1
17046,105,11,1
17058,12,11,1
17058,48,11,1
17058,65,11,1
17058,83,11,1
17058,100,11,1
17058,118,11,1
17079,33,11,1
17079,34,11,1
17079,35,11,1
17079,36,11,1
17079,160,11,1
17079,161,11,1
17079,162,11,1
17079,163,11,1
17083,17,11,0
17083,18,11,0
17083,19,11,0
17083,20,11,0
17083,45,11,0
17083,46,11,0
17083,47,11,0
17083,48,11,0
17107,4,11,0
17107,17,11,0
17107,35,11,0
17107,64,11,0
17107,75,11,0
17107,102,11,0
17107,111,11,0
17107,124,11,0
17115,10,11,0
17115,28,11,0
17115,64,11,0
17115,83,11,0
17115,101,11,0
17115,120,11,0
17118,16,11,0
17118,35,11,0
17118,72,11,0
17118,91,11,0
17118,112,11,0
17118,133,11,0
17144,6,11,0
17144,20,11,0
17144,34,11,0
17144,49,11,0
17144,63,11,0
17144,78,11,0
17147,7,11,1
17147,59,11,1
17147,76,11,1
17147,93,11,1
17147,111,11,1
17147,145,11,1
17162,1,11,0
17162,15,11,0
17162,30,11,0
17162,59,11,0
17162,72,11,0
17162,89,11,0
17184,9,11,0
17184,40,11,0
17184,55,11,0
17184,88,11,0
17184,104,11,0
17184,133,11,0
17190,12,11,0
17190,22,11,0
17190,43,11,0
17190,54,11,0
17190,64,11,0
17190,75,11,0
17209,47,11,1
17209,67,11,1
17209,88,11,1
17209,108,11,1
17209,129,11,1
17209,148,11,1
17214,41,11,1
17214,89,11,1
17214,113,11,1
17214,138,11,1
17214,161,11,1
17214,186,11,1
17226,11,11,0
17226,25,11,0
17226,42,11,0
17226,54,11,0
17226,68,11,0
17226,105,11,0
17234,49,11,0
17234,83,11,0
17234,117,11,0
17234,149,11,0
17234,180,11,0
17234,211,11,0
17240,29,11,1
17240,62,11,1
17240,78,11,1
17240,95,11,1
17240,111,11,1
17247,9,11,0
17247,10,11,0
17247,11,11,0
17247,120,11,0
17247,121,11,0
17247,122,11,0
17247,123,11,0
17247,124,11,0
17270,8,11,0
17270,21,11,0
17270,70,11,0
17270,83,11,0
17270,94,11,0
17270,119,11,0
17270,131,11,0
17270,142,11,0
17308,13,11,0
17308,14,11,0
17308,16,11,0
17308,75,11,0
17308,76,11,0
17308,78,11,0
17308,79,11,0
17308,80,11,0
17310,69,11,0
17310,70,11,0
17310,71,11,0
17310,72,11,0
17310,149,11,0
17310,150,11,0
17310,151,11,0
17310,152,11,0
17317,15,11,1
17317,17,11,1
17317,108,11,1
17317,109,11,1
17317,111,11,1
17317,113,11,1
17325,5,11,1
17325,8,11,1
17325,35,11,1
17325,36,11,1
17325,42,11,1
17325,43,11,1
17325,44,11,1
17329,17,11,0
17329,35,11,0
17329,69,11,0
17329,87,11,0
17329,104,11,0
17329,123,11,0
17341,3,11,0
17341,28,11,0
17341,74,11,0
17341,99,11,0
17341,124,11,0
17341,149,12,0
17341,149,22,0
17367,4,11,0
17367,21,11,0
17367,55,11,0
17367,73,11,0
17367,90,11,0
17367,108,11,0
17384,4,11,0
17384,18,11,0
17384,46,11,0
17384,60,11,0
17384,73,11,0
17384,87,11,0
17391,11,11,0
17391,49,11,0
17391,185,11,0
17391,231,11,0
17391,274,11,0
17391,364,11,0
17391,404,11,0
17402,2,11,1
17402,20,11,1
17402,54,11,1
17402,72,11,1
17402,90,11,1
17402,108,11,1
17415,20,11,1
17415,40,11,1
17415,143,11,1
17415,164,11,1
17417,9,11,1
17417,29,11,1
17417,33,11,1
17417,54,11,1
17417,70,11,1
17417,82,11,1
17417,104,11,1
17426,59,11,1
17426,73,11,1
17426,88,11,1
17426,118,11,1
17426,132,11,1
17438,2,11,0
17438,33,11,0
17438,46,11,0
17438,60,11,0
17438,74,11,0
17438,100,11,0
17452,22,11,0
17452,39,11,0
17452,55,11,0
17452,71,11,0
17452,88,11,0
17452,104,11,0
17456,33,11,0
17456,57,11,0
17456,81,11,0
17456,106,11,0
17456,131,11,0
17456,181,11,0
17481,8,12,0
17481,8,22,0
17481,31,11,0
17481,89,11,0
17481,109,11,0
17481,129,11,0
17481,149,11,0
17486,15,11,1
17486,105,11,1
17486,141,11,1
17505,8,11,1
17505,46,11,1
17505,71,11,1
17505,86,11,1
17512,3,11,0
17512,42,11,0
17512,55,11,0
17512,79,11,0
17512,91,11,0
17512,102,11,0
17531,5,11,0
17531,18,11,0
17531,31,11,0
17531,57,11,0
17531,83,11,0
17531,95,11,0
17531,108,11,0
17531,121,11,0
17533,1,11,0
17533,2,11,0
17533,3,12,0
17533,3,22,0
17533,4,11,0
17533,153,11,0
17533,154,11,0
17533,155,11,0
17533,156,11,0
17562,17,11,1
17562,18,11,1
17562,19,11,1
17562,163,11,1
17562,164,11,1
17562,166,11,1
17569,17,11,1
17569,18,11,1
17569,19,11,1
17569,20,11,1
17569,67,11,1
17569,69,11,1
17569,71,11,1
17569,72,11,1
17570,17,11,0
17570,19,11,0
17570,20,11,0
17570,73,11,0
17570,74,11,0
17570,75,11,0
17570,76,11,0
17570,79,11,0
17575,7,11,0
17575,21,11,0
17575,52,11,0
17575,75,11,0
17575,91,11,0
17575,100,11,0
17575,113,11,0
17575,131,11,0
17587,4,11,0
17587,16,11,0
17587,41,11,0
17587,50,12,0
17587,50,22,0
17587,67,12,0
17587,67,22,0
17587,81,11,0
17596,9,11,0
17596,23,11,0
17596,48,11,0
17596,64,11,0
17596,78,11,0
17596,95,11,0
17596,118,11,0
17606,3,11,0
17606,27,11,0
17606,58,11,0
17606,75,12,0
17606,75,22,0
17606,91,11,0
17606,106,11,0
17606,135,11,0
17606,152,11,0
17637,9,11,1
17637,26,12,1
17637,26,22,1
17637,53,11,1
17637,92,11,1
17654,5,11,1
17654,17,11,1
17654,28,11,1
17654,50,11,1
17654,60,11,1
17654,71,11,1
17661,5,11,0
17661,22,11,0
17661,57,11,0
17661,74,11,0
17661,92,11,0
17661,109,11,0
17675,2,11,0
17675,35,11,0
17675,50,11,0
17675,82,11,0
17675,112,11,0
17675,123,11,0
17685,12,11,0
17685,24,11,0
17685,49,11,0
17685,62,11,0
17685,76,11,0
17685,86,11,0
17698,20,11,0
17698,32,11,0
17698,50,11,0
17698,61,11,0
17698,75,11,0
17698,90,11,0
17700,6,11,0
17700,21,11,0
17700,46,11,0
17700,59,11,0
17700,74,11,0
17700,87,12,0
17700,87,22,0
17710,3,11,0
17710,25,11,0
17710,48,11,0
17710,69,11,0
17710,114,11,0
17710,136,11,0
17714,18,11,0
17714,35,11,0
17714,68,11,0
17714,103,11,0
17714,136,11,0
17740,27,11,1
17740,59,11,1
17740,75,11,1
17740,92,12,1
17740,92,22,1
17740,108,11,1
17740,123,11,1
17747,11,11,1
17747,35,11,1
17747,59,11,1
17747,106,11,1
17747,130,11,1
17747,154,11,1
17758,65,11,0
17758,66,11,0
17758,67,11,0
17758,68,11,0
17758,212,11,0
17758,213,11,0
17758,215,11,0
17758,216,11,0
17765,41,11,0
17765,42,11,0
17765,43,11,0
17765,44,11,0
17765,180,11,0
17765,182,12,0
17765,182,22,0
17765,183,11,0
17765,184,11,0
17780,17,11,1
17780,18,11,1
17780,20,11,1
17780,102,11,1
17780,103,11,1
17791,6,11,0
17791,36,11,0
17791,65,11,0
17791,94,11,0
17791,124,11,0
17791,154,11,0
17791,242,11,0
17791,274,11,0
17802,17,11,1
17802,35,11,1
17802,52,11,1
17802,70,11,1
17802,88,11,1
17802,105,11,1
17802,123,11,1
17805,12,11,0
17805,39,11,0
17805,91,11,0
17805,114,11,0
17805,164,11,0
17805,187,11,0
17805,236,11,0
17831,13,11,0
17831,30,11,0
17831,46,11,0
17831,61,11,0
17831,75,11,0
17831,94,11,0
17855,22,11,0
17855,52,11,0
17855,82,11,0
17855,232,11,0
17855,261,11,0
17855,292,11,0
17862,11,11,0
17862,25,11,0
17862,40,11,0
17862,66,11,0
17862,110,11,0
17862,122,11,0
17888,33,11,0
17888,70,11,0
17888,87,11,0
17888,105,11,0
17888,141,11,0
17888,187,11,0
17894,13,11,0
17894,28,11,0
17894,40,11,0
17894,82,11,0
17894,101,11,0
17894,118,11,0
17901,6,11,0
17901,24,11,0
17901,54,11,0
17901,72,11,0
17901,89,11,0
17901,105,11,0
17901,134,11,0
17901,151,11,0
17936,19,11,0
17936,107,11,0
17936,130,11,0
17936,152,11,0
17936,215,11,0
17960,2,11,0
17960,22,11,0
17960,43,11,0
17960,58,11,0
17960,79,11,0
17960,118,11,0
17980,8,11,0
17980,32,11,0
17980,37,11,0
17980,48,11,0
17980,58,11,0
17980,68,11,0
17980,85,11,0
17980,94,11,0
17986,14,11,0
17986,53,11,0
17986,66,11,0
17986,112,11,0
17986,131,11,0
17986,169,11,0
17986,189,11,0
18001,5,11,0
18001,30,11,0
18001,68,11,0
18001,88,11,0
18001,109,11,0
18001,129,11,0
18006,20,11,0
18006,42,11,0
18006,63,11,0
18006,86,11,0
18006,109,11,0
18006,154,11,0
18020,53,11,0
18020,72,11,0
18020,92,11,0
18020,111,11,0
18020,152,11,0
18020,173,11,0
18021,4,11,1
18021,15,11,1
18021,25,11,1
18021,37,11,1
18021,57,11,1
18021,67,11,1
18026,4,11,0
18026,23,11,0
18026,57,11,0
18026,75,11,0
18026,90,11,0
18026,110,11,0
18070,2,11,0
18070,27,11,0
18070,41,11,0
18070,53,11,0
18070,67,11,0
18070,80,11,0
18072,4,11,0
18072,21,12,0
18072,21,22,0
18072,37,11,0
18072,52,11,0
18072,69,11,0
18072,85,11,0
18105,18,11,0
18105,78,11,0
18105,98,11,0
18105,118,11,0
18105,138,14,0
18105,138,24,0
18105,138,34,0
18105,138,44,0
18112,3,11,0
18112,28,11,0
18112,77,11,0
18112,102,11,0
18112,126,11,0
18112,151,11,0
18134,35,11,0
18134,55,11,0
18134,74,11,0
18134,92,11,0
18134,112,11,0
18134,131,11,0
18134,149,11,0
18134,187,11,0
18137,6,11,0
18137,25,11,0
18137,44,11,0
18137,63,11,0
18137,82,11,0
18137,101,11,0
18137,120,11,0
18137,155,11,0
18147,8,11,0
18147,33,11,0
18147,59,11,0
18147,82,11,0
18147,106,11,0
18147,130,11,0
18152,8,11,0
18152,25,11,0
18152,37,11,0
18152,70,11,0
18152,94,11,0
18152,115,11,0
18152,137,11,0
18152,199,11,0
18153,14,11,0
18153,35,11,0
18153,98,11,0
18153,120,11,0
18153,141,11,0
18156,8,11,0
18156,24,11,0
18156,40,11,0
18156,72,11,0
18156,88,11,0
18156,104,11,0
18159,6,11,0
18159,20,11,0
18159,47,11,0
18159,61,11,0
18159,75,12,0
18159,75,22,0
18159,90,11,0
18173,5,11,1
18173,62,11,1
18173,77,11,1
18173,96,11,1
18173,147,11,1
18183,13,11,1
18183,39,11,1
18183,53,11,1
18183,66,11,1
18183,80,11,1
18183,93,11,1
18185,1,11,1
18185,22,11,1
18185,55,11,1
18185,90,11,1
18218,3,11,1
18218,68,11,1
18218,88,11,1
18218,99,11,1
18224,39,11,1
18224,52,11,1
18224,67,11,1
18224,81,11,1
18224,96,11,1
18224,123,11,1
18247,14,11,0
18247,35,11,0
18247,76,11,0
18247,97,11,0
18247,117,11,0
18247,138,11,0
18279,57,11,1
18279,83,11,1
18279,94,11,1
18283,8,11,1
18283,49,11,1
18283,60,11,1
18283,83,11,1
18283,109,11,1
18295,4,11,1
18295,22,11,1
18295,40,11,1
18295,93,11,1
18295,111,11,1
18307,7,11,1
18307,15,11,1
18307,23,11,1
18307,31,11,1
18307,56,11,1
18307,65,11,1
18312,8,11,1
18312,29,11,1
18312,62,11,1
18312,85,11,1
18312,104,11,1
18312,123,11,1
18312,161,11,1
18312,183,11,1
18331,13,11,1
18331,41,11,1
18331,59,11,1
18331,82,11,1
18331,92,11,1
18331,107,11,1
18331,138,11,1
18331,154,11,1
18339,25,11,1
18339,34,11,1
18339,50,11,1
18339,55,11,1
18339,66,11,1
18343,33,11,0
18343,79,11,0
18343,103,11,0
18343,131,11,0
18343,150,11,0
18364,50,11,0
18364,68,11,0
18364,86,11,0
18364,103,11,0
18364,119,11,0
18364,144,11,0
18376,23,11,0
18376,47,11,0
18376,66,11,0
18376,88,11,0
18376,132,11,0
18376,155,11,0
18380,16,11,0
18380,62,11,0
18380,84,11,0
18380,106,11,0
18380,148,11,0
18380,186,11,0
18386,19,11,0
18386,40,11,0
18386,92,11,0
18386,110,11,0
18386,123,11,0
18406,8,11,0
18406,23,11,0
18406,35,13,0
18406,35,23,0
18406,35,33,0
18406,85,11,0
18406,98,11,0
18406,110,11,0
18411,17,11,0
18411,64,11,0
18411,110,11,0
18411,132,11,0
18411,177,11,0
18411,199,11,0
18446,8,11,0
18446,51,11,0
18446,71,11,0
18446,132,11,0
18446,153,11,0
18446,174,11,0
18462,114,11,1
18462,134,11,1
18462,154,11,1
18462,175,11,1
18478,4,11,1
18478,23,11,1
18478,32,11,1
18478,41,11,1
18478,51,11,1
18478,60,11,1
18485,5,11,1
18485,13,11,1
18485,18,11,1
18485,26,11,1
18485,31,11,1
18485,53,11,1
18486,18,12,1
18486,18,22,1
18486,37,11,1
18486,74,11,1
18486,93,11,1
18486,112,11,1
18486,131,11,1
18495,11,11,1
18495,32,11,1
18495,72,11,1
18495,113,11,1
18495,154,11,1
18495,171,11,1
18521,9,11,1
18521,10,11,1
18521,11,11,1
18521,165,11,1
18521,166,11,1
18521,167,11,1
18521,168,11,1
18522,33,11,1
18522,34,11,1
18522,35,11,1
18522,36,11,1
18522,101,11,1
18522,102,11,1
18522,103,11,1
18522,104,11,1
18528,15,11,1
18528,26,11,1
18528,38,11,1
18528,61,11,1
18528,96,11,1
18528,119,11,1
18538,29,11,0
18538,30,11,0
18538,32,11,0
18538,95,11,0
18538,96,11,0
18538,97,11,0
18538,98,11,0
18538,99,11,0
18540,13,11,0
18540,14,11,0
18540,15,11,0
18540,16,11,0
18540,60,11,0
18540,63,11,0
18540,64,11,0
18540,65,11,0
18573,15,11,0
18573,32,11,0
18573,63,11,0
18573,79,11,0
18573,95,11,0
18573,110,11,0
18573,140,11,0
18573,155,11,0
18581,3,11,0
18581,58,11,0
18581,76,11,0
18581,95,11,0
18581,112,11,0
18581,131,11,0
18581,147,11,0
18584,12,11,0
18584,28,11,0
18584,44,11,0
18584,60,11,0
18584,93,11,0
18584,109,11,0
18610,8,11,0
18610,25,11,0
18610,58,11,0
18610,76,11,0
18610,93,11,0
18610,111,11,0
18622,4,11,0
18622,19,11,0
18622,20,11,0
18622,23,11,0
18622,25,11,0
18622,31,11,0
18622,36,11,0
18622,37,11,0
18632,2,11,1
18632,20,11,1
18632,44,11,1
18632,92,11,1
18642,10,11,1
18642,24,11,1
18642,50,11,1
18642,64,11,1
18642,92,11,1
18642,132,12,1
18642,132,22,1
18659,1,11,0
18659,17,11,0
18659,43,11,0
18659,57,11,0
18659,71,11,0
18659,85,11,0
18666,15,11,0
18666,38,11,0
18666,81,11,0
18666,104,11,0
18666,127,11,0
18666,150,11,0
18693,31,11,0
18693,46,11,0
18693,62,11,0
18693,78,11,0
18693,95,11,0
18693,110,11,0
18703,24,11,1
18703,66,11,1
18703,87,11,1
18703,107,11,1
18703,128,11,1
18712,3,11,1
18712,13,11,1
18712,31,11,1
18712,42,11,1
18712,52,11,1
18712,62,11,1
18718,4,12,0
18718,4,22,0
18718,36,11,0
18718,46,11,0
18718,58,11,0
18718,68,11,0
18718,77,11,0
18718,98,11,0
18719,97,11,0
18719,99,11,0
18719,100,11,0
18719,220,11,0
18719,221,11,0
18719,222,11,0
18719,223,11,0
18733,13,11,0
18733,14,11,0
18733,16,11,0
18733,98,11,0
18733,100,11,0
18733,101,11,0
18733,102,11,0
18762,34,11,1
18762,35,11,1
18762,36,11,1
18762,94,11,1
18762,96,11,1
18762,97,11,1
18762,99,11,1
18777,45,11,1
18777,46,11,1
18777,47,11,1
18777,137,11,1
18777,139,11,1
18777,141,11,1
18777,142,11,1
18777,143,11,1
18783,24,11,0
18783,38,11,0
18783,68,11,0
18783,78,11,0
18783,85,11,0
18783,97,11,0
18797,19,11,0
18797,31,11,0
18797,68,11,0
18797,80,11,0
18797,103,11,0
18812,15,11,0
18812,50,11,0
18812,69,11,0
18812,106,11,0
18812,140,11,0
18812,160,11,0
18812,179,11,0
18821,85,11,1
18821,97,11,1
18821,111,11,1
18821,138,11,1
18842,32,11,0
18842,45,11,0
18842,58,11,0
18842,72,11,0
18842,85,11,0
18842,98,11,0
18857,22,11,1
18857,35,11,1
18857,50,11,1
18857,64,11,1
18857,78,11,1
18861,13,11,0
18861,15,11,0
18861,161,11,0
18861,162,11,0
18861,163,11,0
18861,164,11,0
18861,165,11,0
18861,166,11,0
18866,53,11,1
18866,55,11,1
18866,56,11,1
18866,169,11,1
18866,172,11,1
18866,179,11,1
18866,182,11,1
18870,9,11,0
18870,16,11,0
18870,24,11,0
18870,39,11,0
18870,47,11,0
18870,55,11,0
18870,70,11,0
18870,84,11,0
18887,36,11,0
18887,58,11,0
18887,80,11,0
18887,101,11,0
18887,122,11,0
18887,144,11,0
18892,22,11,0
18892,41,11,0
18892,84,11,0
18892,103,11,0
18892,122,11,0
18892,141,11,0
18898,6,11,0
18898,44,11,0
18898,55,11,0
18898,63,11,0
18898,73,11,0
18909,8,11,0
18909,24,11,0
18909,39,11,0
18909,56,11,0
18909,70,11,0
18913,4,11,1
18913,50,11,1
18913,66,11,1
18913,82,11,1
18913,129,11,1
18913,141,11,1
18949,17,11,0
18949,33,11,0
18949,48,11,0
18949,65,11,0
18949,97,11,0
18949,112,11,0
18977,28,11,0
18977,41,11,0
18977,56,11,0
18977,70,11,0
18977,121,11,0
18991,31,11,1
18991,50,11,1
18991,86,11,1
18991,105,11,1
18991,140,11,1
18998,6,11,0
18998,17,11,0
18998,29,11,0
18998,38,11,0
18998,61,11,0
18998,72,11,0
19000,43,11,1
19000,74,11,1
19000,90,11,1
19000,106,11,1
19000,119,11,1
19012,14,11,0
19012,22,11,0
19012,31,11,0
19012,40,11,0
19012,52,11,0
19012,69,11,0
19017,15,11,0
19017,26,11,0
19017,45,11,0
19017,58,11,0
19017,72,11,0
19017,86,11,0
19017,98,11,0
19047,25,11,1
19047,26,11,1
19047,28,11,1
19047,73,11,1
19047,74,11,1
19047,80,11,1
19047,90,11,1
19055,14,11,0
19055,30,11,0
19055,49,11,0
19055,65,11,0
19055,83,11,0
19055,100,11,0
19055,118,11,0
19055,167,11,0
19059,19,11,0
19059,33,11,0
19059,59,11,0
19059,73,11,0
19059,86,11,0
19059,111,11,0
19080,29,11,1
19080,30,11,1
19080,39,11,1
19080,76,11,1
19080,102,11,1
19080,112,11,1
19094,12,11,0
19094,27,11,0
19094,73,11,0
19094,103,11,0
19094,116,11,0
19094,129,11,0
19099,5,11,0
19099,23,11,0
19099,46,11,0
19099,58,11,0
19099,91,11,0
19099,123,11,0
19115,13,11,0
19115,18,11,0
19115,24,11,0
19115,43,11,0
19115,48,11,0
19115,52,11,0
19130,11,11,1
19130,23,11,1
19130,46,11,1
19161,1,11,0
19161,2,11,0
19161,3,11,0
19161,4,11,0
19161,51,11,0
19161,52,11,0
19161,53,11,0
19161,59,11,0
19172,2,11,0
19172,3,11,0
19172,82,11,0
19172,83,11,0
19172,84,11,0
19172,85,11,0
19172,86,11,0
19172,88,11,0
19177,53,11,1
19177,133,11,1
19177,134,11,1
19177,138,11,1
19177,139,11,1
19178,12,11,1
19178,30,11,1
19178,65,11,1
19178,100,11,1
19178,118,11,1
19178,136,11,1
19178,153,11,1
19184,21,12,0
19184,21,22,0
19184,44,11,0
19184,83,11,0
19184,106,11,0
19184,128,11,0
19184,150,11,0
19190,22,11,0
19190,37,11,0
19190,52,11,0
19190,67,11,0
19190,83,11,0
19190,98,11,0
19190,125,11,0
19190,140,11,0
19208,10,11,0
19208,30,11,0
19208,72,11,0
19208,92,11,0
19208,113,11,0
19208,133,11,0
19223,6,11,0
19223,22,11,0
19223,39,11,0
19223,57,11,0
19223,106,11,0
19223,122,11,0
19241,7,11,1
19241,27,11,1
19241,65,11,1
19241,82,11,1
19241,104,11,1
19241,124,11,1
19241,161,11,1
19253,9,11,0
19253,22,11,0
19253,46,11,0
19253,61,11,0
19253,73,11,0
19262,19,11,0
19262,45,11,0
19262,118,11,0
19262,164,11,0
19262,186,11,0
19262,204,11,0
19279,11,11,0
19279,26,11,0
19279,57,11,0
19279,72,11,0
19279,85,11,0
19279,99,11,0
19282,11,11,0
19282,53,11,0
19282,68,11,0
19282,82,11,0
19282,97,11,0
19282,107,11,0
19298,7,11,0
19298,34,11,0
19298,83,11,0
19298,108,11,0
19298,133,11,0
19298,158,11,0
19318,19,11,0
19318,36,11,0
19318,50,11,0
19318,102,11,0
19318,118,11,0
19318,135,11,0
19337,6,11,0
19337,20,11,0
19337,48,11,0
19337,62,12,0
19337,62,22,0
19337,76,11,0
19337,90,11,0
19344,2,11,1
19344,21,11,1
19344,65,11,1
19344,87,11,1
19344,109,11,1
19344,130,11,1
19352,11,11,1
19352,51,11,1
19352,91,11,1
19352,111,11,1
19352,131,11,1
19367,1,11,1
19367,22,11,1
19367,63,11,1
19367,84,11,1
19367,105,11,1
19367,126,11,1
19380,7,11,1
19380,29,11,1
19380,52,11,1
19380,65,11,1
19380,76,11,1
19380,87,11,1
19386,12,11,0
19386,26,11,0
19386,40,11,0
19386,60,11,0
19386,68,11,0
19386,108,11,0
19399,105,11,0
19399,106,11,0
19399,107,11,0
19399,108,11,0
19399,234,11,0
19399,235,11,0
19399,237,11,0
19399,238,11,0
19405,5,11,0
19405,6,11,0
19405,7,11,0
19405,8,11,0
19405,69,11,0
19405,70,11,0
19405,71,11,0
19405,72,11,0
19418,61,11,0
19418,62,11,0
19418,63,11,0
19418,64,11,0
19418,189,11,0
19418,190,11,0
19418,191,11,0
19418,192,11,0
19428,13,11,1
19428,14,11,1
19428,15,11,1
19428,16,11,1
19428,133,11,1
19428,134,11,1
19428,135,11,1
19428,136,11,1
19432,7,11,1
19432,8,11,1
19432,40,11,1
19432,41,11,1
19432,42,11,1
19432,43,11,1
19432,44,11,1
19451,50,11,0
19451,80,11,0
19451,95,11,0
19455,2,11,1
19455,15,11,1
19455,28,11,1
19455,41,11,1
19455,54,11,1
19455,67,11,1
19455,80,11,1
19465,10,11,0
19465,56,11,0
19465,68,11,0
19465,80,11,0
19465,104,11,0
19468,14,11,0
19468,23,11,0
19468,42,11,0
19468,86,11,0
19486,7,11,0
19486,61,11,0
19486,77,11,0
19486,95,11,0
19486,112,11,0
19486,146,11,0
19489,66,11,0
19489,83,11,0
19489,118,11,0
19489,152,11,0
19516,8,11,1
19516,24,11,1
19516,66,11,1
19516,108,11,1
19516,122,11,1
19521,9,11,1
19521,59,11,1
19521,93,11,1
19521,110,11,1
19554,62,11,0
19554,63,11,0
19554,143,11,0
19554,144,11,0
19554,148,11,0
19554,149,11,0
19554,150,11,0
19554,151,11,0
19560,37,11,0
19560,111,11,0
19560,112,11,0
19560,113,11,0
19560,115,11,0
19560,116,11,0
19560,118,11,0
19560,119,11,0
19574,81,11,0
19574,83,11,0
19574,84,11,0
19574,88,11,0
19574,89,11,0
19574,90,11,0
19574,95,11,0
19617,50,11,0
19617,51,11,0
19617,52,11,0
19617,55,11,0
19617,60,11,0
19617,61,11,0
19617,63,11,0
19617,64,11,0
19618,129,11,1
19618,132,11,1
19618,133,11,1
19618,135,11,1
19618,136,11,1
19618,137,11,1
19618,138,11,1
19622,61,11,1
19622,149,11,1
19622,150,11,1
19622,151,11,1
19622,152,11,1
19622,154,11,1
19622,155,11,1
19622,156,11,1
19634,5,12,0
19634,5,22,0
19634,18,11,0
19634,29,11,0
19634,40,11,0
19634,52,11,0
19634,64,11,0
19637,13,11,0
19637,31,11,0
19637,49,11,0
19637,67,11,0
19637,85,11,0
19637,121,13,0
19637,121,23,0
19637,121,33,0
19637,158,11,0
19637,176,11,0
19654,3,11,0
19654,30,11,0
19654,41,11,0
19654,51,11,0
19654,55,11,0
19654,58,11,0
19671,10,11,0
19671,30,11,0
19671,50,11,0
19671,93,11,0
19671,113,11,0
19671,129,11,0
19676,32,11,1
19676,51,11,1
19676,70,11,1
19676,89,11,1
19676,108,11,1
19676,125,11,1
19680,13,11,1
19680,28,11,1
19680,43,11,1
19680,72,11,1
19680,100,11,1
19680,129,11,1
19708,57,11,0
19708,58,11,0
19708,59,11,0
19708,60,11,0
19708,327,11,0
19708,330,11,0
19708,331,11,0
19708,334,11,0
19710,9,11,1
19710,27,11,1
19710,37,11,1
19710,55,11,1
19710,65,11,1
19710,82,11,1
19710,92,11,1
19724,28,11,0
19724,51,11,0
19724,70,11,0
19724,95,11,0
19724,114,11,0
19724,158,11,0
19729,14,11,0
19729,26,11,0
19729,55,11,0
19729,71,11,0
19729,101,11,0
19729,117,11,0
19729,145,11,0
19729,157,11,0
19747,4,11,0
19747,37,11,0
19747,54,11,0
19747,73,11,0
19747,90,12,0
19747,90,22,0
19747,106,11,0
19747,135,11,0
19747,153,13,0
19747,153,23,0
19747,153,33,0
19750,20,11,1
19750,48,11,1
19750,62,11,1
19750,76,11,1
19750,88,11,1
19750,103,11,1
19750,117,11,1
19766,1,11,0
19766,26,12,0
19766,26,22,0
19766,49,11,0
19766,71,11,0
19766,96,11,0
19766,118,11,0
19775,7,11,0
19775,17,11,0
19775,31,11,0
19775,43,11,0
19775,56,11,0
19775,79,11,0
19796,9,12,1
19796,9,22,1
19796,27,11,1
19796,64,11,1
19796,83,11,1
19796,103,11,1
19796,122,11,1
19808,29,11,0
19808,30,11,0
19808,31,11,0
19808,32,11,0
19808,109,11,0
19808,110,11,0
19808,111,11,0
19808,112,11,0
19816,209,11,1
19816,210,11,1
19816,211,11,1
19816,212,11,1
19816,696,11,1
19816,697,11,1
19816,698,11,1
19816,699,11,1
19858,18,11,0
19858,37,11,0
19858,53,11,0
19858,68,11,0
19858,85,11,0
19858,100,11,0
19868,13,12,0
19868,13,22,0
19868,30,11,0
19868,37,11,0
19868,57,11,0
19868,69,11,0
19868,87,11,0
19868,102,11,0
19868,130,11,0
19880,1,11,0
19880,11,11,0
19880,30,11,0
19880,39,11,0
19880,51,11,0
19902,36,11,0
19902,50,11,0
19902,79,11,0
19902,94,11,0
19902,122,11,0
19915,15,11,0
19915,32,11,0
19915,49,11,0
19915,58,11,0
19915,68,11,0
19915,87,11,0
19917,3,11,0
19917,16,11,0
19917,28,11,0
19917,41,12,0
19917,41,22,0
19917,53,11,0
19917,66,11,0
19917,115,11,0
19924,13,11,0
19924,19,11,0
19924,26,11,0
19924,35,11,0
19924,51,11,0
19937,3,11,1
19937,15,11,1
19937,27,11,1
19937,60,12,1
19937,60,22,1
19937,74,12,1
19937,74,22,1
19946,6,11,1
19946,25,11,1
19946,43,11,1
19946,62,11,1
19950,13,11,1
19950,32,11,1
19950,109,11,1
19950,128,11,1
19967,14,11,1
19967,40,11,1
19967,112,11,1
19967,138,11,1
19968,13,11,0
19968,23,11,0
19968,57,11,0
19968,78,11,0
19968,87,11,0
19968,95,11,0
19983,20,11,0
19983,43,11,0
19983,54,11,0
19983,66,11,0
19983,76,11,0
19983,87,11,0
19987,7,11,1
19987,26,11,1
19987,36,11,1
19987,44,11,1
19987,65,11,1
19987,76,11,1
20028,13,11,0
20028,15,11,0
20028,16,11,0
20028,265,11,0
20028,266,11,0
20028,267,11,0
20028,268,11,0
20028,270,11,0
20058,1,11,0
20058,26,11,0
20058,67,11,0
20058,80,11,0
20058,92,11,0
20058,104,11,0
20058,115,11,0
20060,19,11,0
20060,39,11,0
20060,59,11,0
20060,79,11,0
20060,138,11,0
20080,6,11,0
20080,52,11,0
20080,76,11,0
20080,99,11,0
20080,119,11,0
20080,141,11,0
20085,24,11,1
20085,90,11,1
20085,111,11,1
20085,133,11,1
20096,8,11,1
20096,46,11,1
20096,65,11,1
20125,12,11,0
20125,40,11,0
20125,54,11,0
20125,65,11,0
20125,83,11,0
20125,110,11,0
20143,12,11,1
20143,72,11,1
20143,92,11,1
20143,111,11,1
20148,21,11,0
20148,64,11,0
20148,86,11,0
20148,129,11,0
20148,151,11,0
20148,172,11,0
20155,37,11,1
20155,53,11,1
20155,72,11,1
20155,127,11,1
20155,144,11,1
20177,17,11,0
20177,18,11,0
20177,19,11,0
20177,20,11,0
20177,91,11,0
20177,92,11,0
20177,93,11,0
20177,94,11,0
20186,6,11,0
20186,35,11,0
20186,50,11,0
20186,80,11,0
20186,95,11,0
20186,111,11,0
20198,21,11,0
20198,26,11,0
20198,54,11,0
20198,75,11,0
20198,83,11,0
20198,85,11,0
20200,1,11,0
20200,18,11,0
20200,50,11,0
20200,67,11,0
20200,84,12,0
20200,84,22,0
20200,119,11,0
20200,133,11,0
20200,152,11,0
20217,4,11,0
20217,22,11,0
20217,39,11,0
20217,56,11,0
20217,75,11,0
20217,110,11,0
20225,2,11,0
20225,17,11,0
20225,48,11,0
20225,63,11,0
20225,78,11,0
20225,93,11,0
20236,26,11,0
20236,40,11,0
20236,59,11,0
20236,92,11,0
20236,108,11,0
20236,123,11,0
20265,1,11,1
20265,14,11,1
20265,41,11,1
20265,68,11,1
20265,81,11,1
20281,15,11,1
20281,34,11,1
20281,91,11,1
20281,146,11,1
20281,165,11,1
20281,166,11,1
20299,5,11,1
20299,21,11,1
20299,37,11,1
20299,67,11,1
20299,83,11,1
20299,99,11,1
20301,28,11,0
20301,43,11,0
20301,58,11,0
20301,77,11,0
20301,93,11,0
20301,107,11,0
20309,34,11,0
20309,61,11,0
20309,73,11,0
20309,86,11,0
20309,96,11,0
20309,105,11,0
20336,5,11,0
20336,6,11,0
20336,7,11,0
20336,8,11,0
20336,19,11,0
20336,20,11,0
20336,21,11,0
20336,22,11,0
20339,29,11,0
20339,30,11,0
20339,31,11,0
20339,96,11,0
20339,103,11,0
20339,104,11,0
20339,105,11,0
20339,106,11,0
20346,9,11,1
20346,12,11,1
20346,123,11,1
20346,124,11,1
20524,18,11,0
20524,44,11,0
20524,49,11,0
20524,52,11,0
20524,59,11,0
20524,77,11,0
20580,10,11,0
20580,24,11,0
20580,64,11,0
20580,78,11,0
20580,91,11,0
20580,105,11,0
20580,131,11,0
20580,144,12,0
20580,144,22,0
20599,21,11,0
20599,22,11,0
20599,23,11,0
20599,24,11,0
20599,109,11,0
20599,111,11,0
20599,112,11,0
20599,113,11,0
20601,7,11,0
20601,19,11,0
20601,46,11,0
20601,61,11,0
20601,73,11,0
20601,88,11,0
20612,31,11,0
20612,32,11,0
20612,43,11,0
20612,55,11,0
20612,68,11,0
20612,80,11,0
20623,18,11,1
20623,33,11,1
20623,62,11,1
20623,77,11,1
20623,92,11,1
20643,5,11,0
20643,17,11,0
20643,27,11,0
20643,39,11,0
20643,49,11,0
20643,92,11,0
20644,5,11,0
20644,22,11,0
20644,30,11,0
20644,38,11,0
20644,55,11,0
20644,70,11,0
20644,86,11,0
20645,53,11,0
20645,54,11,0
20645,55,11,0
20645,56,11,0
20645,134,11,0
20645,135,11,0
20645,136,11,0
20645,137,11,0
20649,5,11,0
20649,7,11,0
20649,8,11,0
20649,51,11,0
20649,52,11,0
20649,53,11,0
20649,54,11,0
20649,55,11,0
20650,5,11,0
20650,21,11,0
20650,35,11,0
20650,50,11,0
20650,78,11,0
20650,139,11,0
20650,169,11,0
20657,1,11,0
20657,3,11,0
20657,4,11,0
20657,13,11,0
20657,21,11,0
20657,22,11,0
20657,23,11,0
20657,24,11,0
20661,61,11,0
20661,62,11,0
20661,63,11,0
20661,64,11,0
20661,133,11,0
20661,134,11,0
20661,135,11,0
20661,136,11,0
20677,10,11,1
20677,26,11,1
20677,57,11,1
20677,71,11,1
20713,4,11,0
20713,19,11,0
20713,33,11,0
20713,48,11,0
20713,63,11,0
20713,102,11,0
20714,1,11,0
20714,20,11,0
20714,33,11,0
20714,40,11,0
20714,46,11,0
20714,52,11,0
20714,59,11,0
20714,65,11,0
20733,8,11,0
20733,41,11,0
20733,54,11,0
20733,65,11,0
20733,84,11,0
20733,106,11,0
20733,118,11,0
20740,4,11,0
20740,15,11,0
20740,23,11,0
20740,48,11,0
20740,55,11,0
20740,64,11,0
20811,13,11,0
20811,14,11,0
20811,15,11,0
20811,53,11,0
20811,59,11,0
20811,60,11,0
20811,61,11,0
20811,62,11,0
21013,12,11,0
21013,22,11,0
21013,54,11,0
21013,61,11,0
21013,71,11,0
21013,80,11,0
21013,101,11,0
21014,29,11,0
21014,52,11,0
21014,71,11,0
21014,89,11,0
21014,125,11,0
15006,3,11,0
15006,21,11,0
15006,43,11,0
15006,56,11,0
15006,69,11,0
15006,82,11,0
15019,20,11,1
15019,29,11,1
15019,50,11,1
15019,60,11,1
15019,69,11,1
15019,89,11,1
15030,49,11,0
15030,64,11,0
15030,100,11,0
15030,116,11,0
15030,127,11,0
15030,140,11,0
15047,2,11,0
15047,15,11,0
15047,29,11,0
15047,40,11,0
15047,68,11,0
15047,81,11,0
15059,5,11,0
15059,23,11,0
15059,39,11,0
15059,74,11,0
15059,103,11,0
15059,117,11,0
15075,9,11,1
15075,46,11,1
15075,63,11,1
15075,82,11,1
15075,101,11,1
15075,120,11,1
15081,9,11,0
15081,10,11,0
15081,11,11,0
15081,12,11,0
15081,81,11,0
15081,82,11,0
15081,83,11,0
15081,93,11,0
15083,9,11,0
15083,15,11,0
15083,20,11,0
15083,32,11,0
15083,40,11,0
15083,45,11,0
15083,51,11,0
15083,62,11,0
15091,37,11,0
15091,39,11,0
15091,115,11,0
15091,116,11,0
15091,117,11,0
15091,118,11,0
15091,119,11,0
15091,120,11,0
15102,10,11,1
15102,73,11,1
15102,74,11,1
15102,75,11,1
15102,76,11,1
15102,77,11,1
15102,78,11,1
15108,105,11,0
15108,106,11,0
15108,107,11,0
15108,224,11,0
15108,226,11,0
15108,227,11,0
15108,229,11,0
15108,230,11,0
15130,1,11,0
15130,2,11,0
15130,3,11,0
15130,4,11,0
15130,108,11,0
15130,109,11,0
15130,111,11,0
15130,112,11,0
15141,69,11,0
15141,70,11,0
15141,71,11,0
15141,72,11,0
15141,187,11,0
15141,189,11,0
15141,191,11,0
15141,192,11,0
15159,26,11,1
15159,27,11,1
15159,28,11,1
15159,115,11,1
15159,116,11,1
15159,117,11,1
15171,10,11,1
15171,11,11,1
15171,12,11,1
15171,31,11,1
15171,33,11,1
15171,34,11,1
15194,41,11,0
15194,59,11,0
15194,78,11,0
15194,98,11,0
15194,117,11,0
15194,151,11,0
15196,1,11,0
15196,20,11,0
15196,52,11,0
15196,70,11,0
15196,88,11,0
15196,106,12,0
15196,106,22,0
15224,3,11,0
15224,14,11,0
15224,23,11,0
15224,32,11,0
15224,64,11,0
15224,74,11,0
15231,11,11,1
15231,27,11,1
15231,58,12,1
15231,74,11,1
15231,90,11,1
15231,106,11,1
15231,138,11,1
15231,153,11,1
15236,29,11,1
15236,61,11,1
15236,78,11,1
15253,10,11,0
15253,28,11,0
15253,48,11,0
15253,66,11,0
15253,76,11,0
15253,82,11,0
15258,18,11,0
15258,43,11,0
15258,65,11,0
15258,89,11,0
15258,132,11,0
15258,198,11,0
15270,13,11,0
15270,14,11,0
15270,15,11,0
15270,16,11,0
15270,77,11,0
15270,79,11,0
15270,80,11,0
15270,81,11,0
15296,26,11,0
15296,41,11,0
15296,91,11,0
15296,124,11,0
15296,138,11,0
15301,16,11,1
15301,29,11,1
15301,53,11,1
15301,63,11,1
15301,96,11,1
15312,2,11,0
15312,21,11,0
15312,60,11,0
15312,79,11,0
15312,99,11,0
15312,118,11,0
15317,18,11,1
15317,34,11,1
15317,49,11,1
15317,97,11,1
15317,112,11,1
15328,19,11,0
15328,20,11,0
15328,67,11,0
15328,73,11,0
15328,74,11,0
15328,75,11,0
15328,76,11,0
15328,78,11,0
15334,3,11,0
15334,12,11,0
15334,22,11,0
15334,30,11,0
15334,39,11,0
15334,52,11,0
15334,66,11,0
15334,87,11,0
15352,73,11,0
15352,74,11,0
15352,76,11,0
15352,170,11,0
15352,174,11,0
15352,175,11,0
15352,176,11,0
15352,177,11,0
15366,85,11,0
15366,86,11,0
15366,87,11,0
15366,88,11,0
15366,197,11,0
15366,198,11,0
15366,199,11,0
15366,201,11,0
15381,9,11,1
15381,10,11,1
15381,85,11,1
15381,88,11,1
15381,89,11,1
15400,13,11,0
15400,31,11,0
15400,68,11,0
15400,105,11,0
15400,141,11,0
15400,160,11,0
15411,12,11,1
15411,58,11,1
15411,104,11,1
15411,127,11,1
15416,16,11,0
15416,35,11,0
15416,53,11,0
15416,112,11,0
15416,149,11,0
15416,167,11,0
15436,20,11,0
15436,43,11,0
15436,65,11,0
15436,111,11,0
15436,135,11,0
15436,158,11,0
15445,13,11,1
15445,32,11,1
15445,69,11,1
15445,88,11,1
15445,125,11,1
15451,21,11,0
15451,22,11,0
15451,23,11,0
15451,24,11,0
15451,71,11,0
15451,72,11,0
15451,75,11,0
15451,78,11,0
15458,6,11,0
15458,7,11,0
15458,8,11,0
15458,65,11,0
15458,67,11,0
15458,73,11,0
15458,74,11,0
15458,75,11,0
15468,1,11,0
15468,2,11,0
15468,3,11,0
15468,4,11,0
15468,66,11,0
15468,67,11,0
15468,68,11,0
15468,69,11,0
15480,3,11,0
15480,15,11,0
15480,38,11,0
15480,49,11,0
15480,60,11,0
15480,72,11,0
15480,92,11,0
15480,103,11,0
15494,69,11,0
15494,70,11,0
15494,71,11,0
15494,72,11,0
15494,325,11,0
15494,326,11,0
15494,327,11,0
15494,328,11,0
15500,28,11,1
15500,40,11,1
15500,86,11,1
15500,98,11,1
15500,109,11,1
15500,121,11,1
15500,132,11,1
15520,7,11,1
15520,8,11,1
15520,71,11,1
15520,73,11,1
15520,74,11,1
15520,75,11,1
15520,76,11,1
15540,32,11,0
15540,42,11,0
15540,57,11,0
15540,73,11,0
15540,85,11,0
15548,4,11,0
15548,26,11,0
15548,37,11,0
15548,59,11,0
15548,70,11,0
15548,88,11,0
15548,98,11,0
15567,13,11,0
15567,28,11,0
15567,58,11,0
15567,77,11,0
15567,87,11,0
15567,149,11,0
15576,1,11,0
15576,19,11,0
15576,54,11,0
15576,73,11,0
15576,91,11,0
15576,109,11,0
15591,1,11,0
15591,58,11,0
15591,78,11,0
15591,95,11,0
15591,114,11,0
15613,92,11,1
15613,116,11,1
15631,1,11,0
15631,14,11,0
15631,50,11,0
15631,63,11,0
15631,75,11,0
15631,88,11,0
15633,22,11,1
15633,34,11,1
15633,46,11,1
15633,58,11,1
15633,71,11,1
15633,107,11,1
15635,23,11,0
15635,52,11,0
15635,80,11,0
15635,110,11,0
15635,139,11,0
15635,168,11,0
15635,254,11,0
15635,312,11,0
15646,1,11,1
15646,23,11,1
15646,34,11,1
15646,45,11,1
15646,68,11,1
15646,80,11,1
15690,5,11,0
15690,37,11,0
15690,52,11,0
15690,67,11,0
15690,111,11,0
15690,126,11,0
15695,12,11,1
15695,25,11,1
15695,88,11,1
15695,99,11,1
15708,8,11,0
15708,22,11,0
15708,33,11,0
15708,44,11,0
15708,99,11,0
15708,119,11,0
15723,6,11,0
15723,39,11,0
15723,45,11,0
15723,59,11,0
15723,85,11,0
15723,95,11,0
15743,63,11,0
15743,64,11,0
15743,132,11,0
15743,136,11,0
15743,137,11,0
15743,140,11,0
15743,145,11,0
15743,146,11,0
15750,134,11,1
15750,135,11,1
15750,270,11,1
15750,272,11,1
15750,273,11,1
15750,275,11,1
15771,28,11,1
15771,49,11,1
15771,78,11,1
15771,88,11,1
15786,27,11,0
15786,38,11,0
15786,51,11,0
15786,63,11,0
15786,70,11,0
15786,98,11,0
15794,14,11,0
15794,28,11,0
15794,58,11,0
15794,70,11,0
15794,102,11,0
15794,135,11,0
15794,147,11,0
15806,10,11,0
15806,28,11,0
15806,65,11,0
15806,84,11,0
15806,103,11,0
15806,143,11,0
15806,179,11,0
15806,198,11,0
15824,4,11,1
15824,20,11,1
15824,38,11,1
15824,44,11,1
15824,57,11,1
15835,4,11,0
15835,23,11,0
15835,60,11,0
15835,78,12,0
15835,78,22,0
15835,96,11,0
15835,113,11,0
15860,18,11,0
15860,51,11,0
15860,68,11,0
15860,85,11,0
15860,120,11,0
15860,148,11,0
15865,18,11,1
15865,34,11,1
15865,51,11,1
15865,67,11,1
15865,117,11,1
15871,33,11,0
15871,34,11,0
15871,35,11,0
15871,78,11,0
15871,79,11,0
15871,80,11,0
15871,87,11,0
15871,88,11,0
15909,45,11,0
15909,48,11,0
15909,89,11,0
15909,91,11,0
15909,92,11,0
15909,93,11,0
15909,95,11,0
15909,96,11,0
15912,7,11,0
15912,37,11,0
15912,53,11,0
15912,61,11,0
15912,68,11,0
15912,76,11,0
15912,83,11,0
15912,88,11,0
15923,55,11,1
15923,56,11,1
15923,164,11,1
15923,165,11,1
15923,166,11,1
15923,167,11,1
15923,168,11,1
15927,23,11,1
15927,31,11,1
15927,50,11,1
15927,60,11,1
15927,101,11,1
15927,116,11,1
15927,135,11,1
15927,147,11,1
15930,21,11,1
15930,23,11,1
15930,24,11,1
15930,41,11,1
15930,42,11,1
15930,43,11,1
15930,44,11,1
15962,39,11,1
15962,57,11,1
15962,90,11,1
15962,107,11,1
15962,135,11,1
15962,154,11,1
15971,13,11,0
15971,29,11,0
15971,42,11,0
15971,70,11,0
15971,86,11,0
15971,96,11,0
15987,2,11,0
15987,41,11,0
15987,61,11,0
15987,100,11,0
15987,119,11,0
15990,8,11,0
15990,20,11,0
15990,68,11,0
15990,80,11,0
15990,90,11,0
15990,97,11,0
15998,7,11,0
15998,22,11,0
15998,39,11,0
15998,53,11,0
15998,69,11,0
15998,85,11,0
16007,5,11,1
16007,30,11,1
16007,42,11,1
16007,66,11,1
16007,79,11,1
16033,10,11,1
16033,28,11,1
16033,64,11,1
16033,102,11,1
16033,121,11,1
16040,1,11,0
16040,7,11,0
16040,16,11,0
16040,39,11,0
16040,47,11,0
16040,62,11,0
16040,76,11,0
16040,83,11,0
16055,65,11,0
16055,66,11,0
16055,67,11,0
16055,154,11,0
16055,155,11,0
16055,163,11,0
16055,165,11,0
16055,169,11,0
16064,57,11,0
16064,58,11,0
16064,59,11,0
16064,60,11,0
16064,160,11,0
16064,161,11,0
16064,162,11,0
16064,163,11,0
16078,30,11,0
16078,31,11,0
16078,32,11,0
16078,96,11,0
16078,97,11,0
16078,98,11,0
16078,99,11,0
16078,100,11,0
16098,65,11,0
16098,66,11,0
16098,68,11,0
16098,148,11,0
16098,149,11,0
16098,150,11,0
16098,151,11,0
16098,152,11,0
16117,249,11,1
16117,250,11,1
16117,251,11,1
16117,252,11,1
16117,517,11,1
16117,518,11,1
16117,520,11,1
16121,105,11,1
16121,106,11,1
16121,107,11,1
16121,108,11,1
16121,282,11,1
16121,283,11,1
16121,284,11,1
16147,9,11,0
16147,10,11,0
16147,11,11,0
16147,52,11,0
16147,53,11,0
16147,54,11,0
16147,55,11,0
16147,56,11,0
16160,37,11,0
16160,38,11,0
16160,39,11,0
16160,40,11,0
16160,137,11,0
16160,138,11,0
16160,139,11,0
16160,140,11,0
16163,53,11,1
16163,54,11,1
16163,55,11,1
16163,56,11,1
16163,118,11,1
16163,119,11,1
16163,120,11,1
16163,121,11,1
16175,31,11,0
16175,55,11,0
16175,77,11,0
16175,120,11,0
16175,142,11,0
16185,6,11,0
16185,23,11,0
16185,33,11,0
16185,64,11,0
16185,88,11,0
16215,7,11,0
16215,24,12,0
16215,24,22,0
16215,67,11,0
16215,87,11,0
16215,106,11,0
16215,128,11,0
16221,9,11,0
16221,26,11,0
16221,40,11,0
16221,57,11,0
16221,71,11,0
16221,88,11,0
16221,102,11,0
16221,118,11,0
16236,10,11,0
16236,20,11,0
16236,43,12,0
16236,56,11,0
16236,68,12,0
16236,68,22,0
16236,81,11,0
16236,102,11,0
16236,115,11,0
16248,3,11,0
16248,43,11,0
16248,54,11,0
16248,68,11,0
16248,94,11,0
16259,4,11,0
16259,27,11,0
16259,37,11,0
16259,60,11,0
16259,72,11,0
16259,83,11,0
16267,11,11,0
16267,51,11,0
16267,72,11,0
16267,98,11,0
16267,112,11,0
16267,152,11,0
16267,172,11,0
16267,192,11,0
16276,10,11,0
16276,32,11,0
16276,54,11,0
16276,66,11,0
16276,77,11,0
16276,87,12,0
16276,87,22,0
16279,7,11,1
16279,21,11,1
16279,49,11,1
16279,63,11,1
16279,92,11,1
16294,19,11,1
16294,82,11,1
16294,97,11,1
16294,112,11,1
16294,140,12,1
16294,140,22,1
16301,3,11,1
16301,73,11,1
16301,90,12,1
16301,90,22,1
16301,108,11,1
16314,11,11,1
16314,29,11,1
16314,65,11,1
16314,83,11,1
16314,101,11,1
16314,119,11,1
16332,8,11,1
16332,18,11,1
16332,27,11,1
16332,36,11,1
16332,66,11,1
16332,72,11,1
16346,25,11,0
16346,53,11,0
16346,78,11,0
16346,104,11,0
16346,131,11,0
16346,157,11,0
16349,14,11,0
16349,25,11,0
16349,42,11,0
16349,82,11,0
16349,111,11,0
16349,128,11,0
16360,9,11,0
16360,25,11,0
16360,39,11,0
16360,54,11,0
16360,84,11,0
16360,99,11,0
16379,22,11,1
16379,85,11,1
16379,100,11,1
16379,130,11,1
16379,145,11,1
16382,75,11,1
16382,94,11,1
16382,152,11,1
16382,205,11,1
16396,10,11,0
16396,18,11,0
16396,26,11,0
16396,35,11,0
16396,53,11,0
16396,61,11,0
16415,30,11,0
16415,49,11,0
16415,66,11,0
16415,83,11,0
16415,100,11,0
16415,116,11,0
16425,18,11,1
16425,28,11,1
16425,47,11,1
16425,56,11,1
16425,66,11,1
16425,75,11,1
16434,25,11,0
16434,44,11,0
16434,63,11,0
16434,72,11,0
16434,80,11,0
16443,1,11,0
16443,2,11,0
16443,3,11,0
16443,4,11,0
16443,49,11,0
16443,52,11,0
16443,68,11,0
16443,69,11,0
16465,17,11,0
16465,18,11,0
16465,19,11,0
16465,20,11,0
16465,82,11,0
16465,87,11,0
16465,90,11,0
16465,91,11,0
16469,169,11,1
16469,171,11,1
16469,663,11,1
16469,664,11,1
16469,665,11,1
16469,667,11,1
16469,668,11,1
16476,26,11,0
16476,27,11,0
16476,28,11,0
16476,64,11,0
16476,67,11,0
16476,69,11,0
16476,70,11,0
16476,71,11,0
16477,13,11,0
16477,26,11,0
16477,55,11,0
16477,70,11,0
16477,113,11,0
16477,141,11,0
16477,157,11,0
16477,171,11,0
16484,24,11,1
16484,126,11,1
16484,127,11,1
16484,130,11,1
16484,131,11,1
16484,132,11,1
16508,50,11,0
16508,51,11,0
16508,52,11,0
16508,53,11,0
16508,125,11,0
16508,126,11,0
16508,127,11,0
16508,128,11,0
16524,9,11,0
16524,43,11,0
16524,95,11,0
16524,113,11,0
16524,130,11,0
16524,148,11,0
16539,12,11,0
16539,59,11,0
16539,81,11,0
16539,127,11,0
16539,172,11,0
16539,196,11,0
16553,3,11,1
16553,27,11,1
16553,38,11,1
16553,50,11,1
16553,62,11,1
16553,74,11,1
16564,33,11,0
16564,34,11,0
16564,115,11,0
16564,116,11,0
16564,117,11,0
16564,118,11,0
16564,119,11,0
16564,120,11,0
16572,85,11,0
16572,86,11,0
16572,161,11,0
16572,162,11,0
16572,163,11,0
16572,164,11,0
16572,165,11,0
16572,167,11,0
16576,1,11,0
16576,2,11,0
16576,3,11,0
16576,4,11,0
16576,120,11,0
16576,121,11,0
16576,123,11,0
16576,124,11,0
16586,24,11,0
16586,25,11,0
16586,26,11,0
16586,27,11,0
16586,60,11,0
16586,61,11,0
16586,76,11,0
16586,77,11,0
16604,9,11,0
16604,21,11,0
16604,31,11,0
16604,44,11,0
16604,66,11,0
16604,89,11,0
16604,123,11,0
16604,133,11,0
16611,2,11,0
16611,3,11,0
16611,4,11,0
16611,43,11,0
16611,44,11,0
16611,45,11,0
16611,46,11,0
16611,47,11,0
16617,5,11,1
16617,6,11,1
16617,7,11,1
16617,8,11,1
16617,82,11,1
16617,85,11,1
16617,86,11,1
16639,6,11,1
16639,21,11,1
16639,37,11,1
16639,69,11,1
16639,101,11,1
16639,116,11,1
16639,132,11,1
16639,148,11,1
16656,18,11,1
16656,20,11,1
16656,36,11,1
16656,37,11,1
16656,49,11,1
16656,51,11,1
16669,6,11,0
16669,22,11,0
16669,58,11,0
16669,91,11,0
16669,103,11,0
16669,111,11,0
16669,121,11,0
16679,24,11,0
16679,38,11,0
16679,82,11,0
16679,97,11,0
16679,111,11,0
16679,124,11,0
16684,18,11,0
16684,61,11,0
16684,79,11,0
16684,98,11,0
16684,116,11,0
16684,132,11,0
16708,35,11,1
16708,73,11,1
16708,93,11,1
16708,148,11,1
16708,167,11,1
16716,3,11,0
16716,15,11,0
16716,34,11,0
16716,40,11,0
16716,49,11,0
16716,62,11,0
16722,13,11,0
16722,23,11,0
16722,33,11,0
16722,52,11,0
16722,62,11,0
16722,72,11,0
16753,20,11,1
16753,39,11,1
16753,98,11,1
16753,116,11,1
16753,137,11,1
16759,9,11,0
16759,10,11,0
16759,11,11,0
16759,12,11,0
16759,67,11,0
16759,74,11,0
16759,75,11,0
16770,54,11,0
16770,55,11,0
16770,56,11,0
16770,57,11,0
16770,139,11,0
16770,140,11,0
16770,141,11,0
16770,144,11,0
16774,97,11,0
16774,98,11,0
16774,99,11,0
16774,100,11,0
16774,101,11,0
16774,102,11,0
16774,103,11,0
16774,104,11,0
16789,22,11,0
16789,23,11,0
16789,24,11,0
16789,79,11,0
16789,80,11,0
16789,81,11,0
16789,82,11,0
16789,83,11,0
16794,5,11,0
16794,8,11,0
16794,52,11,0
16794,54,11,0
16794,55,11,0
16794,57,11,0
16794,58,11,0
16794,60,11,0
16814,9,11,1
16814,10,11,1
16814,11,11,1
16814,12,11,1
16814,132,11,1
16814,134,11,1
16814,136,11,1
16816,12,11,1
16816,31,11,1
16816,40,11,1
16816,80,11,1
16816,89,11,1
16816,97,11,1
16816,107,11,1
16824,37,11,1
16824,39,11,1
16824,40,11,1
16824,122,11,1
16824,123,11,1
16824,125,11,1
16824,126,11,1
16824,127,11,1
16854,2,11,0
16854,22,11,0
16854,62,11,0
16854,84,11,0
16854,106,11,0
16854,125,11,0
16865,15,11,1
16865,34,11,1
16865,71,11,1
16865,90,11,1
16865,109,11,1
16865,128,11,1
16873,24,11,0
16873,48,11,0
16873,61,11,0
16873,75,11,0
16873,87,11,0
16873,105,11,0
16878,5,11,0
16878,17,11,0
16878,26,11,0
16878,39,11,0
16878,63,11,0
16878,75,11,0
16878,83,11,0
16878,107,11,0
16886,9,11,0
16886,26,11,0
16886,59,11,0
16886,76,11,0
16886,92,11,0
16886,109,11,0
16919,43,11,1
16919,57,11,1
16919,71,11,1
16919,86,11,1
16919,100,11,1
16919,115,11,1
16919,143,11,1
16933,19,11,0
16933,41,11,0
16933,83,11,0
16933,105,11,0
16933,127,11,0
16933,149,11,0
16950,13,11,0
16950,34,11,0
16950,72,11,0
16950,92,11,0
16950,113,11,0
16950,134,11,0
16958,9,11,0
16958,25,11,0
16958,41,11,0
16958,56,11,0
16958,73,11,0
16958,106,11,0
16961,9,11,0
16961,25,11,0
16961,57,11,0
16961,73,11,0
16961,90,11,0
16961,106,11,0
16985,19,11,0
16985,39,11,0
16985,58,11,0
16985,78,11,0
16985,123,11,0
16985,138,11,0
17001,6,11,0
17001,26,11,0
17001,46,11,0
17001,85,11,0
17001,106,11,0
17001,126,11,0
17012,6,11,0
17012,28,11,0
17012,94,11,0
17012,114,11,0
17012,136,11,0
17012,156,11,0
17032,1,11,1
17032,17,11,1
17032,33,11,1
17032,47,11,1
17032,80,11,1
17032,96,11,1
17041,48,11,1
17041,77,11,1
17041,91,11,1
17053,11,11,1
17053,26,11,1
17053,53,12,1
17053,53,22,1
17053,67,11,1
17053,82,11,1
17053,96,11,1
17057,29,11,0
17057,44,12,0
17057,44,22,0
17057,73,11,0
17057,88,11,0
17057,103,11,0
17057,115,11,0
17059,2,11,1
17059,13,11,1
17059,34,11,1
17059,46,11,1
17059,58,11,1
17059,69,11,1
17069,11,11,0
17069,71,11,0
17069,72,11,0
17069,76,11,0
17069,77,11,0
17069,78,11,0
17069,79,11,0
17069,81,11,0
17073,53,11,0
17073,55,11,0
17073,56,11,0
17073,198,11,0
17073,199,11,0
17073,200,11,0
17073,205,11,0
17073,206,11,0
17099,18,11,0
17099,40,11,0
17099,81,11,0
17099,104,11,0
17099,150,11,0
17099,167,11,0
17120,5,11,0
17120,34,11,0
17120,63,11,0
17120,92,11,0
17120,106,11,0
17120,121,11,0
17129,5,11,0
17129,16,11,0
17129,29,11,0
17129,39,11,0
17129,50,11,0
17129,74,11,0
17136,9,11,1
17136,26,11,1
17136,44,11,1
17136,57,11,1
17136,97,11,1
17136,132,11,1
17136,147,11,1
17136,162,11,1
17152,6,11,1
17152,18,11,1
17152,29,11,1
17152,40,11,1
17152,53,11,1
17152,87,11,1
17152,98,11,1
17160,20,11,0
17160,36,11,0
17160,50,11,0
17160,65,11,0
17160,91,11,0
17160,111,11,0
17181,13,11,0
17181,42,11,0
17181,57,11,0
17181,71,11,0
17181,85,11,0
17181,99,11,0
17191,9,11,0
17191,22,11,0
17191,45,11,0
17191,60,11,0
17191,72,11,0
17191,86,11,0
17194,23,11,0
17194,69,11,0
17194,85,11,0
17194,99,11,0
17194,115,11,0
17194,130,11,0
17208,26,11,1
17208,75,11,1
17208,149,11,1
17225,18,11,0
17225,60,11,0
17225,102,11,0
17225,145,11,0
17225,165,11,0
17225,184,11,0
17238,9,11,1
17238,39,11,1
17238,54,11,1
17238,69,11,1
17238,85,11,1
17238,100,11,1
17252,46,11,0
17252,47,11,0
17252,48,11,0
17252,125,11,0
17252,126,11,0
17252,127,11,0
17252,128,11,0
17252,130,11,0
17254,12,11,0
17254,25,11,0
17254,51,11,0
17254,62,11,0
17254,76,11,0
17254,86,11,0
17254,109,11,0
17254,120,11,0
17261,13,11,0
17261,15,11,0
17261,70,11,0
17261,71,11,0
17261,72,11,0
17261,73,11,0
17261,74,11,0
17261,76,11,0
17304,81,11,0
17304,82,11,0
17304,83,11,0
17304,84,11,0
17304,188,11,0
17304,189,11,0
17304,190,11,0
17304,191,11,0
17307,2,11,0
17307,3,11,0
17307,4,11,0
17307,183,11,0
17307,184,11,0
17307,185,11,0
17307,186,11,0
17307,187,11,0
17315,65,11,1
17315,66,11,1
17315,67,11,1
17315,136,11,1
17315,138,11,1
17315,139,11,1
17318,109,11,1
17318,111,11,1
17318,112,11,1
17318,283,11,1
17318,285,11,1
17318,286,11,1
17327,14,11,0
17327,37,11,0
17327,46,11,0
17327,86,11,0
17327,108,11,0
17327,117,11,0
17349,7,11,0
17349,24,11,0
17349,57,11,0
17349,88,11,0
17349,115,11,0
17359,14,11,0
17359,31,11,0
17359,41,11,0
17359,65,11,0
17359,81,12,0
17359,81,22,0
17359,99,11,0
17377,15,11,0
17377,34,11,0
17377,70,11,0
17377,89,11,0
17377,107,11,0
17377,126,11,0
17381,23,11,0
17381,43,11,0
17381,82,11,0
17381,109,11,0
17381,147,11,0
17394,5,11,0
17394,19,11,0
17394,60,11,0
17394,76,11,0
17394,86,11,0
17394,99,12,0
17394,99,22,0
17394,113,11,0
17394,129,11,0
17401,5,11,1
17401,50,11,1
17401,115,11,1
17422,18,11,1
17422,36,11,1
17422,71,11,1
17422,89,11,1
17422,107,11,1
17422,125,11,1
17429,2,11,1
17429,17,11,1
17429,33,11,1
17429,67,11,1
17429,93,11,1
17448,7,11,0
17448,24,12,0
17448,24,22,0
17448,56,11,0
17448,73,11,0
17448,89,11,0
17448,107,11,0
17455,28,11,0
17455,55,11,0
17455,74,11,0
17455,90,11,0
17455,106,11,0
17464,4,11,0
17464,22,11,0
17464,57,11,0
17464,75,11,0
17464,94,11,0
17464,112,11,0
17465,1,11,0
17465,38,11,0
17465,70,11,0
17465,90,11,0
17465,126,11,0
17465,143,11,0
17482,6,11,0
17482,28,11,0
17482,47,11,0
17482,69,11,0
17482,110,11,0
17482,128,11,0
17491,4,11,1
17491,38,11,1
17491,55,11,1
17491,106,11,1
17491,138,11,1
17498,9,11,1
17498,19,11,1
17498,39,11,1
17506,11,11,1
17506,31,11,1
17506,42,11,1
17506,53,11,1
17506,65,11,1
17506,76,11,1
17526,94,11,0
17526,95,11,0
17526,96,11,0
17526,231,11,0
17526,232,11,0
17526,233,11,0
17526,234,11,0
17526,235,11,0
17548,13,11,0
17548,14,11,0
17548,15,11,0
17548,16,11,0
17548,104,11,0
17548,105,11,0
17548,106,11,0
17548,107,11,0
17551,9,11,0
17551,10,11,0
17551,11,11,0
17551,80,11,0
17551,81,11,0
17551,82,11,0
17551,83,11,0
17551,84,11,0
17572,104,11,1
17572,243,11,1
17572,244,11,1
17572,245,11,1
17572,246,11,1
17572,247,11,1
17572,248,11,1
17572,249,11,1
17576,1,11,0
17576,16,11,0
17576,33,11,0
17576,46,11,0
17576,61,11,0
17576,77,11,0
17576,93,11,0
17576,119,11,0
17589,5,11,0
17589,22,11,0
17589,54,11,0
17589,71,12,0
17589,71,22,0
17589,87,11,0
17589,108,11,0
17589,149,11,0
17589,163,11,0
17599,3,11,0
17599,22,11,0
17599,58,11,0
17599,77,11,0
17599,96,11,0
17599,115,11,0
17599,168,11,0
17623,2,11,0
17623,17,11,0
17623,47,11,0
17623,60,11,0
17623,76,11,0
17623,91,11,0
17628,1,11,0
17628,23,11,0
17628,34,11,0
17628,48,11,0
17628,60,11,0
17628,93,11,0
17628,102,11,0
17636,1,11,1
17636,23,11,1
17636,44,11,1
17636,66,11,1
17636,87,11,1
17645,12,11,1
17645,30,11,1
17645,85,11,1
17645,104,11,1
17645,122,11,1
17671,43,11,0
17671,57,11,0
17671,69,11,0
17671,82,11,0
17671,97,11,0
17671,108,11,0
17682,8,11,0
17682,41,11,0
17682,53,11,0
17682,68,11,0
17682,82,11,0
17682,97,11,0
17688,42,11,0
17688,65,11,0
17688,89,11,0
17688,114,11,0
17688,138,11,0
17688,164,11,0
17695,4,11,1
17695,24,11,1
17695,65,11,1
17695,86,11,1
17695,106,11,1
17695,127,11,1
17702,6,11,0
17702,24,11,0
17702,41,11,0
17702,76,11,0
17702,93,11,0
17702,128,11,0
17713,26,11,0
17713,47,11,0
17713,68,11,0
17713,112,11,0
17713,134,11,0
17713,154,11,0
17745,8,11,1
17745,21,11,1
17745,35,11,1
17745,61,11,1
17745,74,11,1
17745,87,11,1
17760,33,11,0
17760,34,11,0
17760,35,11,0
17760,36,11,0
17760,134,11,0
17760,135,11,0
17760,136,11,0
17760,137,11,0
17764,21,11,0
17764,22,11,0
17764,23,11,0
17764,24,11,0
17764,88,11,0
17764,89,11,0
17764,90,11,0
17764,91,11,0
17778,17,11,1
17778,18,11,1
17778,19,11,1
17778,20,11,1
17778,113,11,1
17778,114,11,1
17778,122,11,1
17788,10,11,0
17788,24,11,0
17788,34,11,0
17788,49,11,0
17788,60,11,0
17788,101,11,0
17788,114,11,0
17788,127,11,0
17798,25,11,0
17798,41,11,0
17798,58,11,0
17798,76,11,0
17798,94,11,0
17798,112,11,0
17798,144,11,0
17798,161,11,0
17818,115,11,0
17818,146,11,0
17818,176,11,0
17818,207,11,0
17818,232,11,0
17826,1,11,0
17826,35,11,0
17826,46,11,0
17826,64,11,0
17826,80,12,0
17826,80,22,0
17826,94,11,0
17827,41,11,0
17827,58,11,0
17827,74,11,0
17827,91,11,0
17827,121,11,0
17827,133,11,0
17845,16,11,0
17845,34,11,0
17845,70,11,0
17845,89,11,0
17845,108,11,0
17845,160,11,0
17848,8,11,0
17848,25,11,0
17848,70,11,0
17848,79,11,0
17848,99,11,0
17848,113,11,0
17848,146,11,0
17848,154,11,0
17851,13,11,0
17851,32,11,0
17851,51,11,0
17851,108,11,0
17851,128,11,0
17851,145,11,0
17851,163,11,0
17851,200,11,0
17868,18,11,0
17868,35,11,0
17868,69,11,0
17868,84,11,0
17868,104,11,0
17868,122,11,0
17873,13,11,1
17873,45,11,1
17873,61,11,1
17873,77,11,1
17873,94,11,1
17881,11,11,0
17881,13,11,0
17881,37,11,0
17881,63,11,0
17881,76,11,0
17881,87,11,0
17890,3,11,0
17890,24,11,0
17890,45,11,0
17890,64,11,0
17890,118,11,0
17890,153,11,0
17890,171,11,0
17914,19,11,0
17914,40,11,0
17914,80,11,0
17914,99,11,0
17914,152,11,0
17914,167,11,0
17947,32,11,0
17947,50,11,0
17947,66,11,0
17947,84,11,0
17947,96,11,0
17947,138,11,0
17947,170,11,0
17947,186,11,0
17953,40,11,0
17953,58,11,0
17953,79,12,0
17953,79,22,0
17953,113,11,0
17953,136,11,0
17953,155,11,0
17977,1,11,0
17977,23,11,0
17977,38,11,0
17977,50,11,0
17977,59,11,0
17977,88,11,0
17988,13,11,0
17988,31,11,0
17988,66,11,0
17988,84,11,0
17988,103,11,0
17988,121,11,0
17998,2,11,0
17998,16,11,0
17998,44,11,0
17998,60,11,0
17998,75,11,0
17998,116,11,0
18010,20,11,0
18010,59,11,0
18010,80,11,0
18010,100,11,0
18010,120,11,0
18010,140,11,0
18031,12,11,0
18031,24,11,0
18031,39,11,0
18031,49,11,0
18031,82,11,0
18066,6,11,0
18066,28,11,0
18066,50,11,0
18066,93,11,0
18066,136,11,0
18073,34,11,0
18073,48,11,0
18073,78,11,0
18073,92,11,0
18078,20,11,0
18078,41,11,0
18078,49,11,0
18078,100,11,0
18078,143,11,0
18123,31,11,0
18123,141,11,0
18123,178,11,0
18123,215,11,0
18123,287,11,0
18123,322,11,0
18123,360,11,0
18128,2,11,0
18128,19,11,0
18128,31,11,0
18128,51,11,0
18128,87,11,0
18128,137,11,0
18128,160,11,0
18140,7,11,0
18140,18,11,0
18140,39,11,0
18140,48,11,0
18140,60,11,0
18140,70,11,0
18140,89,11,0
18140,97,11,0
18157,5,11,0
18157,20,11,0
18157,50,11,0
18157,65,11,0
18157,80,11,0
18157,95,11,0
18164,15,11,0
18164,32,11,0
18164,40,11,0
18164,54,11,0
18164,60,11,0
18164,68,11,0
18178,30,11,1
18178,106,11,1
18178,152,11,1
18192,10,11,1
18192,34,11,1
18192,81,11,1
18192,105,11,1
18192,152,11,1
18202,14,11,1
18202,31,11,1
18202,65,11,1
18202,82,11,1
18202,98,11,1
18202,115,11,1
18212,4,11,1
18212,16,11,1
18212,36,11,1
18212,44,11,1
18212,49,11,1
18212,61,11,1
18216,16,11,0
18216,45,11,0
18216,61,11,0
18216,90,11,0
18216,108,11,0
18216,137,11,0
18216,155,11,0
18234,22,11,1
18234,61,11,1
18234,81,11,1
18234,101,11,1
18234,120,11,1
18234,160,11,1
18248,3,11,1
18248,23,11,1
18248,42,11,1
18248,61,11,1
18248,81,11,1
18248,120,11,1
18258,13,11,1
18258,79,11,1
18258,101,11,1
18258,122,11,1
18273,62,11,1
18273,87,11,1
18273,159,11,1
18273,182,11,1
18273,205,11,1
18273,230,11,1
18287,6,11,1
18287,28,11,1
18287,68,12,1
18287,68,22,1
18287,89,11,1
18287,107,11,1
18287,128,11,1
18287,167,11,1
18319,30,11,1
18319,49,11,1
18319,97,11,1
18326,36,11,1
18326,56,11,1
18326,77,11,1
18326,98,11,1
18326,118,11,1
18326,139,11,1
18326,193,11,1
18335,21,11,1
18335,44,11,1
18335,67,11,1
18335,113,11,1
18335,135,11,1
18335,160,11,1
18353,3,11,0
18353,15,11,0
18353,40,11,0
18353,65,11,0
18353,77,11,0
18353,89,11,0
18355,26,11,1
18355,37,11,1
18355,47,11,1
18355,57,11,1
18355,69,11,1
18367,2,11,0
18367,21,11,0
18367,44,11,0
18367,58,11,0
18367,67,11,0
18367,83,11,0
18390,9,11,0
18390,36,11,0
18390,51,11,0
18390,76,11,0
18390,96,11,0
18390,105,11,0
18397,20,11,0
18397,46,11,0
18397,58,11,0
18397,74,11,0
18397,99,11,0
18409,14,11,0
18409,48,11,0
18409,66,11,0
18409,100,11,0
18409,117,11,0
18409,146,11,0
18429,49,11,1
18429,97,11,1
18429,112,11,1
18429,125,11,1
18434,8,11,1
18434,56,11,1
18434,72,11,1
18434,91,11,1
18434,107,11,1
18436,6,11,0
18436,16,11,0
18436,36,11,0
18436,47,11,0
18436,57,11,0
18436,68,11,0
18441,15,11,1
18441,35,11,1
18441,75,11,1
18441,95,11,1
18441,115,11,1
18441,135,11,1
18447,3,11,0
18447,32,11,0
18447,47,11,0
18447,61,11,0
18447,72,11,0
18447,101,11,0
18507,1,11,1
18507,35,11,1
18507,49,11,1
18507,65,11,1
18507,78,11,1
18507,103,11,1
18508,75,11,1
18508,97,11,1
18508,138,11,1
18508,161,12,1
18508,161,22,1
18532,53,11,1
18532,54,11,1
18532,55,11,1
18532,56,11,1
18532,138,11,1
18532,139,11,1
18532,140,11,1
18532,141,11,1
18553,1,11,0
18553,3,11,0
18553,23,11,0
18553,31,11,0
18553,35,11,0
18553,36,11,0
18553,37,11,0
18553,45,11,0
18563,1,11,1
18563,21,11,1
18563,30,11,1
18563,49,11,1
18563,66,11,1
18563,76,11,1
18563,93,11,1
18591,3,11,0
18591,27,11,0
18591,49,11,0
18591,96,11,0
18591,119,11,0
18591,143,11,0
18594,30,11,0
18594,48,11,0
18594,66,11,0
18594,105,11,0
18594,125,11,0
18594,143,11,0
18595,21,11,0
18595,37,11,0
18595,53,11,0
18595,67,11,0
18595,82,11,0
18595,127,11,0
18608,6,11,0
18608,17,12,0
18608,17,22,0
18608,29,12,0
18608,29,22,0
18608,62,11,0
18608,73,12,0
18608,73,22,0
18608,84,12,0
18608,84,22,0
18620,9,11,0
18620,23,11,0
18620,37,11,0
18620,74,11,0
18620,86,11,0
18620,98,11,0
18620,124,11,0
18639,13,11,1
18639,33,11,1
18639,114,11,1
18639,134,11,1
18658,3,11,0
18658,18,11,0
18658,40,11,0
18658,53,11,0
18658,63,11,0
18658,75,11,0
18671,3,11,0
18671,16,11,0
18671,45,11,0
18671,60,11,0
18671,74,11,0
18671,88,11,0
18678,7,11,0
18678,27,11,0
18678,66,11,0
18678,86,11,0
18678,106,11,0
18678,126,11,0
18697,15,11,1
18697,50,11,1
18697,67,11,1
18697,85,11,1
18697,120,11,1
18708,59,11,1
18708,99,11,1
18708,140,11,1
18708,160,11,1
18708,177,11,1
18717,34,11,0
18717,35,11,0
18717,36,11,0
18717,116,11,0
18717,122,11,0
18717,123,11,0
18717,124,11,0
18717,125,11,0
18730,19,11,0
18730,26,11,0
18730,33,11,0
18730,58,11,0
18730,66,11,0
18730,71,11,0
18730,75,11,0
18730,78,11,0
18737,142,11,1
18737,143,11,1
18737,144,11,1
18737,304,11,1
18737,307,11,1
18737,310,11,1
18738,61,11,0
18738,62,11,0
18738,63,11,0
18738,64,11,0
18738,199,11,0
18738,200,11,0
18738,209,11,0
18738,217,11,0
18757,65,11,0
18757,66,11,0
18757,67,11,0
18757,68,11,0
18757,165,11,0
18757,166,11,0
18757,167,11,0
18770,1,11,0
18770,2,11,0
18770,4,11,0
18770,85,11,0
18770,86,11,0
18770,87,11,0
18770,88,11,0
18787,13,11,0
18787,28,11,0
18787,61,11,0
18787,77,11,0
18787,91,11,0
18787,105,11,0
18787,135,11,0
18787,149,11,0
18805,7,11,0
18805,25,11,0
18805,73,11,0
18805,90,11,0
18805,106,11,0
18805,122,11,0
18816,4,11,1
18816,68,11,1
18816,117,11,1
18816,133,11,1
18831,4,11,1
18831,20,11,1
18831,53,11,1
18831,69,11,1
18831,85,11,1
18831,101,11,1
18835,17,11,0
18835,40,11,0
18835,69,11,0
18835,121,11,0
18835,146,11,0
18835,172,11,0
18847,47,11,0
18847,73,11,0
18847,177,11,0
18847,202,11,0
18847,227,11,0
18872,17,11,0
18872,45,11,0
18872,46,11,0
18872,47,11,0
18872,48,11,0
18872,49,11,0
18872,50,11,0
18872,52,11,0
18921,7,11,0
18921,18,11,0
18921,28,11,0
18921,60,11,0
18921,72,11,0
18922,5,11,0
18922,35,11,0
18922,49,11,0
18922,64,11,0
18922,110,11,0
18928,17,11,0
18928,34,11,0
18928,85,11,0
18928,137,11,0
18928,153,11,0
18935,13,11,0
18935,62,11,0
18935,77,11,0
18935,94,11,0
18935,111,11,0
18935,142,11,0
18935,158,11,0
18941,13,11,1
18941,36,11,1
18941,48,11,1
18941,60,11,1
18941,72,11,1
18941,83,11,1
18945,8,11,0
18945,29,11,0
18945,59,11,0
18945,73,11,0
18945,87,12,0
18945,87,22,0
18945,101,11,0
18946,19,11,0
18946,37,11,0
18946,53,11,0
18946,70,11,0
18946,105,11,0
18956,2,11,0
18956,19,11,0
18956,50,11,0
18956,67,11,0
18956,84,11,0
18956,101,11,0
18980,23,11,0
18980,79,11,0
18980,92,11,0
18980,118,11,0
18993,30,11,1
18993,40,11,1
18993,71,11,1
19023,91,11,0
19023,92,11,0
19023,95,11,0
19023,97,11,0
19023,98,11,0
19023,101,11,0
19023,105,11,0
19023,107,11,0
19036,9,11,1
19036,15,11,1
19036,21,11,1
19036,33,11,1
19036,40,11,1
19036,52,11,1
19042,1,11,1
19042,2,11,1
19042,3,11,1
19042,4,11,1
19042,140,11,1
19042,142,11,1
19042,143,11,1
19054,2,11,0
19054,17,11,0
19054,27,11,0
19054,86,11,0
19054,97,11,0
19054,111,11,0
19075,14,11,1
19075,31,11,1
19075,65,11,1
19075,82,11,1
19075,98,11,1
19102,5,11,0
19102,37,11,0
19102,49,11,0
19102,64,11,0
19102,108,11,0
19102,123,11,0
19117,12,11,0
19117,24,11,0
19117,37,11,0
19117,49,11,0
19117,64,11,0
19117,78,11,0
19122,10,11,0
19122,17,11,0
19122,25,11,0
19122,32,11,0
19122,38,11,0
19122,52,11,0
19129,5,11,1
19129,22,11,1
19129,39,11,1
19129,54,11,1
19129,71,11,1
19129,105,11,1
19150,29,11,0
19150,30,11,0
19150,31,11,0
19150,32,11,0
19150,57,11,0
19150,58,11,0
19150,59,11,0
19150,60,11,0
19169,17,11,0
19169,18,11,0
19169,19,11,0
19169,20,11,0
19169,85,11,0
19169,86,11,0
19169,90,11,0
19169,91,11,0
19171,49,11,0
19171,50,11,0
19171,52,11,0
19171,114,11,0
19171,115,11,0
19171,118,11,0
19171,120,11,0
19171,121,11,0
19179,45,11,1
19179,47,11,1
19179,48,11,1
19179,107,11,1
19179,108,11,1
19179,109,11,1
19179,110,11,1
19185,16,11,0
19185,38,11,0
19185,52,11,0
19185,69,11,0
19185,90,11,0
19185,107,11,0
19195,6,11,0
19195,24,11,0
19195,63,11,0
19195,82,11,0
19195,101,11,0
19195,118,11,0
19207,5,11,0
19207,29,11,0
19207,73,11,0
19207,118,11,0
19207,161,11,0
19207,183,11,0
19232,3,11,1
19232,21,11,1
19232,39,11,1
19232,74,11,1
19232,110,11,1
19240,26,11,1
19240,61,11,1
19240,79,11,1
19240,114,11,1
19240,132,11,1
19254,12,11,0
19254,29,11,0
19254,41,11,0
19254,55,11,0
19254,80,11,0
19254,93,11,0
19260,8,11,0
19260,27,11,0
19260,48,13,0
19260,48,23,0
19260,48,33,0
19260,66,11,0
19260,103,11,0
19260,122,11,0
19284,3,11,0
19284,22,11,0
19284,53,11,0
19284,71,11,0
19284,88,11,0
19284,106,12,0
19284,106,22,0
19310,8,11,0
19310,23,11,0
19310,37,11,0
19310,51,11,0
19310,66,12,0
19310,66,22,0
19310,81,11,0
19329,1,11,0
19329,18,11,0
19329,50,11,0
19329,67,11,0
19329,83,11,0
19329,98,11,0
19347,10,11,1
19347,30,11,1
19347,50,11,1
19347,90,11,1
19347,111,11,1
19347,131,11,1
19362,10,11,1
19362,24,11,1
19362,38,11,1
19362,79,11,1
19362,93,11,1
19372,10,11,0
19372,28,11,0
19372,44,11,0
19372,61,11,0
19372,78,11,0
19372,113,11,0
19374,1,12,1
19374,1,22,1
19374,22,11,1
19374,64,11,1
19374,85,11,1
19374,107,11,1
19374,130,11,1
19383,3,11,1
19383,16,11,1
19383,39,11,1
19383,50,11,1
19383,61,11,1
19383,72,11,1
19401,1,11,0
19401,19,11,0
19401,37,11,0
19401,46,11,0
19401,55,11,0
19401,71,11,0
19401,80,11,0
19401,89,11,0
19409,45,11,0
19409,46,11,0
19409,47,11,0
19409,48,11,0
19409,99,11,0
19409,100,11,0
19409,101,11,0
19409,103,11,0
19424,21,11,0
19424,22,11,0
19424,23,11,0
19424,96,11,0
19424,97,11,0
19424,98,11,0
19424,99,11,0
19424,100,11,0
19427,13,11,0
19427,14,11,0
19427,15,11,0
19427,121,11,0
19427,122,11,0
19427,123,11,0
19427,124,11,0
19427,125,11,0
19442,7,11,0
19442,19,11,0
19442,36,11,0
19442,51,11,0
19442,121,11,0
19442,132,11,0
19453,15,11,0
19453,78,11,0
19453,90,11,0
19453,102,11,0
19466,37,11,0
19466,55,11,0
19466,70,11,0
19466,83,11,0
19471,4,11,0
19471,19,11,0
19471,118,11,0
19471,133,11,0
19495,9,11,0
19495,23,11,0
19495,53,11,0
19495,96,11,0
19495,115,11,0
19507,20,11,0
19507,39,11,0
19507,74,11,0
19507,109,11,0
19507,127,11,0
19514,23,11,1
19514,39,11,1
19514,73,11,1
19514,106,11,1
19532,2,11,1
19532,22,11,1
19532,39,11,1
19532,61,11,1
19532,155,11,1
19541,61,11,0
19541,62,11,0
19541,63,11,0
19541,136,11,0
19541,137,11,0
19541,139,11,0
19541,141,11,0
19541,145,11,0
19546,26,11,0
19546,27,11,0
19546,28,11,0
19546,61,11,0
19546,62,11,0
19546,63,11,0
19546,65,11,0
19555,11,11,0
19555,87,11,0
19555,90,11,0
19555,91,11,0
19555,92,11,0
19555,94,11,0
19555,110,11,0
19577,21,11,0
19577,23,11,0
19577,24,11,0
19577,94,11,0
19577,95,11,0
19577,96,11,0
19577,98,11,0
19577,99,11,0
19593,428,11,1
19593,429,11,1
19593,430,11,1
19593,432,11,1
19593,436,11,1
19593,439,11,1
19593,441,11,1
19602,31,11,1
19602,161,11,1
19602,162,11,1
19602,163,11,1
19602,164,11,1
19602,167,11,1
19602,168,11,1
19613,72,11,1
19613,87,11,1
19613,100,11,1
19613,115,11,1
19613,141,11,1
19623,19,11,1
19623,31,11,1
19623,43,11,1
19623,55,11,1
19623,66,11,1
19623,91,11,1
19627,14,11,0
19627,39,11,0
19627,87,11,0
19627,111,11,0
19627,132,11,0
19627,155,11,0
19665,7,11,0
19665,35,11,0
19665,46,11,0
19665,59,11,0
19665,96,11,0
19665,108,11,0
19675,18,11,0
19675,63,11,0
19675,86,11,0
19675,108,12,0
19675,108,22,0
19675,131,11,0
19675,153,11,0
19687,10,11,1
19687,29,11,1
19687,46,11,1
19687,67,11,1
19687,81,11,1
19687,100,11,1
19695,85,11,0
19695,86,11,0
19695,88,11,0
19695,175,11,0
19695,176,11,0
19695,177,11,0
19695,178,11,0
19695,179,11,0
19705,77,11,0
19705,78,11,0
19705,79,11,0
19705,80,11,0
19705,168,11,0
19705,169,11,0
19705,170,11,0
19705,171,11,0
19712,110,11,1
19712,111,11,1
19712,113,11,1
19712,229,11,1
19712,230,11,1
19712,233,11,1
19712,234,11,1
19728,42,11,0
19728,55,11,0
19728,69,11,0
19728,80,11,0
19728,105,11,0
19754,13,11,1
19754,26,11,1
19754,36,11,1
19754,70,11,1
19754,102,11,1
19768,18,11,0
19768,40,11,0
19768,75,11,0
19768,96,11,0
19768,115,11,0
19768,134,11,0
19785,6,11,0
19785,19,11,0
19785,32,12,0
19785,32,22,0
19785,46,11,0
19785,59,11,0
19785,85,11,0
19792,2,11,1
19792,22,11,1
19792,42,11,1
19792,60,11,1
19792,100,11,1
19815,13,11,0
19815,14,11,0
19815,15,11,0
19815,16,11,0
19815,57,11,0
19815,58,11,0
19815,59,11,0
19815,60,11,0
19824,41,11,1
19824,42,11,1
19824,145,11,1
19824,147,11,1
19824,148,11,1
19824,149,11,1
19824,150,11,1
19824,152,11,1
19828,5,11,0
19828,38,11,0
19828,55,11,0
19828,77,11,0
19828,109,12,0
19828,109,22,0
19828,138,11,0
19828,154,11,0
19831,6,11,0
19831,22,11,0
19831,39,11,0
19831,55,11,0
19831,71,11,0
19831,104,11,0
19845,32,11,0
19845,68,11,0
19845,103,11,0
19845,121,11,0
19845,151,11,0
19863,16,11,0
19863,32,11,0
19863,64,11,0
19863,112,11,0
19863,127,11,0
19875,6,11,0
19875,14,11,0
19875,21,11,0
19875,38,11,0
19875,70,11,0
19883,11,11,0
19883,30,11,0
19883,48,11,0
19883,66,11,0
19883,85,11,0
19883,103,11,0
19896,14,11,0
19896,26,11,0
19896,72,11,0
19896,88,11,0
19896,104,11,0
19896,118,11,0
19898,18,11,1
19898,34,11,1
19898,67,11,1
19919,26,11,0
19919,46,11,0
19919,56,11,0
19919,99,11,0
19933,8,11,1
19933,27,11,1
19933,43,11,1
19933,106,11,1
19933,137,11,1
19959,12,11,0
19959,29,11,0
19959,80,11,0
19959,87,11,0
19959,114,11,0
19959,131,11,0
19978,24,11,1
19978,42,11,1
19978,63,11,1
19978,119,11,1
19989,1,11,0
19989,24,11,0
19989,37,11,0
19989,61,11,0
19989,73,11,0
19989,99,11,0
20024,1,11,1
20024,10,11,1
20024,40,11,1
20024,80,11,1
20024,90,11,1
20025,9,11,1
20025,10,11,1
20025,209,11,1
20057,12,11,0
20057,25,11,0
20057,50,11,0
20057,64,11,0
20057,77,11,0
20057,91,11,0
20072,32,11,0
20072,49,12,0
20072,49,22,0
20072,63,11,0
20072,145,11,0
20072,160,11,0
20073,5,11,0
20073,30,11,0
20073,81,11,0
20073,107,11,0
20073,132,11,0
20073,158,11,0
20082,2,11,1
20082,24,11,1
20082,56,11,1
20082,99,11,1
20090,11,11,1
20090,27,11,1
20090,54,11,1
20090,108,11,1
20103,18,11,0
20103,37,11,0
20103,74,11,0
20103,93,11,0
20103,113,11,0
20103,129,11,0
20114,31,11,0
20114,45,11,0
20114,61,11,0
20114,76,11,0
20114,92,11,0
20114,107,11,0
20120,46,11,0
20120,64,11,0
20120,77,11,0
20120,126,11,0
20120,138,11,0
20128,30,11,0
20128,48,11,0
20128,85,11,0
20128,102,11,0
20128,120,11,0
20128,137,11,0
20147,24,11,1
20147,39,11,1
20147,53,11,1
20147,68,11,1
20147,113,11,1
20147,129,11,1
20176,40,11,1
20176,96,11,1
20176,97,11,1
20176,100,11,1
20176,101,11,1
20176,102,11,1
20176,107,11,1
20183,3,11,0
20183,24,11,0
20183,34,11,0
20183,68,11,0
20183,80,11,0
20183,90,11,0
20183,99,11,0
20194,13,11,0
20194,33,11,0
20194,50,11,0
20194,90,11,0
20194,110,11,0
20194,129,11,0
20195,4,11,1
20195,25,11,1
20195,35,11,1
20195,56,11,1
20205,1,11,0
20205,47,11,0
20205,62,11,0
20205,91,11,0
20205,106,11,0
20205,119,11,0
20212,18,11,0
20212,40,11,0
20212,61,11,0
20212,84,11,0
20212,127,11,0
20212,168,11,0
20240,4,11,0
20240,19,11,0
20240,41,11,0
20240,54,11,0
20240,64,11,0
20240,79,11,0
20246,7,11,0
20246,18,11,0
20246,37,11,0
20246,46,11,0
20246,56,11,0
20246,65,11,0
20252,3,11,1
20252,16,11,1
20252,42,11,1
20252,55,11,1
20252,68,11,1
20252,108,11,1
20272,36,11,1
20272,52,11,1
20272,69,11,1
20272,85,11,1
20272,102,11,1
20307,12,11,0
20307,44,11,0
20307,60,11,0
20307,75,11,0
20307,92,11,0
20307,107,11,0
20318,26,11,1
20318,46,11,1
20318,65,11,1
20318,84,11,1
20325,9,11,0
20325,10,11,0
20325,11,11,0
20325,12,11,0
20325,41,11,0
20325,42,11,0
20325,49,11,0
20325,50,11,0
20343,1,11,0
20343,2,11,0
20343,3,11,0
20343,4,11,0
20343,125,11,0
20343,126,11,0
20343,127,11,0
20343,128,11,0
20356,13,11,1
20356,14,11,1
20356,15,11,1
20356,16,11,1
20356,98,11,1
20356,102,11,1
20356,103,11,1
20356,104,11,1
20358,30,11,1
20358,105,11,1
20358,107,11,1
20358,108,11,1
20358,110,11,1
20358,111,11,1
20358,112,11,1
20501,1,11,0
20501,11,11,0
20501,15,11,0
20501,30,11,0
20501,53,11,0
20501,63,11,0
20503,9,11,0
20503,23,11,0
20503,53,11,0
20503,82,11,0
20503,98,11,0
20513,17,11,0
20513,18,11,0
20513,19,11,0
20513,20,11,0
20513,37,11,0
20513,38,11,0
20513,41,11,0
20513,46,11,0
20518,4,11,0
20518,20,11,0
20518,35,11,0
20518,47,11,0
20518,78,11,0
20518,106,11,0
20519,7,11,0
20519,23,11,0
20519,55,11,0
20519,70,11,0
20519,86,11,0
20519,101,11,0
20525,8,11,1
20525,12,11,1
20525,26,11,1
20525,32,11,1
20525,50,11,1
20529,9,11,0
20529,21,11,0
20529,32,11,0
20529,64,11,0
20529,71,11,0
20529,97,11,0
20572,10,11,1
20572,21,11,1
20572,32,12,1
20572,32,22,1
20572,54,11,1
20572,65,11,1
20588,24,11,1
20588,36,11,1
20588,49,11,1
20588,61,11,1
20588,74,11,1
20596,6,11,0
20596,51,11,0
20596,66,11,0
20596,81,11,0
20596,111,11,0
20596,124,11,0
20598,37,11,1
20598,46,11,1
20598,56,11,1
20598,65,11,1
20600,32,11,0
20600,50,11,0
20600,73,11,0
20600,93,11,0
20600,113,11,0
20600,134,13,0
20600,134,23,0
20600,134,33,0
20600,151,13,0
20600,151,23,0
20600,151,33,0
20600,192,11,0
20613,21,11,1
20613,22,11,1
20613,23,11,1
20613,24,11,1
20613,89,11,1
20613,90,11,1
20613,91,11,1
20613,92,11,1
20617,18,11,0
20617,38,11,0
20617,57,11,0
20617,77,11,0
20617,118,11,0
20617,138,11,0
20663,5,11,0
20663,16,11,0
20663,22,11,0
20663,32,11,0
20663,50,11,0
20663,59,11,0
20718,12,11,0
20718,31,11,0
20718,64,11,0
20718,83,11,0
20718,99,11,0
20718,118,11,0
20737,10,11,0
20737,23,12,0
20737,36,11,0
20737,47,11,0
20737,52,11,0
20737,91,11,0
20741,11,11,0
20741,16,11,0
20741,22,11,0
20741,33,11,0
20741,44,11,0
20741,49,11,0
20741,55,11,0
20741,60,11,0
20742,7,11,1
20742,19,11,1
20742,31,11,1
20742,45,11,1
20742,68,11,1
20742,80,11,1
20761,30,11,0
20761,31,11,0
20761,32,11,0
20761,92,11,0
20761,93,11,0
20761,94,11,0
20761,95,11,0
20761,96,11,0
20765,5,11,0
20765,6,11,0
20765,7,11,0
20765,8,11,0
20765,81,11,0
20765,82,11,0
20765,83,11,0
20765,84,12,0
20765,84,22,0
20768,18,11,0
20768,39,11,0
20768,81,12,0
20768,81,22,0
20768,102,11,0
20768,130,11,0
20768,145,11,0
20803,25,11,0
20803,28,11,0
20803,130,11,0
20803,132,11,0
20803,134,11,0
20803,135,11,0
20816,20,11,0
20816,54,11,0
20816,56,11,0
20816,57,11,0
20816,59,11,0
20816,61,11,0
20816,63,11,0
20816,64,11,0
20823,7,11,0
20823,21,11,0
20823,55,11,0
20823,77,11,0
20823,88,11,0
20823,100,11,0
15010,2,11,0
15010,7,11,0
15010,16,11,0
15010,21,11,0
15010,29,11,0
15010,34,11,0
15015,12,11,0
15015,25,11,0
15015,38,11,0
15015,52,11,0
15015,80,11,0
15015,93,11,0
15026,10,11,0
15026,21,11,0
15026,42,11,0
15026,54,11,0
15026,64,11,0
15026,74,11,0
15039,29,11,0
15039,67,11,0
15039,88,11,0
15039,108,11,0
15039,146,11,0
15039,163,11,0
15062,4,11,1
15062,14,11,1
15062,27,11,1
15062,48,11,1
15062,59,11,1
15062,71,11,1
15072,2,11,1
15072,65,11,1
15072,98,11,1
15112,6,11,0
15112,7,11,0
15112,8,11,0
15112,9,11,0
15112,31,11,0
15112,33,11,0
15112,60,11,0
15112,63,11,0
15134,81,11,0
15134,82,11,0
15134,83,11,0
15134,84,11,0
15134,171,11,0
15134,172,11,0
15134,173,11,0
15134,174,11,0
15143,35,11,0
15143,36,11,0
15143,92,11,0
15143,93,11,0
15143,94,11,0
15143,95,11,0
15143,96,11,0
15143,97,11,0
15145,2,11,0
15145,14,11,0
15145,25,11,0
15145,38,11,0
15145,50,11,0
15145,61,11,0
15145,73,11,0
15145,97,11,0
15158,13,11,0
15158,14,11,0
15158,15,11,0
15158,16,11,0
15158,25,11,0
15158,26,11,0
15158,34,11,0
15158,35,11,0
15164,1,11,1
15164,2,11,1
15164,3,11,1
15164,4,11,1
15164,80,11,1
15164,82,11,1
15164,83,11,1
15166,138,11,1
15166,140,11,1
15166,141,11,1
15166,142,11,1
15166,144,11,1
15174,57,11,1
15174,58,11,1
15174,59,11,1
15174,161,11,1
15174,162,11,1
15174,163,11,1
15174,164,11,1
15195,10,11,0
15195,27,11,0
15195,44,11,0
15195,61,11,0
15195,78,11,0
15195,96,11,0
15195,142,11,0
15195,159,11,0
15217,8,11,0
15217,29,11,0
15217,50,11,0
15217,92,12,0
15217,92,22,0
15217,113,11,0
15217,134,11,0
15225,7,11,1
15225,20,11,1
15225,35,11,1
15225,75,11,1
15225,86,11,1
15228,60,11,1
15228,87,11,1
15228,114,11,1
15248,2,11,0
15248,12,11,0
15248,23,11,0
15248,37,11,0
15248,49,11,0
15248,55,11,0
15283,15,11,1
15283,34,11,1
15283,52,11,1
15283,71,11,1
15283,108,11,1
15283,124,11,1
15283,181,11,1
15290,8,11,0
15290,29,11,0
15290,52,11,0
15290,71,11,0
15290,90,11,0
15290,130,11,0
15313,24,11,0
15313,41,11,0
15313,58,11,0
15313,75,11,0
15313,91,11,0
15313,108,11,0
15330,13,11,0
15330,14,11,0
15330,15,11,0
15330,16,11,0
15330,101,11,0
15330,102,11,0
15330,104,11,0
15330,105,11,0
15348,9,11,0
15348,10,11,0
15348,11,11,0
15348,12,11,0
15348,70,11,0
15348,71,11,0
15348,72,11,0
15348,75,11,0
15363,8,11,0
15363,62,11,0
15363,73,11,0
15363,85,11,0
15363,94,11,0
15363,102,11,0
15363,125,11,0
15367,1,11,0
15367,3,11,0
15367,4,11,0
15367,59,11,0
15367,60,11,0
15367,61,11,0
15367,62,11,0
15367,63,11,0
15370,121,11,1
15370,122,11,1
15370,303,11,1
15370,304,11,1
15370,305,11,1
15370,306,11,1
15370,308,11,1
15387,26,11,1
15387,47,11,1
15387,58,11,1
15387,69,11,1
15387,80,11,1
15387,90,11,1
15387,101,11,1
15387,110,11,1
15392,23,11,0
15392,68,11,0
15392,81,11,0
15392,101,11,0
15392,159,11,0
15392,160,11,0
15398,25,11,0
15398,42,11,0
15398,60,11,0
15398,94,11,0
15398,111,11,0
15398,128,11,0
15398,145,11,0
15398,181,11,0
15413,28,11,0
15413,37,11,0
15413,47,11,0
15413,71,11,0
15413,81,11,0
15413,87,11,0
15426,21,11,0
15426,32,11,0
15426,41,11,0
15426,50,11,0
15426,59,11,0
15426,67,11,0
15438,6,11,1
15438,32,11,1
15438,43,11,1
15438,53,11,1
15438,74,11,1
15481,101,11,1
15481,102,11,1
15481,103,11,1
15481,104,11,1
15481,224,11,1
15481,225,11,1
15481,226,11,1
15481,228,11,1
15483,5,11,0
15483,6,11,0
15483,7,11,0
15483,8,11,0
15483,80,11,0
15483,86,11,0
15483,87,11,0
15483,88,11,0
15493,2,11,0
15493,9,11,0
15493,22,11,0
15493,34,11,0
15493,41,11,0
15493,49,11,0
15493,59,11,0
15493,67,11,0
15498,28,11,0
15498,29,11,0
15498,30,11,0
15498,31,11,0
15498,77,11,0
15498,79,11,0
15498,81,11,0
15498,82,11,0
15515,1,11,1
15515,2,11,1
15515,3,11,1
15515,4,11,1
15515,117,11,1
15515,118,11,1
15515,119,11,1
15515,120,11,1
15530,20,11,0
15530,40,11,0
15530,79,11,0
15530,98,11,0
15530,116,11,0
15565,20,11,0
15565,41,11,0
15565,59,11,0
15565,100,11,0
15565,141,11,0
15565,159,11,0
15574,1,11,0
15574,26,11,0
15574,41,11,0
15574,77,11,0
15574,113,11,0
15574,129,11,0
15574,163,11,0
15574,179,11,0
15584,10,11,0
15584,35,12,0
15584,35,22,0
15584,106,11,0
15584,129,11,0
15584,153,11,0
15586,10,11,0
15586,29,11,0
15586,67,11,0
15586,87,11,0
15607,15,11,0
15607,32,11,0
15607,49,11,0
15607,101,11,0
15607,118,11,0
15607,152,11,0
15607,170,11,0
15621,50,11,1
15621,80,11,1
15621,95,11,1
15621,124,11,1
15621,139,11,1
15637,21,11,1
15637,33,11,1
15637,56,11,1
15637,68,11,1
15637,83,11,1
15637,95,11,1
15648,7,11,0
15648,37,11,0
15648,52,11,0
15648,96,11,0
15648,108,11,0
15648,125,11,0
15648,140,11,0
15654,12,11,1
15654,30,11,1
15654,64,11,1
15654,83,11,1
15654,100,11,1
15654,118,11,1
15672,16,11,0
15672,33,11,0
15672,50,11,0
15672,67,11,0
15672,116,11,0
15684,2,11,0
15684,19,11,0
15684,52,11,0
15684,85,11,0
15684,101,11,0
15693,3,11,1
15693,13,11,1
15693,39,11,1
15693,64,11,1
15693,75,11,1
15698,6,11,1
15698,61,11,1
15698,79,11,1
15698,99,11,1
15698,116,11,1
15699,8,11,1
15699,26,11,1
15699,59,11,1
15699,109,11,1
15699,124,11,1
15747,101,11,0
15747,103,11,0
15747,104,11,0
15747,392,11,0
15747,393,11,0
15747,394,11,0
15747,395,11,0
15747,396,11,0
15748,31,11,0
15748,33,11,0
15748,124,11,0
15748,125,11,0
15748,126,11,0
15748,128,11,0
15748,129,11,0
15748,130,11,0
15767,8,11,0
15767,14,11,0
15767,22,11,0
15767,27,11,0
15767,38,11,0
15767,49,11,0
15767,55,11,0
15767,59,11,0
15784,58,11,0
15784,106,11,0
15784,129,11,0
15784,151,11,0
15784,172,11,0
15784,192,11,0
15788,7,11,0
15788,21,11,0
15788,58,11,0
15788,84,11,0
15788,95,11,0
15788,105,11,0
15802,17,11,0
15802,35,11,0
15802,53,11,0
15802,108,11,0
15802,126,11,0
15802,145,11,0
15823,11,11,1
15823,22,11,1
15823,47,11,1
15823,59,11,1
15823,70,11,1
15823,82,11,1
15828,3,11,0
15828,37,11,0
15828,49,11,0
15828,61,11,0
15828,72,11,0
15828,85,11,0
15853,29,11,1
15853,45,11,1
15853,76,11,1
15853,107,11,1
15861,6,11,0
15861,22,11,0
15861,41,11,0
15861,75,11,0
15861,92,11,0
15861,109,11,0
15862,8,11,0
15862,49,11,0
15862,76,11,0
15862,89,11,0
15862,101,11,0
15862,117,11,0
15883,33,11,0
15883,34,11,0
15883,35,11,0
15883,123,11,0
15883,124,11,0
15883,126,11,0
15883,127,11,0
15883,128,11,0
15887,13,11,0
15887,34,11,0
15887,62,11,0
15887,72,11,0
15887,81,11,0
15887,91,11,0
15887,100,11,0
15887,109,11,0
15915,13,11,0
15915,14,11,0
15915,15,11,0
15915,62,11,0
15915,63,11,0
15915,65,11,0
15915,66,11,0
15915,67,11,0
15917,25,11,0
15917,26,11,0
15917,27,11,0
15917,28,11,0
15917,79,11,0
15917,80,11,0
15917,81,11,0
15917,83,11,0
15922,29,11,1
15922,32,11,1
15922,208,11,1
15922,209,11,1
15922,210,11,1
15922,211,11,1
15922,212,11,1
15922,213,11,1
15933,12,11,1
15933,20,11,1
15933,25,11,1
15933,44,11,1
15933,63,11,1
15933,64,11,1
15933,74,11,1
15969,10,11,0
15969,27,11,0
15969,62,11,0
15977,34,11,1
15977,67,11,1
15977,83,11,1
15977,117,11,1
15981,34,11,1
15981,51,11,1
15981,70,11,1
15981,107,11,1
15981,161,11,1
15997,34,11,0
15997,61,11,0
15997,88,11,0
15997,114,11,0
15997,140,11,0
15997,168,11,0
16001,23,11,0
16001,40,11,0
16001,58,11,0
16001,75,11,0
16001,93,11,0
16001,109,11,0
16010,14,11,1
16010,42,11,1
16010,57,11,1
16010,71,11,1
16010,86,11,1
16010,100,11,1
16023,21,11,0
16023,44,11,0
16023,88,11,0
16023,111,11,0
16023,133,11,0
16023,156,11,0
16080,62,11,0
16080,63,11,0
16080,141,11,0
16080,142,11,0
16080,143,11,0
16080,144,11,0
16080,147,11,0
16080,149,11,0
16093,50,11,0
16093,51,11,0
16093,52,11,0
16093,395,11,0
16093,396,11,0
16093,398,11,0
16093,399,11,0
16093,400,11,0
16097,9,11,0
16097,26,11,0
16097,42,11,0
16097,71,11,0
16097,100,11,0
16097,129,11,0
16097,143,11,0
16097,158,11,0
16110,57,11,0
16110,58,11,0
16110,59,11,0
16110,60,11,0
16110,186,11,0
16110,187,11,0
16110,194,11,0
16110,195,11,0
16118,10,11,1
16118,11,11,1
16118,12,11,1
16118,48,11,1
16118,49,11,1
16118,50,11,1
16118,51,11,1
16134,5,11,0
16134,6,11,0
16134,7,11,0
16134,72,11,0
16134,73,11,0
16134,74,11,0
16134,75,11,0
16134,76,11,0
16138,1,11,0
16138,2,11,0
16138,3,11,0
16138,4,11,0
16138,128,11,0
16138,129,11,0
16138,130,11,0
16138,132,11,0
16146,9,11,0
16146,10,11,0
16146,11,11,0
16146,68,11,0
16146,69,11,0
16146,70,11,0
16146,71,11,0
16146,72,11,0
16148,129,11,0
16148,130,11,0
16148,131,11,0
16148,132,11,0
16148,276,11,0
16148,277,11,0
16148,279,11,0
16148,280,11,0
16161,33,11,1
16161,34,11,1
16161,35,11,1
16161,36,11,1
16161,103,11,1
16161,104,11,1
16161,105,11,1
16169,24,11,0
16169,37,11,0
16169,61,11,0
16169,74,11,0
16169,94,11,0
16169,116,11,0
16169,136,11,0
16169,171,11,0
16189,28,11,0
16189,47,11,0
16189,68,11,0
16189,89,11,0
16189,110,11,0
16189,131,11,0
16199,29,11,0
16199,63,11,0
16199,82,11,0
16199,100,11,0
16199,119,11,0
16207,53,11,0
16207,70,11,0
16207,94,11,0
16207,134,11,0
16207,151,11,0
16207,172,11,0
16207,192,11,0
16216,14,11,0
16216,37,11,0
16216,80,11,0
16216,150,11,0
16216,170,11,0
16216,192,11,0
16216,215,11,0
16216,235,11,0
16226,10,11,0
16226,37,11,0
16226,65,11,0
16226,82,11,0
16226,100,11,0
16238,1,11,0
16238,33,11,0
16238,74,11,0
16238,109,11,0
16238,172,11,0
16238,195,11,0
16252,30,11,0
16252,44,11,0
16252,60,11,0
16252,75,11,0
16252,90,11,0
16252,105,11,0
16290,30,11,1
16290,61,11,1
16290,92,11,1
16290,108,11,1
16300,4,11,1
16300,37,11,1
16300,70,11,1
16300,87,11,1
16320,23,11,1
16320,58,11,1
16320,78,11,1
16320,169,11,1
16327,1,11,1
16327,25,11,1
16327,73,11,1
16327,97,13,1
16327,97,23,1
16327,97,33,1
16327,122,11,1
16330,19,11,1
16330,52,11,1
16330,101,11,1
16330,117,11,1
16330,132,11,1
16338,4,11,0
16338,49,11,0
16338,70,11,0
16338,91,11,0
16338,106,11,0
16338,119,11,0
16368,33,11,0
16368,73,11,0
16368,93,11,0
16368,112,11,0
16368,131,11,0
16375,34,11,1
16375,79,11,1
16375,124,11,1
16375,146,11,1
16375,168,11,1
16378,13,11,0
16378,27,11,0
16378,54,11,0
16378,67,11,0
16378,80,11,0
16378,119,11,0
16384,1,11,1
16384,18,11,1
16384,48,11,1
16384,59,11,1
16384,80,11,1
16384,96,11,1
16384,158,11,1
16390,11,11,0
16390,23,11,0
16390,34,11,0
16390,46,11,0
16390,70,11,0
16390,81,11,0
16405,29,11,0
16405,67,11,0
16405,90,11,0
16405,112,11,0
16405,155,11,0
16409,11,11,0
16409,41,11,0
16409,71,11,0
16409,98,11,0
16409,127,11,0
16409,214,11,0
16410,1,11,1
16410,28,11,1
16410,40,11,1
16410,51,11,1
16410,80,11,1
16453,28,11,0
16453,29,11,0
16453,30,11,0
16453,31,11,0
16453,32,11,0
16453,69,11,0
16453,71,11,0
16453,72,11,0
16458,61,11,0
16458,62,11,0
16458,63,11,0
16458,194,11,0
16458,195,11,0
16458,196,11,0
16458,199,11,0
16458,201,11,0
16479,54,11,0
16479,55,11,0
16479,56,11,0
16479,122,11,0
16479,123,11,0
16479,124,11,0
16479,125,11,0
16479,126,11,0
16483,9,11,1
16483,22,11,1
16483,47,11,1
16483,59,11,1
16483,72,11,1
16483,85,11,1
16483,110,11,1
16483,122,11,1
16489,1,11,1
16489,2,11,1
16489,3,11,1
16489,4,11,1
16489,145,11,1
16489,146,11,1
16489,147,11,1
16489,148,11,1
16492,17,11,0
16492,18,11,0
16492,20,11,0
16492,129,11,0
16492,152,11,0
16492,154,11,0
16492,155,11,0
16492,156,11,0
16506,49,11,0
16506,50,11,0
16506,51,11,0
16506,52,11,0
16506,157,11,0
16506,158,11,0
16506,159,11,0
16506,160,11,0
16532,37,11,0
16532,51,11,0
16532,78,11,0
16532,90,11,0
16532,117,11,0
16532,129,11,0
16532,143,11,0
16544,8,11,0
16544,23,11,0
16544,34,11,0
16544,61,11,0
16544,77,11,0
16544,94,11,0
16546,6,11,0
16546,46,11,0
16546,66,11,0
16546,87,11,0
16546,128,11,0
16546,149,11,0
16580,37,11,0
16580,38,11,0
16580,39,11,0
16580,40,11,0
16580,102,11,0
16580,103,11,0
16580,106,11,0
16580,108,11,0
16595,2,11,0
16595,14,11,0
16595,25,11,0
16595,37,11,0
16595,48,11,0
16595,60,11,0
16595,93,11,0
16595,104,11,0
16600,5,11,0
16600,6,11,0
16600,8,11,0
16600,87,11,0
16600,88,11,0
16600,89,11,0
16600,90,11,0
16600,92,11,0
16629,49,11,0
16629,50,11,0
16629,51,11,0
16629,52,11,0
16629,106,11,0
16629,107,11,0
16629,108,11,0
16629,112,11,0
16632,2,11,1
16632,10,11,1
16632,53,11,1
16632,69,11,1
16632,86,11,1
16647,1,11,1
16647,2,11,1
16647,4,11,1
16647,55,11,1
16647,56,11,1
16647,57,11,1
16647,58,11,1
16647,59,11,1
16652,83,11,1
16652,84,11,1
16652,174,11,1
16652,175,11,1
16652,176,11,1
16652,179,11,1
16652,181,11,1
16674,2,11,0
16674,24,11,0
16674,40,11,0
16674,59,11,0
16674,78,11,0
16674,115,11,0
16674,134,11,0
16674,170,11,0
16678,19,11,0
16678,65,11,0
16678,93,11,0
16678,105,11,0
16678,114,11,0
16697,23,11,1
16697,55,11,1
16697,71,11,1
16697,88,11,1
16697,120,11,1
16706,18,11,1
16706,30,11,1
16706,42,11,1
16706,54,11,1
16706,73,11,1
16713,12,11,0
16713,25,11,0
16713,52,11,0
16713,64,11,0
16713,78,11,0
16713,101,11,0
16724,4,11,1
16724,18,11,1
16724,62,11,1
16724,72,11,1
16740,4,11,0
16740,26,11,0
16740,46,11,0
16740,68,11,0
16740,111,11,0
16740,133,11,0
16781,18,11,0
16781,19,11,0
16781,20,11,0
16781,101,11,0
16781,102,11,0
16781,103,11,0
16781,110,11,0
16786,29,11,0
16786,30,11,0
16786,32,11,0
16786,94,11,0
16786,96,11,0
16786,97,11,0
16786,98,11,0
16786,101,11,0
16791,6,11,0
16791,23,11,0
16791,39,11,0
16791,56,11,0
16791,72,11,0
16791,89,11,0
16791,106,11,0
16791,139,11,0
16793,49,11,0
16793,52,11,0
16793,138,11,0
16793,139,11,0
16793,140,11,0
16793,141,11,0
16793,142,11,0
16793,143,11,0
16800,61,11,0
16800,62,11,0
16800,182,11,0
16800,183,11,0
16800,184,11,0
16800,185,11,0
16800,186,11,0
16800,188,11,0
16815,49,11,1
16815,50,11,1
16815,130,11,1
16815,131,11,1
16815,132,11,1
16819,78,11,1
16819,80,11,1
16819,176,11,1
16819,179,11,1
16819,180,11,1
16844,125,11,0
16844,126,11,0
16844,127,11,0
16844,128,11,0
16844,266,11,0
16844,267,11,0
16844,268,11,0
16844,270,11,0
16856,10,11,0
16856,35,11,0
16856,61,11,0
16856,73,11,0
16856,98,11,0
16868,6,11,0
16868,21,11,0
16868,35,11,0
16868,67,11,0
16868,81,11,0
16868,96,11,0
16870,19,11,0
16870,32,11,0
16870,43,11,0
16870,58,11,0
16870,72,11,0
16870,98,11,0
16870,136,11,0
16882,21,11,0
16882,42,11,0
16882,64,11,0
16882,85,11,0
16882,106,11,0
16882,149,11,0
16915,2,11,1
16915,19,11,1
16915,44,11,1
16915,60,11,1
16915,69,11,1
16930,17,11,1
16930,47,11,1
16930,63,11,1
16930,79,11,1
16930,94,11,1
16932,3,11,0
16932,22,11,0
16932,58,11,0
16932,77,11,0
16932,95,11,0
16932,114,11,0
16949,20,11,0
16949,61,11,0
16949,103,11,0
16949,123,11,0
16949,143,11,0
16949,158,11,0
16963,15,11,0
16963,30,11,0
16963,59,11,0
16963,73,11,0
16963,86,11,0
16963,106,11,0
16975,20,11,0
16975,48,11,0
16975,62,11,0
16975,76,11,0
16975,123,11,0
16983,5,11,0
16983,39,11,0
16983,56,11,0
16983,91,11,0
16983,109,11,0
16983,125,11,0
16990,15,11,0
16990,36,11,0
16990,56,11,0
16990,97,11,0
16990,139,11,0
16990,157,11,0
17004,13,11,0
17004,33,11,0
17004,72,11,0
17004,112,11,0
17004,132,11,0
17014,36,11,0
17014,58,11,0
17014,80,11,0
17014,102,11,0
17014,147,11,0
17014,164,11,0
17028,45,11,1
17028,65,11,1
17028,106,11,1
17028,126,11,1
17051,38,11,1
17051,91,11,1
17051,108,11,1
17085,233,11,0
17085,235,11,0
17085,236,11,0
17085,481,11,0
17085,482,11,0
17085,484,11,0
17085,485,11,0
17092,8,11,1
17092,39,11,1
17092,52,11,1
17092,61,11,1
17092,74,11,1
17092,83,11,1
17092,93,11,1
17095,42,11,1
17095,43,11,1
17095,44,11,1
17095,99,11,1
17095,100,11,1
17095,101,11,1
17095,102,11,1
17109,2,11,0
17109,19,11,0
17109,37,11,0
17109,54,11,0
17109,72,11,0
17109,107,11,0
17127,11,11,0
17127,25,11,0
17127,56,11,0
17127,67,11,0
17127,82,11,0
17127,96,11,0
17134,1,11,0
17134,24,11,0
17134,35,11,0
17134,49,11,0
17134,60,11,0
17134,72,11,0
17137,24,11,1
17137,40,11,1
17137,88,11,1
17137,136,11,1
17142,7,11,1
17142,22,11,1
17142,67,11,1
17142,96,11,1
17142,142,11,1
17142,158,11,1
17161,1,11,0
17161,21,11,0
17161,80,11,0
17161,122,11,0
17161,138,11,0
17161,156,11,0
17175,42,11,0
17175,62,11,0
17175,83,11,0
17175,105,11,0
17175,149,11,0
17175,166,11,0
17199,4,11,1
17199,12,11,1
17199,27,11,1
17199,35,11,1
17199,42,11,1
17211,9,11,0
17211,31,11,0
17211,38,11,0
17211,47,11,0
17211,53,11,0
17211,57,11,0
17221,16,11,0
17221,32,11,0
17221,48,11,0
17221,64,11,0
17221,81,11,0
17221,114,11,0
17224,8,11,0
17224,41,11,0
17224,57,11,0
17224,74,11,0
17224,90,11,0
17224,107,11,0
17239,19,11,1
17239,39,11,1
17239,79,11,1
17239,99,11,1
17239,118,11,1
17244,35,11,1
17244,56,11,1
17244,101,11,1
17244,123,11,1
17244,168,11,1
17260,9,11,0
17260,10,11,0
17260,11,11,0
17260,12,11,0
17260,70,11,0
17260,72,11,0
17260,77,11,0
17260,80,11,0
17263,57,11,0
17263,58,11,0
17263,59,11,0
17263,147,11,0
17263,148,11,0
17263,149,11,0
17263,150,11,0
17263,151,11,0
17273,17,11,0
17273,29,11,0
17273,51,11,0
17273,63,11,0
17273,74,11,0
17273,85,11,0
17273,96,11,0
17273,118,11,0
17275,57,11,0
17275,58,11,0
17275,59,11,0
17275,60,11,0
17275,201,11,0
17275,203,11,0
17275,204,11,0
17275,205,11,0
17283,18,11,1
17283,20,11,1
17283,60,11,1
17283,61,11,1
17283,62,11,1
17283,63,11,1
17283,64,11,1
17322,5,11,0
17322,6,11,0
17322,7,11,0
17322,8,11,0
17322,11,11,0
17322,22,11,0
17322,24,11,0
17322,25,11,0
17324,103,11,1
17324,221,11,1
17324,223,11,1
17324,225,11,1
17324,226,11,1
17324,227,11,1
17324,228,11,1
17348,6,11,0
17348,28,11,0
17348,49,11,0
17348,69,11,0
17348,113,11,0
17348,131,11,0
17355,8,11,0
17355,25,11,0
17355,59,11,0
17355,77,11,0
17355,112,11,0
17355,128,11,0
17355,147,11,0
17355,180,11,0
17360,9,11,0
17360,29,11,0
17360,48,11,0
17360,106,11,0
17360,126,11,0
17365,4,11,0
17365,13,11,0
17365,31,11,0
17365,50,11,0
17365,61,11,0
17379,23,11,0
17379,68,11,0
17379,92,11,0
17379,115,11,0
17379,138,11,0
17379,161,11,0
17389,7,11,0
17389,19,11,0
17389,33,11,0
17389,60,11,0
17389,70,11,0
17389,82,11,0
17389,105,11,0
17389,110,11,0
17400,33,12,1
17400,33,22,1
17400,67,11,1
17400,85,11,1
17400,102,11,1
17400,120,11,1
17400,153,11,1
17400,169,11,1
17407,30,11,1
17407,76,11,1
17407,122,11,1
17407,261,11,1
17407,354,11,1
17407,446,11,1
17411,41,11,1
17411,83,11,1
17411,147,11,1
17427,11,12,1
17427,11,22,1
17427,31,11,1
17427,50,11,1
17427,68,11,1
17427,108,11,1
17427,128,11,1
17444,27,11,0
17444,40,11,0
17444,55,11,0
17444,69,11,0
17444,97,11,0
17444,106,11,0
17450,17,11,0
17450,64,11,0
17450,80,11,0
17450,103,11,0
17450,144,11,0
17450,160,11,0
17454,4,11,0
17454,14,11,0
17454,34,11,0
17454,45,11,0
17454,55,11,0
17454,67,11,0
17458,34,11,0
17458,72,11,0
17458,89,11,0
17458,109,11,0
17458,126,11,0
17458,142,11,0
17471,2,11,0
17471,14,11,0
17471,34,11,0
17471,67,11,0
17471,84,11,0
17471,130,11,0
17499,23,11,1
17499,40,11,1
17499,55,11,1
17499,72,11,1
17499,89,11,1
17499,106,11,1
17521,1,11,1
17521,22,11,1
17521,60,11,1
17521,78,11,1
17530,75,11,0
17530,76,11,0
17530,189,11,0
17530,197,11,0
17530,198,11,0
17530,200,11,0
17530,201,11,0
17530,202,11,0
17535,45,11,1
17535,46,11,1
17535,97,11,1
17535,98,11,1
17535,99,11,1
17535,100,11,1
17535,101,11,1
17535,102,11,1
17546,13,11,0
17546,14,11,0
17546,15,11,0
17546,16,11,0
17546,81,11,0
17546,82,11,0
17546,83,11,0
17546,84,11,0
17547,37,11,0
17547,38,11,0
17547,39,11,0
17547,40,11,0
17547,135,11,0
17547,136,11,0
17547,137,11,0
17547,139,11,0
17585,2,11,0
17585,16,11,0
17585,27,11,0
17585,50,12,0
17585,50,22,0
17585,64,11,0
17585,95,11,0
17593,9,11,0
17593,41,11,0
17593,57,11,0
17593,73,11,0
17593,105,11,0
17593,119,11,0
17602,8,11,0
17602,36,11,0
17602,47,11,0
17602,61,11,0
17602,75,12,0
17602,75,22,0
17602,89,11,0
17609,5,11,0
17609,14,11,0
17609,41,11,0
17609,50,11,0
17609,62,11,0
17609,75,11,0
17618,17,11,0
17618,33,11,0
17618,68,11,0
17618,84,11,0
17618,97,11,0
17618,118,11,0
17618,136,11,0
17618,160,11,0
17639,4,11,1
17639,12,11,1
17639,26,11,1
17639,50,11,1
17650,13,11,1
17650,27,11,1
17650,55,11,1
17650,85,11,1
17650,113,11,1
17669,2,11,0
17669,13,11,0
17669,37,11,0
17669,54,11,0
17669,64,11,0
17669,80,11,0
17674,31,11,0
17674,45,11,0
17674,60,11,0
17674,76,11,0
17674,93,11,0
17674,108,11,0
17687,29,11,0
17687,89,11,0
17687,109,11,0
17687,129,11,0
17687,149,11,0
17687,170,11,0
17693,15,11,0
17693,28,11,0
17693,40,11,0
17693,53,11,0
17693,68,11,0
17693,77,11,0
17703,3,11,0
17703,22,11,0
17703,63,11,0
17703,83,11,0
17703,102,11,0
17703,122,11,0
17719,12,11,0
17719,52,11,0
17719,71,11,0
17719,90,11,0
17719,111,11,0
17719,130,11,0
17738,2,11,1
17738,19,11,1
17738,53,11,1
17738,70,11,1
17738,88,11,1
17738,105,11,1
17751,14,11,1
17751,48,11,1
17751,65,11,1
17751,82,11,1
17751,115,11,1
17766,37,11,0
17766,38,11,0
17766,40,11,0
17766,111,11,0
17766,112,11,0
17766,113,11,0
17766,114,11,0
17766,115,11,0
17768,33,11,0
17768,34,11,0
17768,35,11,0
17768,125,11,0
17768,126,11,0
17768,127,11,0
17768,128,11,0
17768,129,11,0
17774,209,11,1
17774,210,11,1
17774,211,11,1
17774,212,11,1
17774,558,11,1
17774,559,11,1
17774,560,11,1
17774,561,11,1
17789,10,11,0
17789,25,11,0
17789,42,11,0
17789,57,11,0
17789,90,11,0
17789,102,11,0
17789,116,11,0
17789,144,11,0
17792,10,11,0
17792,22,11,0
17792,30,11,0
17792,43,11,0
17792,79,11,0
17817,15,11,0
17817,60,11,0
17817,81,11,0
17817,103,11,0
17817,125,11,0
17822,29,11,0
17822,41,11,0
17822,55,11,0
17822,69,11,0
17822,97,11,0
17822,107,11,0
17852,13,11,0
17852,33,11,0
17852,50,11,0
17852,67,11,0
17852,93,11,0
17852,126,11,0
17852,139,11,0
17852,166,11,0
17859,36,11,0
17859,50,11,0
17859,65,11,0
17859,81,11,0
17859,105,11,0
17870,6,11,0
17870,23,11,0
17870,47,11,0
17870,65,11,0
17870,85,11,0
17870,107,11,0
17872,5,11,0
17872,38,11,0
17872,53,11,0
17872,73,11,0
17872,89,11,0
17872,106,11,0
17889,10,11,0
17889,27,11,0
17889,45,11,0
17889,59,11,0
17889,69,11,0
17889,87,11,0
17889,109,11,0
17889,154,11,0
17919,3,11,0
17919,17,11,0
17919,46,11,0
17919,60,11,0
17919,89,11,0
17929,35,11,0
17929,48,11,0
17929,73,11,0
17929,87,11,0
17929,98,11,0
17929,107,12,0
17929,107,22,0
17943,18,11,0
17943,37,11,0
17943,75,11,0
17943,94,11,0
17943,131,11,0
17943,167,11,0
17943,186,11,0
17952,17,11,0
17952,35,11,0
17952,66,11,0
17952,121,11,0
17952,136,11,0
17954,8,11,0
17954,26,11,0
17954,42,11,0
17954,75,11,0
17954,127,11,0
17954,144,11,0
17954,161,11,0
17954,181,11,0
17957,3,11,0
17957,15,11,0
17957,27,11,0
17957,38,11,0
17957,50,11,0
17957,75,11,0
17987,8,11,0
17987,25,11,0
17987,40,11,0
17987,104,11,0
17987,122,11,0
17987,135,11,0
17995,12,11,0
17995,34,11,0
17995,76,11,0
17995,105,11,0
17995,113,11,0
18000,8,11,0
18000,29,11,0
18000,50,11,0
18000,114,11,0
18000,173,11,0
18022,9,11,0
18022,19,11,0
18022,29,11,0
18022,41,11,0
18022,59,11,0
18022,71,11,0
18058,10,11,0
18058,24,11,0
18058,50,11,0
18058,64,11,0
18058,75,11,0
18058,102,11,0
18059,15,11,0
18059,34,11,0
18059,71,11,0
18059,90,11,0
18059,108,11,0
18059,127,11,0
18064,22,11,0
18064,45,12,0
18064,45,22,0
18064,90,11,0
18064,113,11,0
18064,136,11,0
18064,159,11,0
18069,6,11,0
18069,19,11,0
18069,31,11,0
18069,59,11,0
18069,86,11,0
18069,98,11,0
18075,9,11,0
18075,33,11,0
18075,41,11,0
18075,76,11,0
18075,93,11,0
18075,118,11,0
18075,132,11,0
18120,2,11,0
18120,21,11,0
18120,28,11,0
18120,34,11,0
18120,47,11,0
18122,9,11,0
18122,55,11,0
18122,141,11,0
18122,187,11,0
18122,209,11,0
18122,230,11,0
18138,13,11,0
18138,38,11,0
18138,62,11,0
18138,87,11,0
18138,112,11,0
18138,161,11,0
18138,185,11,0
18138,235,11,0
18151,12,11,0
18151,27,11,0
18151,70,11,0
18151,79,11,0
18151,97,11,0
18151,112,11,0
18158,8,11,0
18158,22,11,0
18158,49,11,0
18158,63,11,0
18158,78,11,0
18158,92,11,0
18160,9,11,0
18160,19,11,0
18160,29,11,0
18160,39,11,0
18160,49,11,0
18160,59,11,0
18175,214,11,1
18175,282,11,1
18175,319,11,1
18184,9,11,1
18184,54,11,1
18184,66,11,1
18184,80,11,1
18190,30,11,1
18190,59,11,1
18190,74,11,1
18190,130,11,1
18214,42,11,1
18214,53,11,1
18214,64,11,1
18214,75,11,1
18214,97,11,1
18219,7,11,1
18219,105,11,1
18219,120,11,1
18219,191,11,1
18219,238,11,1
18223,29,11,1
18223,52,11,1
18223,64,11,1
18223,109,11,1
18251,2,11,1
18251,11,11,1
18251,20,11,1
18251,47,11,1
18251,56,11,1
18252,14,11,0
18252,31,12,0
18252,31,22,0
18252,66,11,0
18252,84,11,0
18252,101,11,0
18252,119,11,0
18293,31,11,1
18293,60,11,1
18293,89,11,1
18293,104,11,1
18294,53,11,1
18294,76,11,1
18294,99,11,1
18294,122,11,1
18294,145,11,1
18297,7,11,1
18297,39,11,1
18297,72,11,1
18297,105,12,1
18297,105,22,1
18297,120,11,1
18298,18,11,1
18298,30,11,1
18298,52,11,1
18298,63,11,1
18321,5,11,1
18321,20,11,1
18321,35,11,1
18321,51,11,1
18321,60,11,1
18338,11,11,1
18338,49,11,1
18338,69,11,1
18338,89,11,1
18338,127,11,1
18338,167,11,1
18338,186,11,1
18350,27,11,1
18350,47,11,1
18350,60,11,1
18350,80,11,1
18350,88,11,1
18365,9,11,0
18365,35,11,0
18365,86,11,0
18365,112,11,0
18365,139,11,0
18365,165,11,0
18375,8,11,1
18375,39,11,1
18375,53,11,1
18375,68,12,1
18375,68,22,1
18375,98,11,1
18375,111,11,1
18377,6,11,0
18377,36,11,0
18377,65,11,0
18377,82,11,0
18377,110,11,0
18395,1,11,0
18395,26,11,0
18395,47,11,0
18395,65,11,0
18395,138,11,0
18395,161,11,0
18396,59,11,0
18396,79,11,0
18396,99,11,0
18396,119,11,0
18396,174,11,0
18408,28,11,0
18408,62,11,0
18408,97,11,0
18408,114,11,0
18408,131,11,0
18408,147,11,0
18415,16,11,0
18415,35,11,0
18415,74,11,0
18415,86,11,0
18415,111,11,0
18415,129,11,0
18427,11,11,0
18427,25,11,0
18427,50,11,0
18427,64,11,0
18427,77,11,0
18427,91,11,0
18449,9,11,0
18449,33,11,0
18449,81,11,0
18449,129,11,0
18449,153,11,0
18449,177,11,0
18458,23,11,1
18458,89,11,1
18458,109,11,1
18458,129,11,1
18473,15,11,1
18473,62,11,1
18473,86,11,1
18473,110,12,1
18473,110,22,1
18473,135,11,1
18473,159,11,1
18482,15,11,1
18482,34,11,1
18482,67,11,1
18482,84,11,1
18482,119,11,1
18548,74,11,1
18548,75,11,1
18548,76,11,1
18548,77,11,1
18548,199,11,1
18548,200,11,1
18548,201,11,1
18548,202,11,1
18550,45,11,1
18550,47,11,1
18550,75,11,1
18550,76,11,1
18559,16,11,1
18559,26,11,1
18559,35,11,1
18559,70,11,1
18559,79,11,1
18559,97,11,1
18559,106,11,1
18572,12,11,0
18572,32,11,0
18572,50,11,0
18572,71,11,0
18572,110,11,0
18572,147,11,0
18577,28,11,0
18577,46,11,0
18577,64,11,0
18577,84,11,0
18577,103,11,0
18577,123,11,0
18600,2,11,0
18600,19,11,0
18600,51,11,0
18600,68,12,0
18600,68,22,0
18600,85,11,0
18600,102,11,0
18600,136,11,0
18600,152,11,0
18617,7,11,0
18617,42,11,0
18617,61,11,0
18617,79,11,0
18617,132,11,0
18617,147,11,0
18630,11,11,1
18630,59,11,1
18630,106,11,1
18641,8,11,1
18641,19,11,1
18641,42,11,1
18641,65,11,1
18641,110,11,1
18652,15,11,1
18652,49,11,1
18652,73,11,1
18652,94,11,1
18652,138,11,1
18661,33,11,0
18661,50,11,0
18661,66,11,0
18661,83,13,0
18661,83,23,0
18661,83,33,0
18661,116,11,0
18661,132,11,0
18672,11,11,0
18672,27,11,0
18672,43,11,0
18672,60,11,0
18672,93,11,0
18672,110,11,0
18686,6,11,1
18686,25,11,1
18686,45,11,1
18686,63,11,1
18686,83,11,1
18686,141,11,1
18691,6,11,0
18691,25,11,0
18691,62,11,0
18691,103,11,0
18691,138,11,0
18706,65,11,0
18706,86,11,0
18706,113,11,0
18706,136,11,0
18706,185,11,0
18706,208,11,0
18724,128,11,1
18724,135,11,1
18724,158,11,1
18724,159,11,1
18724,160,11,1
18728,29,11,0
18728,30,11,0
18728,31,11,0
18728,32,11,0
18728,117,11,0
18728,118,11,0
18728,119,11,0
18728,120,11,0
18746,38,11,0
18746,39,11,0
18746,40,11,0
18746,119,11,0
18746,120,11,0
18746,122,11,0
18746,123,11,0
18746,124,11,0
18749,45,11,0
18749,47,11,0
18749,48,11,0
18749,151,11,0
18749,152,11,0
18749,153,11,0
18749,155,11,0
18749,156,11,0
18769,2,11,1
18769,4,11,1
18769,101,11,1
18769,102,11,1
18769,103,11,1
18769,104,11,1
18769,105,11,1
18769,106,11,1
18782,29,11,0
18782,47,11,0
18782,87,11,0
18782,124,11,0
18782,140,11,0
18782,160,11,0
18782,177,11,0
18810,13,11,0
18810,27,11,0
18810,40,11,0
18810,54,11,0
18810,95,11,0
18810,108,11,0
18819,42,11,1
18819,59,11,1
18819,92,11,1
18819,109,11,1
18836,1,11,0
18836,15,11,0
18836,46,11,0
18836,52,11,0
18836,58,11,0
18836,61,11,0
18845,19,11,0
18845,41,11,0
18845,85,11,0
18845,129,11,0
18845,149,11,0
18845,171,11,0
18877,13,11,0
18877,14,11,0
18877,15,11,0
18877,16,11,0
18877,85,11,0
18877,86,11,0
18877,87,11,0
18877,88,11,0
18882,9,11,1
18882,38,11,1
18882,39,11,1
18882,40,11,1
18882,41,11,1
18889,7,11,0
18889,30,11,0
18889,51,11,0
18889,94,11,0
18889,117,11,0
18889,179,11,0
18901,2,11,0
18901,21,11,0
18901,58,11,0
18901,77,11,0
18901,95,11,0
18901,111,11,0
18911,23,11,1
18911,47,11,1
18911,140,11,1
18911,186,11,1
18911,208,11,1
18914,31,11,0
18914,45,11,0
18914,77,11,0
18914,92,11,0
18925,20,11,1
18925,50,11,1
18964,9,11,1
18964,42,11,1
18964,57,11,1
18964,73,11,1
18965,64,11,0
18965,81,11,0
18965,99,11,0
18965,117,11,0
18965,132,11,0
18965,146,11,0
18969,20,11,0
18969,32,11,0
18969,47,11,0
18969,74,11,0
18969,87,11,0
18971,20,11,1
18971,69,11,1
18971,114,11,1
19006,3,11,0
19006,14,11,0
19006,34,11,0
19006,46,11,0
19006,57,11,0
19006,68,11,0
19010,5,11,0
19010,21,11,0
19010,37,11,0
19010,53,11,0
19010,69,11,0
19010,127,11,0
19027,21,11,0
19027,22,11,0
19027,23,11,0
19027,24,11,0
19027,93,11,0
19027,94,11,0
19027,95,11,0
19027,96,11,0
19040,13,11,1
19040,16,11,1
19040,262,11,1
19040,263,11,1
19040,264,11,1
19040,267,11,1
19040,268,11,1
19046,13,11,0
19046,28,11,0
19046,57,11,0
19046,86,11,0
19046,99,11,0
19046,130,11,0
19046,144,11,0
19046,159,11,0
19050,8,11,0
19050,30,11,0
19050,41,11,0
19050,62,11,0
19050,73,11,0
19050,82,11,0
19057,16,11,0
19057,25,11,0
19057,33,11,0
19057,44,11,0
19057,50,11,0
19057,59,11,0
19057,77,11,0
19057,83,11,0
19076,7,11,1
19076,31,11,1
19076,47,11,1
19076,56,11,1
19076,66,11,1
19083,35,11,0
19083,55,11,0
19083,89,11,0
19083,109,11,0
19083,127,11,0
19083,145,11,0
19093,3,11,0
19093,12,11,0
19093,50,11,0
19093,59,11,0
19093,68,11,0
19093,75,11,0
19125,21,11,0
19125,41,11,0
19125,56,11,0
19125,88,11,0
19125,107,11,0
19125,124,11,0
19131,9,11,1
19131,19,11,1
19131,38,11,1
19131,47,11,1
19131,57,11,1
19146,27,11,0
19146,28,11,0
19146,69,11,0
19146,71,11,0
19146,73,11,0
19146,74,11,0
19146,75,11,0
19153,9,11,1
19153,10,11,1
19153,11,11,1
19153,12,11,1
19153,141,11,1
19153,143,11,1
19153,149,11,1
19164,50,11,0
19164,51,11,0
19164,52,11,0
19164,119,11,0
19164,120,11,0
19164,121,11,0
19164,124,11,0
19164,125,11,0
19180,49,11,1
19180,51,11,1
19180,140,11,1
19180,142,11,1
19180,143,11,1
19180,144,11,1
19186,3,11,0
19186,15,11,0
19186,24,11,0
19186,36,11,0
19186,58,11,0
19186,66,11,0
19191,12,11,0
19191,27,11,0
19191,54,11,0
19191,69,11,0
19191,84,11,0
19191,99,11,0
19204,8,11,0
19204,21,11,0
19204,46,12,0
19204,46,22,0
19204,57,11,0
19204,68,11,0
19204,80,12,0
19204,80,22,0
19204,104,11,0
19204,115,11,0
19224,30,11,0
19224,47,11,0
19224,79,11,0
19224,96,11,0
19224,112,11,0
19224,129,11,0
19242,10,11,1
19242,36,11,1
19242,51,11,1
19242,65,11,1
19242,74,11,1
19242,121,11,1
19242,135,11,1
19249,3,11,0
19249,21,11,0
19249,76,11,0
19249,94,11,0
19249,112,11,0
19249,130,11,0
19267,5,12,0
19267,5,22,0
19267,19,11,0
19267,33,11,0
19267,46,11,0
19267,59,11,0
19267,71,11,0
19273,11,11,0
19273,33,11,0
19273,70,11,0
19273,88,11,0
19273,107,11,0
19273,125,11,0
19278,4,11,0
19278,44,11,0
19278,61,11,0
19278,103,11,0
19278,125,11,0
19278,141,11,0
19289,7,11,0
19289,52,11,0
19289,73,11,0
19289,96,11,0
19289,120,11,0
19289,143,11,0
19293,9,11,0
19293,32,11,0
19293,56,11,0
19293,102,11,0
19293,149,11,0
19308,17,11,0
19308,36,11,0
19308,74,11,0
19308,93,11,0
19308,113,11,0
19308,132,11,0
19322,4,11,0
19322,16,11,0
19322,40,11,0
19322,52,11,0
19322,64,11,0
19322,76,11,0
19332,1,11,0
19332,19,11,0
19332,36,11,0
19332,53,11,0
19332,71,11,0
19332,88,11,0
19350,11,11,1
19350,30,11,1
19350,67,11,1
19350,86,11,1
19350,105,11,1
19350,124,11,1
19370,18,11,1
19370,40,11,1
19370,83,11,1
19370,105,11,1
19370,127,11,1
19370,149,11,1
19377,3,11,1
19377,18,11,1
19377,39,11,1
19377,56,11,1
19377,92,11,1
19377,129,13,1
19377,129,23,1
19377,129,33,1
19391,21,11,0
19391,22,11,0
19391,23,11,0
19391,24,11,0
19391,93,11,0
19391,94,11,0
19391,95,11,0
19391,96,11,0
19403,115,11,0
19403,257,11,0
19403,258,11,0
19403,259,11,0
19403,260,11,0
19403,261,11,0
19403,262,11,0
19403,264,11,0
19410,149,11,1
19410,150,11,1
19410,152,11,1
19410,473,11,1
19410,474,11,1
19410,475,11,1
19410,476,11,1
19425,105,11,1
19425,106,11,1
19425,107,11,1
19425,108,11,1
19425,258,11,1
19425,259,11,1
19425,260,11,1
19425,261,11,1
19456,9,11,0
19456,24,11,0
19456,69,11,0
19456,84,11,0
19456,113,11,0
19456,128,11,0
19460,14,11,1
19460,48,11,1
19460,62,11,1
19460,81,11,1
19460,97,11,1
19460,146,11,1
19460,173,11,1
19464,10,11,0
19464,39,11,0
19464,75,11,0
19464,112,11,0
19464,131,11,0
19473,38,11,0
19473,91,11,0
19473,104,11,0
19473,116,11,0
19473,127,11,0
19492,20,11,0
19492,30,11,0
19492,53,11,0
19492,64,11,0
19492,75,11,0
19512,9,11,1
19512,22,11,1
19512,69,11,1
19534,18,11,1
19534,29,11,1
19534,42,11,1
19534,92,11,1
19543,18,11,0
19543,25,11,0
19543,26,11,0
19543,27,11,0
19543,37,11,0
19543,38,11,0
19543,99,11,0
19543,100,11,0
19559,54,11,0
19559,55,11,0
19559,132,11,0
19559,133,11,0
19559,135,11,0
19559,136,11,0
19559,138,11,0
19598,50,11,1
19598,52,11,1
19598,53,11,1
19598,55,11,1
19605,245,11,1
19605,248,11,1
19605,486,11,1
19605,494,11,1
19605,495,11,1
19605,505,11,1
19621,29,11,0
19621,37,11,0
19621,46,11,0
19621,72,11,0
19621,80,11,0
19621,89,11,0
19636,13,11,0
19636,57,11,0
19636,77,11,0
19636,143,11,0
19636,163,11,0
19636,186,11,0
19660,10,11,0
19660,29,11,0
19660,48,11,0
19660,67,11,0
19660,87,11,0
19660,106,11,0
19674,11,11,0
19674,33,11,0
19674,80,11,0
19674,102,11,0
19674,124,11,0
19674,147,12,0
19674,147,22,0
19683,19,11,1
19683,45,11,1
19683,58,11,1
19683,85,11,1
19683,97,11,1
19688,54,11,1
19688,83,11,1
19688,95,11,1
19688,111,11,1
19699,3,11,0
19699,46,11,0
19699,61,11,0
19699,75,11,0
19699,90,11,0
19699,105,11,0
19699,118,11,0
19699,133,11,0
19703,18,11,0
19703,19,11,0
19703,20,11,0
19703,110,11,0
19703,111,11,0
19703,113,11,0
19703,114,11,0
19703,115,11,0
19717,45,11,1
19717,46,11,1
19717,48,11,1
19717,127,11,1
19717,136,11,1
19717,137,11,1
19717,138,11,1
19717,139,11,1
19721,10,11,0
19721,29,11,0
19721,67,11,0
19721,87,11,0
19721,107,12,0
19721,107,22,0
19721,150,12,0
19721,181,11,0
19721,194,11,0
19736,5,11,0
19736,29,11,0
19736,50,11,0
19736,84,11,0
19736,98,11,0
19742,41,11,0
19742,87,11,0
19742,109,11,0
19742,134,11,0
19742,157,12,0
19742,157,22,0
19756,19,11,1
19756,34,11,1
19756,66,11,1
19756,81,11,1
19756,96,11,1
19782,11,11,0
19782,24,11,0
19782,37,11,0
19782,59,11,0
19782,77,11,0
19782,102,11,0
19784,29,11,0
19784,50,11,0
19784,69,11,0
19784,87,11,0
19784,107,11,0
19784,144,11,0
19795,7,11,1
19795,28,11,1
19795,70,11,1
19795,92,11,1
19795,113,11,1
19795,135,11,1
19814,6,11,0
19814,7,11,0
19814,8,11,0
19814,104,11,0
19814,105,11,0
19814,106,11,0
19814,107,11,0
19814,108,11,0
19819,115,11,1
19819,246,11,1
19819,247,11,1
19819,248,11,1
19819,249,11,1
19819,251,11,1
19841,4,11,0
19841,18,11,0
19841,27,11,0
19841,37,11,0
19841,49,11,0
19841,60,11,0
19861,2,11,0
19861,29,11,0
19861,45,11,0
19861,55,11,0
19861,69,11,0
19864,28,11,0
19864,46,11,0
19864,82,11,0
19864,102,11,0
19864,139,11,0
19878,8,11,0
19878,25,11,0
19878,71,11,0
19878,85,11,0
19878,113,11,0
19878,134,11,0
19878,158,11,0
19884,10,11,0
19884,28,11,0
19884,76,11,0
19884,96,11,0
19891,4,11,0
19891,17,11,0
19891,45,11,0
19891,58,11,0
19891,71,11,0
19891,108,11,0
19891,121,11,0
19908,116,11,1
19908,139,11,1
19912,4,11,1
19912,22,11,1
19912,38,11,1
19912,51,11,1
19912,68,11,1
19928,45,11,0
19928,59,11,0
19928,74,11,0
19928,90,11,0
19928,120,11,0
19928,123,11,0
19929,43,11,0
19929,59,11,0
19929,73,11,0
19929,103,11,0
19929,116,11,0
19929,129,11,0
19958,9,11,1
19958,23,11,1
19958,39,11,1
19958,53,11,1
19958,67,11,1
19958,82,12,1
19958,82,22,1
19958,109,11,1
19958,123,11,1
19974,9,11,0
19974,27,11,0
19974,76,11,0
19974,104,11,0
19974,135,11,0
19974,153,11,0
19997,23,11,1
19997,74,11,1
19997,84,11,1
19997,91,11,1
20026,1,11,0
20026,11,11,0
20026,18,11,0
20026,25,11,0
20026,49,11,0
20026,64,11,0
20026,72,11,0
20026,80,11,0
20030,46,11,1
20030,47,11,1
20030,128,11,1
20030,131,11,1
20030,137,11,1
20030,138,11,1
20030,139,11,1
20048,3,11,0
20048,21,11,0
20048,58,11,0
20048,77,11,0
20048,115,11,0
20048,128,11,0
20048,142,11,0
20048,157,11,0
20049,37,11,0
20049,73,11,0
20049,92,11,0
20049,110,11,0
20049,129,11,0
20056,11,11,0
20056,30,11,0
20056,64,11,0
20056,82,11,0
20056,98,11,0
20056,116,11,0
20066,4,11,0
20066,19,11,0
20066,31,11,0
20066,54,11,0
20066,69,11,0
20066,81,11,0
20084,36,11,1
20084,58,12,1
20084,58,22,1
20084,81,11,1
20084,102,11,1
20084,121,11,1
20084,140,11,1
20109,5,11,0
20109,20,11,0
20109,44,11,0
20109,68,11,0
20109,79,11,0
20109,98,11,0
20140,13,11,0
20140,42,11,0
20140,58,11,0
20140,73,11,0
20140,88,11,0
20140,118,11,0
20146,28,11,1
20146,58,11,1
20146,89,11,1
20146,117,11,1
20146,127,11,1
20160,11,11,0
20160,26,11,0
20160,57,11,0
20160,72,11,0
20160,87,11,0
20160,102,11,0
20169,1,11,0
20169,2,11,0
20169,3,11,0
20169,70,11,0
20169,73,11,0
20169,74,11,0
20169,75,11,0
20169,76,11,0
20179,26,11,1
20179,27,11,1
20179,155,11,1
20179,156,11,1
20179,157,11,1
20179,158,11,1
20179,159,11,1
20179,160,11,1
20199,9,11,0
20199,28,11,0
20199,44,11,0
20199,61,11,0
20199,78,11,0
20199,125,11,0
20199,142,12,0
20199,142,22,0
20199,159,11,0
20201,17,11,0
20201,36,11,0
20201,70,11,0
20201,89,11,0
20201,107,11,0
20201,126,11,0
20215,43,11,0
20215,61,11,0
20215,78,11,0
20215,94,11,0
20215,110,11,0
20215,125,11,0
20215,140,11,0
20215,154,11,0
20219,2,11,0
20219,21,11,0
20219,42,11,0
20219,58,11,0
20219,77,11,0
20219,98,11,0
20228,12,11,0
20228,35,11,0
20228,80,11,0
20228,103,11,0
20228,125,11,0
20228,148,11,0
20239,4,11,0
20239,28,11,0
20239,39,13,0
20239,39,33,0
20239,63,11,0
20239,75,11,0
20239,86,11,0
20256,13,11,1
20256,47,11,1
20256,64,11,1
20256,81,11,1
20256,115,11,1
20262,6,11,1
20262,22,11,1
20262,39,11,1
20262,54,11,1
20262,87,11,1
20262,104,11,1
20273,25,11,1
20273,59,11,1
20273,76,11,1
20273,95,11,1
20273,144,11,1
20285,13,11,0
20285,17,11,0
20285,27,11,0
20285,35,11,0
20285,42,11,0
20285,44,11,0
20291,5,11,0
20291,21,11,0
20291,36,12,0
20291,36,22,0
20291,49,11,0
20291,104,11,0
20291,121,11,0
20313,1,11,1
20313,21,11,1
20313,60,11,1
20313,80,11,1
20313,99,11,1
20313,119,11,1
20323,85,11,0
20323,86,11,0
20323,87,11,0
20323,252,11,0
20323,253,11,0
20323,254,11,0
20323,255,11,0
20323,256,11,0
20359,17,11,1
20359,18,11,1
20359,19,11,1
20359,20,11,1
20359,58,11,1
20359,59,11,1
20533,12,11,1
20533,31,11,1
20533,68,11,1
20533,87,11,1
20533,107,11,1
20533,144,11,1
20591,69,11,0
20591,70,11,0
20591,71,11,0
20591,72,11,0
20591,161,11,0
20591,162,11,0
20591,163,11,0
20591,164,11,0
20594,43,11,0
20594,64,11,0
20594,87,11,0
20594,110,11,0
20594,135,11,0
20594,157,11,0
20602,9,11,0
20602,10,11,0
20602,11,11,0
20602,12,11,0
20602,85,11,0
20602,86,11,0
20602,87,11,0
20602,88,11,0
20603,1,11,0
20603,2,11,0
20603,3,11,0
20603,31,11,0
20603,32,11,0
20603,41,11,0
20603,42,11,0
20603,43,11,0
20604,1,11,1
20604,2,11,1
20604,3,11,1
20604,4,11,1
20604,109,11,1
20604,110,11,1
20604,111,11,1
20604,112,11,1
20605,33,11,1
20605,35,11,1
20605,36,11,1
20605,106,11,1
20605,108,11,1
20605,109,11,1
20605,112,11,1
20610,11,11,0
20610,49,11,0
20610,70,11,0
20610,90,11,0
20610,109,11,0
20610,134,11,0
20615,1,11,1
20615,15,11,1
20615,30,11,1
20615,44,11,1
20615,58,11,1
20615,87,11,1
20620,13,11,1
20620,28,11,1
20620,73,11,1
20620,89,11,1
20620,103,12,1
20620,103,22,1
20641,145,11,0
20641,146,11,0
20641,148,11,0
20641,341,12,0
20641,341,22,0
20641,342,11,0
20641,343,11,0
20641,344,11,0
20641,345,11,0
20658,1,11,0
20658,13,11,0
20658,26,11,0
20658,36,11,0
20658,43,11,0
20658,94,11,0
20665,13,11,0
20665,14,11,0
20665,15,11,0
20665,16,11,0
20665,93,11,0
20665,94,11,0
20665,99,11,0
20665,101,11,0
20726,49,11,1
20726,50,11,1
20726,51,11,1
20726,52,11,1
20726,101,11,1
20726,103,11,1
20726,104,11,1
20730,1,11,0
20730,14,11,0
20730,29,11,0
20730,54,11,0
20730,94,11,0
20730,108,11,0
20731,1,11,0
20731,8,11,0
20731,25,11,0
20731,33,11,0
20731,41,11,0
20731,49,11,0
20731,65,11,0
20731,73,11,0
20748,37,11,1
20748,39,11,1
20748,40,11,1
20748,75,11,1
20748,76,11,1
20748,77,11,1
20748,78,11,1
20748,79,11,1
20749,17,11,0
20749,18,11,0
20749,19,11,0
20749,20,11,0
20749,74,11,0
20749,76,11,0
20749,78,11,0
20749,79,11,0
20750,16,11,0
20750,31,11,0
20750,63,11,0
20750,77,11,0
20750,92,11,0
20750,108,11,0
20751,18,11,1
20751,36,11,1
20751,41,11,1
20751,47,11,1
20753,10,11,0
20753,35,11,0
20753,46,11,0
20753,59,11,0
20753,82,11,0
20753,94,11,0
20760,5,11,0
20760,24,11,0
20760,51,11,0
20760,69,11,0
20760,97,11,0
20760,130,11,0
20762,25,11,0
20762,30,11,0
20762,43,11,0
20762,49,11,0
20762,56,11,0
20763,22,11,0
20763,55,11,0
20763,88,11,0
20763,104,11,0
20763,120,11,0
20763,135,11,0
20813,14,11,0
20813,29,11,0
20813,58,11,0
20813,72,11,0
20813,87,11,0
20813,101,11,0
20813,145,11,0
20824,23,11,0
20824,71,11,0
20824,72,11,0
20824,74,11,0
20824,75,11,0
20824,76,11,0
20824,77,11,0
20825,17,11,0
20825,18,11,0
20825,19,11,0
20825,20,11,0
20825,87,11,0
20825,89,11,0
20825,102,11,0
20825,110,11,0
20830,21,11,0
20830,29,11,0
20830,37,11,0
20830,45,11,0
20830,60,11,0
20830,68,11,0
20830,76,11,0
20830,84,11,0
20831,5,11,0
20831,26,11,0
20831,38,11,0
20831,58,11,0
20831,75,11,0
20831,106,11,0
20850,7,11,0
20850,96,11,0
20850,109,11,0
20850,130,11,0
20850,150,11,0
21015,3,11,0
21015,17,11,0
21015,30,11,0
21015,57,11,0
21015,71,11,0
21015,86,11,0
15012,10,11,0
15012,20,11,0
15012,29,11,0
15012,38,11,0
15012,47,11,0
15012,64,11,0
15023,34,11,1
15023,59,11,1
15023,83,11,1
15023,95,11,1
15023,119,11,1
15043,20,11,0
15043,42,11,0
15043,64,11,0
15043,86,11,0
15043,108,11,0
15043,149,11,0
15054,10,11,0
15054,29,11,0
15054,47,11,0
15054,103,11,0
15054,140,11,0
15054,159,11,0
15060,7,11,0
15060,28,11,0
15060,49,11,0
15060,70,11,0
15060,91,11,0
15060,112,11,0
15071,2,11,1
15071,20,11,1
15071,32,11,1
15071,117,11,1
15071,131,11,1
15087,65,11,0
15087,156,11,0
15087,157,11,0
15087,158,11,0
15087,165,11,0
15087,166,11,0
15087,167,11,0
15087,168,11,0
15089,12,11,0
15089,37,11,0
15089,49,11,0
15089,73,11,0
15089,96,11,0
15089,120,11,0
15089,130,11,0
15089,142,11,0
15123,72,11,0
15123,218,11,0
15123,219,11,0
15123,220,11,0
15123,221,11,0
15123,222,11,0
15123,223,11,0
15123,224,11,0
15129,81,11,0
15129,82,11,0
15129,83,11,0
15129,84,11,0
15129,212,11,0
15129,213,11,0
15129,214,11,0
15129,215,11,0
15140,61,11,1
15140,62,11,1
15140,63,11,1
15140,64,11,1
15140,143,11,1
15140,144,11,1
15140,146,11,1
15140,150,11,1
15146,1,11,0
15146,2,11,0
15146,3,11,0
15146,4,11,0
15146,25,11,0
15146,26,11,0
15146,27,11,0
15146,28,11,0
15156,22,11,0
15156,23,11,0
15156,24,11,0
15156,99,11,0
15156,100,11,0
15156,101,11,0
15156,102,11,0
15156,103,11,0
15162,181,11,1
15162,183,11,1
15162,397,11,1
15162,398,11,1
15162,400,11,1
15177,43,11,1
15177,105,11,1
15177,107,11,1
15177,108,11,1
15210,20,11,0
15210,51,11,0
15210,68,11,0
15210,85,11,0
15210,116,11,0
15210,133,11,0
15211,8,11,0
15211,33,11,0
15211,58,11,0
15211,106,11,0
15211,131,11,0
15211,156,11,0
15218,1,11,0
15218,21,11,0
15218,59,11,0
15218,72,11,0
15218,98,11,0
15218,111,11,0
15237,8,11,1
15237,35,11,1
15237,47,11,1
15237,74,11,1
15237,87,11,1
15237,111,11,1
15240,1,11,1
15240,9,11,1
15240,36,11,1
15240,43,11,1
15240,53,11,1
15246,11,11,0
15246,34,11,0
15246,57,11,0
15246,103,11,0
15246,127,11,0
15246,149,11,0
15250,16,11,0
15250,56,11,0
15250,76,11,0
15250,97,11,0
15250,118,11,0
15250,139,11,0
15273,6,11,0
15273,7,11,0
15273,8,11,0
15273,82,11,0
15273,84,11,0
15273,85,11,0
15273,86,11,0
15273,88,11,0
15292,20,11,0
15292,45,11,0
15292,71,11,0
15292,96,11,0
15292,147,11,0
15292,172,11,0
15299,4,11,1
15299,31,11,1
15299,45,11,1
15299,59,11,1
15299,73,11,1
15299,87,11,1
15309,13,11,0
15309,29,11,0
15309,46,11,0
15309,61,11,0
15309,110,11,0
15309,128,11,0
15340,3,11,0
15340,15,11,0
15340,50,11,0
15340,76,11,0
15340,88,11,0
15340,111,11,0
15340,123,11,0
15340,135,11,0
15343,33,11,0
15343,34,11,0
15343,35,11,0
15343,121,11,0
15343,129,11,0
15343,130,11,0
15343,132,11,0
15343,133,11,0
15355,9,11,0
15355,11,11,0
15355,12,11,0
15355,54,11,0
15355,55,11,0
15355,56,11,0
15355,57,11,0
15355,58,11,0
15358,5,11,0
15358,7,11,0
15358,8,11,0
15358,15,11,0
15358,18,11,0
15358,22,11,0
15358,23,11,0
15358,29,11,0
15377,49,11,1
15377,51,11,1
15377,169,11,1
15377,172,11,1
15377,175,11,1
15385,13,11,1
15385,42,11,1
15385,43,11,1
15385,44,11,1
15385,45,11,1
15385,49,11,1
15385,54,11,1
15385,56,11,1
15394,3,11,0
15394,31,11,0
15394,64,11,0
15394,81,11,0
15394,96,11,0
15394,112,11,0
15428,4,11,0
15428,17,11,0
15428,31,11,0
15428,45,11,0
15428,59,11,0
15428,88,11,0
15443,2,11,0
15443,41,11,0
15443,59,11,0
15443,92,11,0
15443,109,11,0
15443,126,11,0
15446,12,11,1
15446,58,11,1
15446,74,11,1
15446,89,11,1
15446,105,11,1
15446,120,11,1
15464,41,11,0
15464,42,11,0
15464,43,11,0
15464,44,11,0
15464,121,11,0
15464,122,11,0
15464,123,11,0
15464,124,11,0
15467,15,11,0
15467,28,11,0
15467,38,11,0
15467,51,11,0
15467,63,11,0
15467,75,11,0
15467,110,11,0
15467,121,11,0
15497,101,11,0
15497,102,11,0
15497,103,11,0
15497,104,11,0
15497,181,11,0
15497,182,11,0
15497,183,11,0
15497,184,11,0
15502,13,11,1
15502,15,11,1
15502,16,11,1
15502,89,11,1
15502,90,11,1
15502,93,11,1
15506,11,11,1
15506,28,11,1
15506,42,11,1
15506,57,11,1
15506,72,11,1
15506,87,11,1
15506,147,11,1
15514,9,11,0
15514,10,11,0
15514,11,11,0
15514,12,11,0
15514,117,11,0
15514,118,11,0
15514,119,11,0
15514,120,11,0
15522,41,11,1
15522,42,11,1
15522,43,11,1
15522,44,11,1
15522,97,11,1
15522,98,11,1
15522,99,11,1
15522,100,11,1
15534,11,11,0
15534,74,11,0
15534,95,11,0
15534,115,11,0
15534,158,11,0
15563,8,11,0
15563,27,11,0
15563,47,11,0
15563,64,11,0
15563,85,11,0
15563,104,11,0
15579,1,11,0
15579,24,11,0
15579,27,11,0
15579,46,11,0
15579,53,11,0
15579,59,11,0
15583,31,11,0
15583,49,11,0
15583,68,11,0
15583,87,11,0
15583,125,11,0
15595,26,11,0
15595,44,11,0
15595,99,11,0
15595,117,11,0
15595,135,11,0
15617,13,11,1
15617,27,11,1
15617,54,11,1
15617,68,11,1
15617,81,11,1
15617,94,11,1
15618,15,11,1
15618,65,11,1
15634,18,11,1
15634,49,11,1
15634,63,11,1
15634,105,11,1
15634,120,11,1
15647,5,11,1
15647,26,11,1
15647,47,11,1
15647,107,11,1
15647,168,11,1
15647,207,11,1
15663,8,11,0
15663,26,11,0
15663,45,11,0
15663,60,11,0
15663,98,11,0
15663,105,11,0
15667,39,11,0
15667,51,11,0
15667,68,11,0
15667,83,11,0
15667,99,11,0
15676,27,11,0
15676,41,11,0
15676,63,11,0
15676,100,11,0
15676,118,11,0
15676,133,11,0
15686,5,11,0
15686,20,11,0
15686,42,11,0
15686,52,11,0
15686,72,11,0
15686,92,11,0
15694,21,11,1
15694,28,11,1
15694,42,11,1
15694,48,11,1
15694,55,11,1
15702,12,11,1
15702,31,11,1
15702,49,11,1
15702,85,11,1
15717,10,11,0
15717,22,11,0
15717,45,11,0
15717,68,11,0
15717,77,11,0
15741,21,11,0
15741,22,11,0
15741,23,11,0
15741,178,11,0
15741,179,11,0
15741,181,11,0
15741,182,11,0
15741,184,11,0
15755,29,11,1
15755,30,11,1
15755,31,11,1
15755,32,11,1
15755,115,11,1
15755,116,11,1
15755,117,11,1
15755,118,11,1
15757,5,11,0
15757,6,11,0
15757,7,11,0
15757,94,11,0
15757,95,11,0
15757,96,11,0
15757,97,11,0
15757,98,11,0
15765,5,11,0
15765,13,11,0
15765,23,11,0
15765,46,11,0
15765,59,11,0
15765,68,11,0
15765,76,11,0
15765,88,11,0
15796,4,11,0
15796,41,11,0
15796,78,11,0
15796,88,11,0
15796,98,11,0
15808,37,11,0
15808,57,11,0
15808,95,11,0
15808,115,11,0
15808,136,11,0
15808,155,11,0
15810,3,11,1
15810,44,11,1
15810,70,11,1
15810,96,11,1
15810,122,11,1
15810,132,11,1
15818,8,11,1
15818,32,11,1
15818,43,11,1
15818,67,11,1
15818,91,11,1
15818,116,11,1
15833,8,11,0
15833,29,11,0
15833,50,11,0
15833,70,11,0
15833,114,11,0
15833,135,11,0
15858,6,11,0
15858,30,11,0
15858,83,11,0
15858,159,11,0
15858,184,11,0
15858,209,11,0
15864,13,11,1
15864,43,11,1
15864,57,11,1
15864,73,11,1
15864,84,11,1
15864,114,11,1
15873,3,11,0
15873,10,11,0
15873,18,11,0
15873,25,11,0
15873,39,11,0
15873,47,11,0
15873,60,11,0
15873,74,11,0
15891,13,11,0
15891,14,11,0
15891,15,11,0
15891,16,11,0
15891,70,11,0
15891,71,11,0
15891,72,11,0
15891,73,11,0
15903,1,11,0
15903,2,11,0
15903,4,11,0
15903,62,11,0
15903,63,11,0
15903,64,11,0
15903,65,11,0
15903,66,11,0
15905,11,11,1
15905,12,11,1
15905,29,11,1
15905,30,11,1
15905,33,11,1
15905,36,11,1
15905,37,11,1
15908,89,11,0
15908,92,11,0
15908,170,11,0
15908,171,11,0
15908,172,11,0
15908,173,11,0
15908,174,11,0
15908,177,11,0
15936,5,11,0
15936,8,11,0
15936,143,11,0
15936,144,11,0
15936,147,11,0
15936,150,11,0
15936,151,11,0
15936,152,11,0
15939,4,11,1
15939,24,11,1
15939,31,11,1
15939,75,11,1
15939,90,11,1
15939,104,11,1
15939,125,11,1
15939,180,11,1
15942,29,11,1
15942,31,11,1
15942,97,11,1
15942,107,11,1
15942,110,11,1
15955,18,11,0
15955,35,11,0
15955,70,11,0
15955,87,11,0
15955,106,11,0
15955,134,11,0
15955,152,11,0
15961,14,11,0
15961,31,11,0
15961,46,11,0
15961,63,11,0
15961,80,11,0
15961,113,11,0
15989,33,11,0
15989,51,11,0
15989,68,11,0
15989,105,11,0
15989,124,11,0
15989,140,11,0
16003,8,11,0
16003,27,11,0
16003,45,11,0
16003,62,11,0
16003,77,11,0
16003,110,11,0
16011,11,11,1
16011,47,11,1
16011,64,11,1
16011,82,11,1
16011,117,11,1
16013,11,11,1
16013,46,11,1
16013,62,11,1
16013,79,11,1
16013,114,11,1
16013,132,11,1
16015,4,11,0
16015,20,11,0
16015,48,11,0
16015,63,11,0
16015,77,11,0
16015,92,11,0
16047,50,11,0
16047,51,11,0
16047,52,11,0
16047,153,11,0
16047,154,11,0
16047,155,11,0
16047,157,11,0
16047,158,11,0
16058,341,11,0
16058,342,11,0
16058,343,11,0
16058,344,11,0
16058,827,11,0
16058,828,11,0
16058,829,11,0
16058,830,11,0
16075,6,11,0
16075,11,11,0
16075,18,11,0
16075,24,11,0
16075,30,11,0
16075,35,11,0
16075,52,11,0
16075,58,11,0
16076,77,11,0
16076,78,11,0
16076,185,11,0
16076,186,11,0
16076,187,11,0
16076,188,11,0
16076,189,11,0
16076,190,11,0
16088,85,11,0
16088,86,11,0
16088,186,11,0
16088,188,11,0
16088,189,11,0
16088,191,11,0
16088,192,11,0
16088,193,11,0
16108,37,11,1
16108,38,11,1
16108,39,11,1
16108,40,11,1
16108,117,11,1
16108,118,11,1
16108,119,11,1
16108,120,11,1
16116,450,11,1
16116,451,11,1
16116,452,11,1
16116,942,11,1
16116,943,11,1
16116,944,11,1
16116,945,11,1
16120,61,11,1
16120,62,11,1
16120,63,11,1
16120,64,11,1
16120,202,11,1
16120,203,11,1
16120,204,11,1
16139,65,11,0
16139,66,11,0
16139,67,11,0
16139,68,11,0
16139,153,11,0
16139,154,11,0
16139,155,11,0
16139,157,11,0
16140,13,11,0
16140,14,11,0
16140,15,11,0
16140,16,11,0
16140,157,11,0
16140,158,11,0
16140,159,11,0
16140,160,11,0
16174,25,11,0
16174,53,11,0
16174,100,11,0
16174,125,11,0
16174,150,11,0
16174,174,11,0
16181,5,11,0
16181,16,11,0
16181,39,11,0
16181,51,11,0
16181,62,11,0
16181,74,11,0
16181,98,11,0
16181,108,11,0
16202,50,11,0
16202,61,11,0
16202,81,11,0
16202,102,11,0
16202,123,12,0
16202,123,22,0
16202,141,11,0
16213,30,11,0
16213,52,11,0
16213,73,11,0
16213,96,11,0
16213,165,11,0
16225,17,11,0
16225,44,11,0
16225,121,11,0
16225,154,11,0
16225,178,11,0
16230,1,11,0
16230,19,11,0
16230,35,11,0
16230,69,11,0
16230,105,13,0
16230,105,23,0
16230,105,33,0
16245,11,11,0
16245,26,11,0
16245,53,11,0
16245,67,11,0
16245,80,11,0
16245,94,11,0
16254,57,11,0
16254,75,11,0
16254,87,11,0
16254,103,11,0
16254,115,11,0
16254,129,11,0
16254,155,11,0
16262,1,11,0
16262,17,11,0
16262,48,11,0
16262,64,11,0
16262,80,11,0
16262,96,11,0
16283,75,11,1
16283,131,11,1
16283,168,11,1
16299,43,11,1
16299,56,11,1
16299,71,11,1
16304,71,11,1
16304,83,11,1
16304,94,11,1
16307,20,11,1
16307,30,11,1
16307,86,11,1
16307,97,11,1
16307,106,11,1
16336,11,11,0
16336,49,11,0
16336,89,11,0
16336,108,11,0
16336,127,11,0
16336,165,11,0
16351,46,11,0
16351,73,11,0
16351,89,11,0
16351,114,11,0
16351,130,11,0
16370,5,11,1
16370,49,11,1
16370,78,11,1
16380,9,11,1
16380,36,11,1
16380,49,11,1
16380,63,11,1
16380,144,11,1
16402,19,11,0
16402,47,11,0
16402,76,11,0
16402,89,11,0
16402,102,11,0
16402,117,11,0
16414,6,11,0
16414,39,11,0
16414,50,11,0
16414,62,11,0
16414,73,11,0
16418,5,11,1
16418,19,11,1
16418,62,11,1
16418,76,11,1
16430,25,11,0
16430,53,11,0
16430,84,11,0
16430,99,11,0
16430,112,11,0
16430,125,11,0
16438,16,11,0
16438,39,11,0
16438,53,11,0
16438,66,11,0
16438,78,11,0
16438,89,11,0
16438,101,11,0
16438,113,11,0
16440,45,11,0
16440,46,11,0
16440,47,11,0
16440,48,11,0
16440,165,11,0
16440,166,11,0
16440,169,11,0
16440,171,11,0
16447,1,11,0
16447,3,11,0
16447,4,11,0
16447,104,11,0
16447,105,11,0
16447,106,11,0
16447,110,11,0
16447,121,11,0
16481,1,11,0
16481,2,11,0
16481,3,11,0
16481,4,11,0
16481,57,11,0
16481,58,11,0
16481,60,11,0
16481,61,11,0
16487,45,11,1
16487,46,11,1
16487,48,11,1
16487,263,11,1
16487,264,11,1
16487,265,11,1
16487,267,11,1
16501,55,11,1
16501,56,11,1
16501,157,11,1
16501,158,11,1
16501,159,11,1
16501,160,11,1
16511,21,11,0
16511,22,11,0
16511,23,11,0
16511,24,11,0
16511,117,11,0
16511,118,11,0
16511,119,11,0
16511,120,11,0
16530,11,11,0
16530,22,11,0
16530,43,11,0
16530,54,11,0
16530,75,11,0
16530,87,11,0
16533,1,11,1
16533,27,11,1
16533,41,11,1
16533,54,11,1
16533,80,11,1
16533,105,11,1
16533,119,11,1
16552,15,11,0
16552,35,11,0
16552,75,11,0
16552,136,11,0
16552,157,11,0
16552,177,11,0
16558,32,11,1
16558,47,11,1
16558,82,11,1
16562,1,11,0
16562,10,11,0
16562,18,11,0
16562,59,11,0
16562,67,11,0
16562,74,11,0
16562,82,11,0
16562,87,11,0
16574,41,11,0
16574,42,11,0
16574,43,11,0
16574,184,11,0
16574,185,11,0
16574,186,11,0
16574,187,11,0
16574,188,11,0
16588,6,11,0
16588,17,11,0
16588,23,11,0
16588,31,11,0
16588,47,11,0
16588,54,11,0
16588,72,11,0
16588,99,11,0
16603,13,11,0
16603,14,11,0
16603,15,11,0
16603,16,11,0
16603,47,11,0
16603,48,11,0
16603,49,11,0
16603,51,11,0
16606,30,11,1
16606,31,11,1
16606,72,11,1
16606,73,11,1
16606,74,11,1
16606,75,11,1
16606,76,11,1
16607,29,11,0
16607,30,11,0
16607,31,11,0
16607,32,11,0
16607,168,11,0
16607,174,11,0
16607,175,11,0
16607,176,11,0
16610,33,11,0
16610,34,11,0
16610,35,11,0
16610,36,11,0
16610,115,11,0
16610,116,11,0
16610,117,11,0
16610,118,11,0
16637,21,11,1
16637,24,11,1
16637,90,11,1
16637,91,11,1
16637,92,11,1
16637,96,11,1
16671,37,11,0
16671,53,11,0
16671,69,11,0
16671,86,12,0
16671,86,22,0
16671,102,11,0
16671,131,11,0
16690,5,11,0
16690,14,11,0
16690,23,11,0
16690,32,11,0
16690,41,11,0
16690,50,11,0
16707,1,11,1
16707,37,11,1
16707,91,11,1
16707,108,11,1
16707,126,11,1
16707,143,11,1
16707,164,11,1
16720,9,11,0
16720,29,11,0
16720,69,11,0
16720,89,11,0
16720,129,11,0
16720,149,11,0
16733,7,11,0
16733,50,11,0
16733,93,11,0
16733,137,11,0
16733,159,11,0
16733,178,11,0
16748,2,11,1
16748,37,11,1
16748,49,11,1
16748,62,11,1
16748,74,11,1
16749,29,11,1
16749,45,11,1
16749,61,11,1
16749,77,11,1
16749,94,11,1
16749,126,11,1
16761,21,11,0
16761,22,11,0
16761,23,11,0
16761,152,11,0
16761,153,11,0
16761,154,11,0
16761,155,11,0
16761,156,11,0
16783,57,11,0
16783,59,11,0
16783,60,11,0
16783,132,11,0
16783,140,11,0
16783,141,11,0
16783,142,11,0
16783,143,11,0
16795,17,11,0
16795,18,11,0
16795,19,11,0
16795,20,11,0
16795,54,11,0
16795,55,11,0
16795,56,11,0
16795,57,11,0
16796,13,11,0
16796,15,11,0
16796,47,11,0
16796,49,11,0
16796,50,11,0
16796,51,11,0
16796,52,11,0
16796,53,11,0
16805,125,11,1
16805,127,11,1
16805,128,11,1
16805,285,11,1
16805,286,11,1
16805,287,11,1
16805,289,11,1
16828,17,11,0
16828,19,11,0
16828,20,11,0
16828,118,11,0
16828,121,11,0
16828,124,11,0
16828,125,11,0
16828,127,11,0
16830,181,11,1
16830,182,11,1
16830,184,11,1
16830,597,11,1
16830,598,11,1
16830,599,11,1
16830,600,11,1
16849,11,11,0
16849,26,11,0
16849,42,11,0
16849,73,11,0
16849,89,11,0
16849,135,11,0
16849,150,11,0
16849,165,11,0
16866,2,11,0
16866,19,11,0
16866,36,11,0
16866,54,11,0
16866,71,11,0
16866,89,11,0
16866,140,11,0
16875,10,11,0
16875,25,11,0
16875,52,11,0
16875,96,11,0
16875,106,11,0
16875,117,11,0
16884,3,11,0
16884,16,11,0
16884,29,11,0
16884,44,11,0
16884,57,11,0
16884,70,11,0
16908,4,11,1
16908,16,11,1
16908,67,11,1
16908,78,11,1
16908,104,11,1
16914,10,11,1
16914,24,11,1
16914,38,12,1
16914,38,22,1
16914,66,11,1
16914,80,11,1
16914,95,11,1
16914,121,11,1
16927,23,11,1
16927,39,11,1
16927,56,11,1
16927,72,11,1
16927,89,11,1
16927,104,11,1
16939,13,11,0
16939,65,11,0
16939,90,11,0
16939,116,11,0
16939,142,11,0
16939,168,11,0
16951,5,11,0
16951,21,11,0
16951,51,11,0
16951,67,11,0
16951,84,11,0
16951,100,11,0
16981,13,11,0
16981,27,11,0
16981,53,11,0
16981,67,11,0
16981,80,11,0
16981,94,11,0
16993,16,11,0
16993,34,11,0
16993,71,11,0
16993,90,11,0
16993,108,11,0
16993,127,11,0
17000,6,11,0
17000,23,11,0
17000,58,11,0
17000,75,11,0
17000,93,11,0
17000,110,11,0
17018,9,11,0
17018,25,11,0
17018,41,11,0
17018,56,11,0
17018,88,11,0
17018,118,11,0
17024,8,11,0
17024,25,11,0
17024,64,11,0
17024,83,11,0
17024,104,11,0
17024,123,11,0
17026,21,11,1
17026,38,11,1
17026,54,11,1
17026,71,12,1
17026,71,22,1
17026,104,11,1
17038,9,11,1
17038,28,11,1
17038,66,11,1
17038,104,11,1
17038,123,11,1
17048,8,11,1
17048,25,11,1
17048,60,11,1
17048,77,12,1
17048,77,22,1
17048,95,11,1
17048,111,11,1
17063,14,11,1
17063,31,11,1
17063,64,11,1
17063,81,11,1
17063,98,11,1
17063,119,11,1
17077,81,11,0
17077,82,11,0
17077,83,11,0
17077,84,11,0
17077,218,11,0
17077,219,11,0
17077,220,11,0
17077,221,11,0
17080,38,11,0
17080,39,11,0
17080,40,11,0
17080,103,11,0
17080,105,11,0
17080,106,11,0
17080,107,11,0
17080,108,11,0
17110,14,11,0
17110,38,11,0
17110,83,11,0
17110,107,11,0
17110,131,11,0
17113,17,11,0
17113,36,11,0
17113,77,11,0
17113,96,11,0
17113,116,11,0
17113,135,11,0
17113,174,11,0
17113,194,11,0
17116,6,11,0
17116,33,11,0
17116,50,11,0
17116,64,11,0
17116,78,11,0
17116,92,11,0
17116,134,11,0
17122,1,11,0
17122,10,11,0
17122,27,11,0
17122,60,11,0
17122,112,11,0
17122,143,11,0
17153,10,11,1
17153,24,11,1
17153,35,11,1
17153,50,11,1
17153,77,11,1
17153,90,11,1
17157,14,11,0
17157,34,11,0
17157,62,11,0
17157,79,11,0
17157,93,11,0
17157,108,11,0
17166,9,11,0
17166,24,11,0
17166,37,11,0
17166,83,11,0
17166,92,11,0
17166,103,11,0
17171,7,11,0
17171,21,11,0
17171,36,11,0
17171,67,11,0
17171,98,11,0
17171,110,11,0
17195,3,11,0
17195,16,11,0
17195,37,11,0
17195,52,11,0
17195,86,11,0
17198,8,11,1
17198,38,11,1
17198,52,11,1
17198,80,11,1
17198,107,11,1
17205,6,11,1
17205,21,11,1
17205,52,11,1
17205,67,11,1
17205,83,11,1
17205,98,11,1
17232,24,11,0
17232,44,11,0
17232,64,11,0
17232,84,11,0
17232,105,11,0
17232,125,11,0
17251,1,11,0
17251,16,11,0
17251,47,11,0
17251,60,11,0
17251,74,11,0
17251,89,11,0
17251,112,11,0
17251,125,11,0
17257,17,11,0
17257,18,11,0
17257,20,11,0
17257,54,11,0
17257,55,11,0
17257,56,11,0
17257,57,11,0
17257,71,11,0
17271,25,11,0
17271,26,11,0
17271,27,11,0
17271,28,11,0
17271,83,11,0
17271,84,11,0
17271,86,11,0
17271,93,11,0
17277,73,11,1
17277,74,11,1
17277,75,11,1
17277,76,11,1
17277,341,11,1
17277,342,11,1
17277,343,11,1
17277,344,11,1
17285,18,11,1
17285,19,11,1
17285,48,11,1
17285,50,11,1
17288,5,11,1
17288,13,11,1
17288,29,11,1
17288,38,11,1
17288,46,11,1
17288,54,11,1
17288,60,11,1
17288,68,11,1
17306,81,11,0
17306,82,11,0
17306,83,11,0
17306,190,11,0
17306,191,11,0
17306,193,11,0
17306,194,11,0
17306,195,11,0
17332,17,11,0
17332,37,11,0
17332,75,11,0
17332,94,11,0
17332,114,11,0
17332,133,11,0
17335,2,11,0
17335,21,11,0
17335,51,11,0
17335,73,11,0
17335,92,11,0
17335,110,11,0
17335,141,11,0
17335,159,11,0
17337,16,11,0
17337,35,11,0
17337,54,11,0
17337,75,11,0
17337,95,11,0
17337,117,11,0
17362,5,11,0
17362,42,11,0
17362,60,11,0
17362,80,11,0
17362,98,11,0
17362,117,11,0
17362,139,11,0
17371,6,11,0
17371,41,11,0
17371,59,11,0
17371,76,11,0
17371,129,11,0
17371,146,11,0
17371,180,11,0
17386,10,11,0
17386,27,11,0
17386,44,11,0
17386,78,11,0
17386,93,11,0
17386,111,11,0
17413,13,11,1
17413,27,11,1
17413,54,11,1
17413,68,11,1
17413,83,11,1
17420,3,11,1
17420,28,11,1
17420,42,11,1
17420,54,11,1
17420,67,11,1
17420,79,11,1
17420,118,11,1
17434,26,11,0
17434,40,11,0
17434,58,11,0
17434,66,11,0
17434,92,11,0
17434,107,11,0
17472,4,11,0
17472,32,11,0
17472,60,11,0
17472,85,11,0
17472,101,11,0
17477,10,11,0
17477,22,11,0
17477,57,11,0
17477,69,11,0
17477,81,11,0
17477,93,11,0
17485,10,11,1
17485,32,11,1
17485,56,11,1
17485,99,11,1
17485,116,11,1
17493,3,11,1
17493,13,11,1
17493,24,11,1
17493,45,11,1
17493,66,11,1
17509,21,11,1
17509,40,11,1
17509,58,11,1
17509,77,11,1
17509,98,11,1
17509,117,11,1
17515,15,11,0
17515,40,11,0
17515,87,11,0
17515,136,11,0
17515,162,11,0
17515,185,11,0
17517,12,11,0
17517,38,11,0
17517,75,11,0
17517,95,11,0
17517,116,11,0
17517,135,11,0
17534,21,11,1
17534,22,11,1
17534,23,11,1
17534,24,11,1
17534,101,11,1
17534,102,11,1
17534,103,11,1
17534,104,11,1
17553,73,11,0
17553,74,11,0
17553,208,11,0
17553,209,11,0
17553,210,11,0
17553,211,11,0
17553,212,11,0
17553,213,11,0
17555,37,11,0
17555,38,11,0
17555,39,12,0
17555,39,22,0
17555,40,11,0
17555,113,11,0
17555,114,11,0
17555,115,11,0
17555,121,11,0
17563,23,11,1
17563,24,11,1
17563,294,11,1
17563,295,11,1
17563,296,11,1
17563,297,11,1
17574,49,11,0
17574,125,11,0
17574,278,11,0
17574,356,11,0
17574,433,11,0
17574,510,11,0
17583,14,11,0
17583,34,11,0
17583,72,11,0
17583,91,11,0
17583,109,11,0
17583,124,11,0
17583,164,11,0
17583,183,11,0
17595,4,11,0
17595,18,11,0
17595,33,11,0
17595,46,11,0
17595,75,11,0
17595,89,11,0
17614,4,11,0
17614,23,11,0
17614,62,11,0
17614,82,11,0
17614,101,11,0
17614,121,11,0
17622,12,11,0
17622,24,11,0
17622,48,11,0
17622,60,11,0
17622,72,11,0
17622,84,11,0
17632,10,11,0
17632,30,12,0
17632,30,22,0
17632,69,11,0
17632,89,11,0
17632,108,11,0
17632,128,11,0
17634,31,11,1
17634,74,11,1
17634,89,11,1
17634,101,11,1
17634,117,11,1
17634,132,11,1
17643,7,11,1
17643,35,12,1
17643,35,22,1
17643,48,11,1
17643,62,11,1
17643,77,11,1
17643,91,11,1
17662,24,11,0
17662,41,11,0
17662,57,11,0
17662,91,11,0
17662,108,11,0
17662,122,11,0
17677,2,11,0
17677,17,11,0
17677,50,11,0
17677,61,11,0
17677,74,11,0
17677,91,11,0
17681,43,11,0
17681,64,11,0
17681,87,11,0
17681,133,11,0
17681,176,11,0
17696,4,11,0
17696,18,11,0
17696,45,11,0
17696,59,11,0
17696,75,11,0
17696,89,11,0
17711,27,11,0
17711,46,11,0
17711,85,11,0
17711,104,11,0
17711,124,11,0
17711,144,11,0
17728,9,11,1
17728,64,11,1
17728,91,11,1
17728,105,11,1
17728,118,11,1
17741,2,11,1
17741,14,11,1
17741,37,11,1
17741,48,11,1
17741,59,11,1
17741,71,11,1
17757,65,11,0
17757,66,11,0
17757,67,11,0
17757,68,11,0
17757,143,11,0
17757,144,11,0
17757,146,11,0
17757,147,11,0
17781,97,11,1
17781,98,11,1
17781,99,11,1
17781,100,11,1
17781,201,11,1
17781,202,11,1
17781,203,11,1
17781,204,11,1
17785,25,11,0
17785,26,11,0
17785,28,11,0
17785,145,11,0
17785,146,11,0
17785,147,11,0
17785,153,11,0
17785,155,11,0
17797,23,11,0
17797,49,11,0
17797,70,11,0
17797,86,11,0
17797,102,11,0
17797,131,11,0
17797,148,11,0
17800,1,11,0
17800,39,11,0
17800,78,11,0
17800,97,11,0
17800,150,11,0
17804,17,11,0
17804,35,11,0
17804,62,11,0
17804,77,11,0
17804,95,11,0
17835,7,11,0
17835,16,11,0
17835,24,11,0
17835,43,11,0
17835,64,11,0
17835,77,12,0
17835,77,22,0
17843,45,11,0
17843,58,11,0
17843,71,11,0
17846,2,11,0
17846,17,11,0
17846,46,11,0
17846,76,11,0
17846,93,11,0
17853,8,11,0
17853,27,11,0
17853,65,11,0
17853,105,11,0
17853,123,11,0
17853,160,11,0
17853,179,11,0
17863,33,11,1
17863,49,11,1
17863,95,11,1
17863,135,11,1
17883,3,11,0
17883,13,11,0
17883,21,11,0
17883,30,11,0
17883,48,11,0
17883,63,11,0
17893,14,11,0
17893,33,11,0
17893,54,11,0
17893,66,11,0
17893,95,11,0
17910,106,11,0
17910,192,11,0
17910,365,11,0
17910,451,11,0
17910,538,11,0
17910,626,11,0
17917,5,11,0
17917,47,11,0
17917,89,11,0
17917,111,11,0
17917,132,11,0
17918,6,11,0
17918,26,11,0
17918,42,11,0
17918,64,11,0
17918,85,11,0
17918,124,11,0
17932,35,11,0
17932,72,11,0
17932,108,11,0
17932,220,11,0
17932,258,11,0
17932,367,11,0
17956,12,11,0
17956,47,11,0
17956,64,11,0
17956,101,11,0
17956,120,11,0
17956,151,11,0
17963,9,11,0
17963,24,11,0
17963,51,11,0
17963,67,11,0
17963,83,11,0
17963,94,11,0
17963,125,11,0
17963,139,11,0
17965,3,11,0
17965,9,11,0
17965,20,11,0
17965,24,11,0
17965,41,11,0
17965,45,11,0
17975,9,11,0
17975,33,11,0
17975,80,11,0
17975,104,11,0
17975,128,11,0
17975,152,11,0
17994,2,11,0
17994,37,11,0
17994,69,11,0
17994,85,11,0
17994,131,11,0
17994,148,11,0
17997,1,11,0
17997,18,11,0
17997,53,11,0
17997,88,11,0
17997,106,11,0
17997,123,11,0
17997,157,11,0
18017,12,11,0
18017,36,11,0
18017,83,11,0
18017,112,11,0
18017,131,11,0
18046,17,11,0
18046,132,11,0
18068,4,11,0
18068,21,11,0
18068,42,11,0
18068,50,11,0
18068,58,11,0
18081,44,11,0
18081,56,11,0
18081,72,11,0
18081,102,11,0
18081,112,11,0
18084,23,11,0
18084,36,11,0
18084,49,11,0
18084,62,11,0
18084,90,11,0
18141,7,11,0
18141,23,11,0
18141,50,11,0
18141,72,11,0
18141,84,11,0
18141,109,11,0
18143,33,11,0
18143,45,11,0
18143,60,11,0
18143,76,11,0
18143,91,11,0
18148,4,11,0
18148,14,11,0
18148,21,11,0
18148,29,11,0
18148,35,11,0
18148,53,11,0
18168,8,11,0
18168,21,11,0
18168,28,11,0
18168,38,11,0
18168,76,11,0
18168,83,11,0
18176,8,11,1
18176,87,11,1
18176,133,11,1
18176,138,11,1
18179,15,11,1
18179,29,11,1
18179,43,11,1
18179,57,11,1
18179,72,11,1
18200,14,11,1
18200,50,11,1
18200,67,11,1
18200,82,11,1
18200,115,11,1
18211,7,11,1
18211,16,11,1
18211,18,11,1
18232,24,11,1
18232,62,11,1
18232,79,11,1
18232,131,11,1
18232,149,11,1
18243,4,11,1
18243,40,11,1
18243,52,11,1
18243,65,11,1
18243,77,11,1
18260,8,11,1
18260,16,11,1
18260,28,11,1
18260,48,11,1
18270,135,11,1
18270,160,11,1
18270,241,11,1
18274,7,11,0
18274,64,11,0
18274,83,11,0
18274,102,11,0
18274,121,11,0
18274,140,11,0
18299,9,11,1
18299,23,11,1
18299,44,11,1
18299,56,11,1
18299,68,11,1
18299,80,11,1
18304,19,11,0
18304,38,11,0
18304,77,13,0
18304,77,23,0
18304,77,33,0
18304,96,11,0
18304,115,11,0
18304,134,11,0
18320,32,11,0
18320,88,11,0
18320,123,11,0
18320,192,11,0
18320,405,11,0
18320,458,11,0
18323,21,11,1
18323,39,11,1
18323,61,11,1
18323,74,11,1
18323,102,11,1
18352,1,11,1
18352,18,11,1
18352,51,11,1
18352,70,12,1
18352,70,22,1
18352,87,11,1
18352,105,11,1
18357,11,11,1
18357,26,11,1
18357,50,11,1
18357,63,11,1
18357,76,11,1
18357,88,11,1
18361,12,11,0
18361,29,11,0
18361,46,11,0
18361,79,11,0
18361,99,11,0
18361,116,11,0
18362,15,11,0
18362,48,11,0
18362,66,11,0
18362,82,11,0
18362,113,11,0
18371,49,11,0
18371,63,11,0
18371,80,11,0
18371,110,11,0
18371,123,11,0
18371,132,11,0
18384,14,11,0
18384,29,11,0
18384,74,11,0
18384,104,11,0
18384,115,11,0
18403,10,11,0
18403,28,11,0
18403,46,11,0
18403,66,11,0
18403,84,11,0
18403,122,11,0
18414,8,11,0
18414,16,11,0
18414,32,11,0
18414,42,11,0
18414,50,11,0
18414,58,11,0
18433,15,11,1
18433,40,11,1
18433,89,11,1
18433,114,11,1
18433,139,11,1
18448,14,11,0
18448,30,11,0
18448,61,11,0
18448,77,11,0
18448,92,11,0
18448,108,11,0
18459,29,11,1
18459,51,11,1
18459,114,11,1
18477,20,11,1
18477,39,11,1
18477,119,11,1
18477,139,11,1
18487,16,11,1
18487,35,11,1
18487,52,11,1
18487,71,11,1
18487,108,11,1
18487,126,11,1
18493,14,11,1
18493,25,11,1
18493,83,11,1
18501,3,11,1
18501,16,11,1
18501,31,11,1
18501,59,11,1
18501,71,11,1
18501,84,11,1
18518,9,11,0
18518,10,11,0
18518,12,11,0
18518,69,11,0
18518,70,11,0
18518,73,11,0
18518,75,11,0
18518,81,11,0
18549,3,11,1
18549,9,11,1
18549,14,11,1
18549,19,11,1
18549,44,11,1
18549,50,11,1
18549,61,11,1
18549,64,11,1
18551,5,11,0
18551,16,11,0
18551,50,11,0
18551,59,11,0
18551,76,11,0
18551,85,11,0
18551,93,11,0
18551,101,11,0
18558,61,11,1
18558,64,11,1
18558,163,11,1
18558,164,11,1
18558,166,11,1
18558,167,11,1
18558,168,11,1
18561,17,11,1
18561,20,11,1
18561,26,11,1
18561,34,11,1
18592,11,11,0
18592,28,11,0
18592,50,11,0
18592,92,11,0
18592,115,11,0
18592,136,11,0
18597,12,11,0
18597,43,11,0
18597,59,11,0
18597,75,11,0
18597,91,11,0
18597,107,11,0
18597,155,11,0
18605,43,11,0
18605,72,11,0
18605,162,11,0
18605,191,11,0
18605,250,11,0
18615,35,11,0
18615,103,11,0
18615,206,11,0
18615,242,11,0
18615,275,11,0
18615,309,11,0
18621,8,11,0
18621,18,11,0
18621,39,11,0
18621,49,11,0
18621,60,11,0
18621,70,11,0
18645,3,11,1
18645,16,11,1
18645,39,11,1
18645,51,11,1
18645,64,11,1
18645,76,11,1
18651,7,11,1
18651,23,11,1
18651,38,11,1
18651,87,12,1
18651,101,11,1
18651,130,11,1
18651,146,11,1
18667,33,11,0
18667,75,11,0
18667,97,11,0
18667,118,11,0
18667,140,11,0
18676,17,11,0
18676,39,11,0
18676,82,11,0
18676,104,11,0
18676,129,11,0
18676,151,11,0
18681,27,11,0
18681,39,11,0
18681,51,11,0
18681,62,11,0
18681,86,11,0
18701,11,11,1
18701,26,11,1
18701,42,11,1
18701,101,11,1
18701,114,11,1
18701,128,11,1
18702,11,11,1
18702,44,11,1
18702,78,11,1
18702,99,11,1
18716,9,11,0
18716,10,11,0
18716,70,11,0
18716,71,11,0
18716,72,11,0
18716,81,11,0
18716,82,11,0
18725,73,11,0
18725,74,11,0
18725,75,11,0
18725,76,11,0
18725,205,11,0
18725,206,11,0
18725,207,11,0
18725,208,11,0
18734,34,11,0
18734,35,11,0
18734,36,11,0
18734,77,11,0
18734,79,11,0
18734,80,11,0
18734,81,11,0
18747,4,11,0
18747,16,11,0
18747,26,11,0
18747,32,11,0
18747,39,11,0
18747,50,11,0
18747,60,11,0
18756,87,11,0
18756,88,11,0
18756,224,11,0
18756,229,11,0
18756,230,11,0
18756,231,11,0
18756,232,11,0
18756,233,11,0
18763,25,11,1
18763,27,11,1
18763,28,11,1
18763,70,11,1
18763,71,11,1
18763,73,11,1
18784,2,11,0
18784,14,11,0
18784,41,11,0
18784,54,11,0
18784,70,11,0
18784,83,11,0
18806,43,11,0
18806,62,11,0
18806,79,11,0
18806,95,11,0
18806,112,11,0
18806,129,11,0
18826,30,11,1
18826,62,11,1
18826,139,11,1
18834,17,11,1
18834,83,11,1
18834,108,11,1
18834,131,11,1
18834,154,11,1
18841,34,11,0
18841,49,11,0
18841,64,11,0
18841,84,11,0
18841,100,11,0
18841,117,11,0
18856,12,11,0
18856,30,11,0
18856,46,11,0
18856,60,11,0
18856,78,11,0
18856,110,11,0
18871,9,11,0
18871,10,11,0
18871,12,11,0
18871,373,11,0
18871,374,11,0
18871,375,11,0
18871,376,11,0
18871,377,11,0
18878,13,11,1
18878,16,11,1
18878,76,11,1
18878,77,11,1
18878,79,11,1
18878,81,11,1
18878,82,11,1
18878,83,11,1
18893,6,11,0
18893,26,11,0
18893,73,11,0
18893,82,11,0
18893,93,11,0
18893,118,11,0
18910,61,11,0
18910,80,11,0
18910,100,11,0
18910,120,11,0
18931,7,11,0
18931,23,11,0
18931,56,11,0
18931,72,11,0
18931,87,11,0
18931,103,11,0
18932,3,11,1
18932,15,11,1
18932,51,11,1
18932,86,11,1
18932,97,11,1
18933,13,11,1
18933,27,11,1
18933,44,11,1
18933,74,11,1
18933,89,11,1
18933,105,11,1
18933,149,11,1
18933,165,11,1
18948,30,11,0
18948,66,11,0
18948,84,11,0
18948,101,11,0
18948,119,11,0
18948,137,11,0
18972,12,11,0
18972,38,11,0
18972,55,11,0
18972,87,11,0
18972,99,11,0
18972,115,11,0
18984,4,11,0
18984,16,11,0
18984,39,11,0
18984,51,11,0
18984,74,11,0
18986,14,11,0
18986,51,11,0
18986,73,11,0
18986,89,11,0
18986,107,11,0
18986,126,11,0
18992,6,11,1
18992,22,11,1
18992,55,11,1
18992,72,11,1
19019,20,11,0
19019,51,11,0
19019,61,11,0
19019,71,11,0
19019,94,11,0
19019,100,11,0
19019,108,11,0
19032,25,11,0
19032,26,11,0
19032,27,11,0
19032,28,11,0
19032,87,11,0
19032,88,11,0
19032,89,11,0
19032,90,11,0
19044,12,11,1
19044,24,11,1
19044,29,11,1
19044,37,11,1
19044,49,11,1
19044,52,11,1
19044,57,11,1
19044,71,11,1
19053,17,11,0
19053,30,11,0
19053,40,11,0
19053,70,11,0
19053,93,11,0
19053,106,11,0
19062,8,11,0
19062,20,11,0
19062,36,11,0
19062,49,11,0
19062,60,11,0
19062,70,11,0
19077,34,11,1
19077,45,11,1
19077,75,11,1
19095,7,11,0
19095,28,11,0
19095,36,11,0
19095,43,11,0
19095,49,11,0
19095,58,11,0
19108,6,11,1
19108,19,11,1
19108,30,11,1
19108,56,11,1
19108,92,11,1
19108,99,11,1
19119,5,11,0
19119,33,11,0
19119,46,11,0
19119,60,11,0
19119,74,11,0
19119,87,11,0
19128,10,11,0
19128,23,11,0
19128,37,11,0
19128,65,11,0
19128,77,11,0
19128,92,11,0
19155,21,11,0
19155,35,11,0
19155,75,11,0
19155,90,11,0
19155,113,11,0
19155,126,11,0
19155,150,11,0
19155,180,11,0
19160,37,11,0
19160,38,11,0
19160,39,11,0
19160,40,11,0
19160,121,11,0
19160,122,11,0
19160,123,11,0
19160,124,11,0
19175,9,11,1
19175,10,11,1
19175,12,11,1
19175,56,11,1
19175,58,11,1
19175,59,11,1
19175,60,11,1
19193,10,11,0
19193,29,11,0
19193,45,11,0
19193,61,11,0
19193,94,11,0
19193,116,11,0
19193,166,11,0
19200,14,11,0
19200,32,11,0
19200,64,11,0
19200,81,11,0
19200,99,11,0
19200,116,11,0
19216,16,11,0
19216,32,11,0
19216,65,11,0
19216,82,11,0
19216,98,11,0
19216,115,11,0
19228,20,11,1
19228,79,11,1
19228,96,11,1
19238,11,11,1
19238,27,11,1
19238,59,12,1
19238,59,22,1
19238,75,11,1
19238,91,11,1
19238,107,11,1
19251,4,11,0
19251,47,11,0
19251,66,11,0
19251,87,11,0
19251,109,11,0
19251,131,11,0
19258,29,11,0
19258,55,11,0
19258,79,11,0
19258,104,11,0
19258,152,11,0
19258,176,11,0
19283,3,11,0
19283,20,11,0
19283,36,11,0
19283,51,11,0
19283,86,11,0
19283,103,11,0
19304,3,11,0
19304,21,11,0
19304,37,11,0
19304,71,11,0
19304,89,11,0
19304,106,11,0
19313,17,11,1
19313,30,11,1
19313,87,11,1
19313,99,11,1
19327,27,11,0
19327,45,11,0
19327,83,11,0
19327,120,11,0
19327,139,11,0
19342,19,11,1
19342,69,12,1
19342,69,22,1
19342,86,11,1
19342,103,11,1
19343,3,11,0
19343,27,11,0
19343,65,11,0
19343,84,11,0
19343,122,11,0
19343,140,11,0
19349,7,11,0
19349,28,11,0
19349,62,11,0
19349,83,11,0
19349,103,11,0
19349,123,11,0
19355,5,11,0
19355,24,11,0
19355,43,11,0
19355,78,11,0
19355,97,11,0
19355,116,11,0
19366,15,11,1
19366,37,11,1
19366,80,11,1
19366,123,11,1
19366,145,11,1
19382,27,11,1
19382,33,11,1
19382,55,11,1
19382,65,11,1
19382,83,11,1
19389,33,11,0
19389,35,11,0
19389,36,11,0
19389,75,11,0
19389,76,11,0
19389,77,11,0
19389,79,11,0
19389,80,11,0
19395,5,11,0
19395,7,11,0
19395,8,11,0
19395,56,11,0
19395,57,11,0
19395,58,11,0
19395,59,11,0
19395,60,11,0
19404,73,11,1
19404,74,11,1
19404,75,11,1
19404,76,11,1
19404,165,11,1
19404,166,11,1
19404,167,11,1
19404,168,11,1
19407,37,11,0
19407,38,11,0
19407,39,11,0
19407,40,11,0
19407,301,11,0
19407,302,11,0
19407,303,11,0
19407,304,11,0
19412,1,11,1
19412,16,11,1
19412,31,11,1
19412,47,11,1
19412,62,11,1
19412,77,11,1
19412,92,11,1
19412,138,11,1
19447,50,11,0
19447,72,11,0
19447,86,11,0
19447,115,11,0
19454,26,11,0
19454,67,11,0
19454,80,11,0
19454,94,11,0
19454,118,11,0
19454,144,11,0
19475,17,11,0
19475,30,11,0
19475,42,11,0
19475,93,11,0
19485,4,11,0
19485,17,11,0
19485,31,11,0
19485,69,11,0
19485,84,11,0
19487,3,11,0
19487,41,11,0
19487,59,11,0
19487,78,11,0
19487,96,11,0
19487,147,11,0
19501,80,11,0
19501,102,11,0
19501,123,11,0
19501,145,11,0
19501,166,11,0
19523,9,11,1
19523,26,11,1
19523,60,11,1
19523,77,11,1
19523,93,11,1
19523,110,11,1
19524,10,11,1
19524,35,11,1
19524,51,11,1
19524,114,11,1
19536,17,11,1
19536,36,11,1
19536,79,11,1
19536,134,11,1
19536,154,11,1
19538,79,11,1
19538,161,11,1
19538,163,11,1
19538,165,11,1
19538,174,11,1
19538,176,11,1
19538,177,11,1
19545,21,11,0
19545,22,11,0
19545,23,11,0
19545,24,11,0
19545,79,11,0
19545,86,11,0
19545,87,11,0
19545,89,11,0
19556,42,11,0
19556,112,11,0
19556,122,11,0
19556,123,11,0
19556,124,11,0
19556,126,11,0
19556,127,11,0
19556,130,11,0
19564,2,11,0
19564,3,11,0
19564,4,11,0
19564,9,11,0
19564,11,11,0
19564,12,11,0
19564,26,11,0
19564,27,11,0
19566,175,11,0
19566,177,11,0
19566,178,11,0
19566,202,11,0
19566,203,11,0
19566,204,11,0
19566,213,11,0
19596,208,11,1
19596,444,11,1
19596,447,11,1
19596,449,11,1
19596,452,11,1
19607,31,11,1
19607,142,11,1
19607,145,11,1
19607,146,11,1
19607,148,11,1
19626,31,11,0
19626,44,11,0
19626,59,11,0
19626,73,11,0
19626,89,11,0
19626,104,11,0
19646,20,11,1
19646,34,11,1
19646,62,11,1
19646,77,11,1
19646,105,11,1
19649,16,11,0
19649,36,11,0
19649,50,11,0
19649,71,11,0
19649,79,11,0
19649,106,11,0
19662,6,11,0
19662,34,11,0
19662,73,11,0
19662,94,11,0
19662,115,11,0
19662,138,11,0
19667,12,11,0
19667,27,11,0
19667,60,11,0
19667,78,11,0
19667,94,11,0
19667,111,11,0
19679,41,11,1
19679,61,11,1
19679,123,11,1
19679,144,11,1
19679,184,11,1
19693,41,11,0
19693,43,11,0
19693,44,11,0
19693,87,11,0
19693,88,11,0
19693,91,11,0
19693,93,11,0
19693,95,11,0
19698,18,11,0
19698,19,11,0
19698,132,11,0
19698,133,11,0
19698,134,11,0
19698,135,11,0
19698,136,11,0
19698,138,11,0
19714,53,11,1
19714,112,11,1
19714,115,11,1
19714,118,11,1
19714,119,11,1
19714,122,11,1
19725,3,11,0
19725,19,11,0
19725,34,11,0
19725,66,11,0
19725,98,11,0
19725,115,11,0
19725,146,11,0
19758,4,11,0
19758,14,11,0
19758,27,11,0
19758,77,11,0
19758,102,11,0
19759,21,11,1
19759,39,11,1
19759,54,11,1
19759,90,12,1
19759,90,22,1
19761,17,11,1
19761,34,11,1
19761,84,11,1
19761,101,11,1
19761,168,11,1
19772,14,12,0
19772,14,22,0
19772,35,11,0
19772,54,11,0
19772,71,11,0
19772,110,11,0
19772,160,11,0
19773,33,11,0
19773,48,11,0
19773,66,11,0
19773,85,11,0
19773,122,11,0
19773,140,11,0
19790,3,11,1
19790,19,11,1
19790,35,11,1
19790,50,11,1
19790,83,11,1
19790,99,11,1
19802,77,11,0
19802,78,11,0
19802,79,11,0
19802,80,11,0
19802,209,11,0
19802,210,11,0
19802,211,11,0
19802,216,11,0
19806,33,11,0
19806,34,11,0
19806,76,11,0
19806,85,11,0
19806,86,11,0
19806,88,11,0
19806,89,11,0
19806,91,11,0
19825,7,11,0
19825,20,11,0
19825,33,11,0
19825,47,11,0
19825,61,11,0
19825,87,12,0
19825,87,22,0
19825,111,11,0
19834,16,11,0
19834,31,11,0
19834,47,11,0
19834,78,11,0
19834,90,11,0
19834,103,11,0
19857,17,11,0
19857,54,11,0
19857,73,11,0
19857,107,11,0
19857,130,11,0
19857,145,11,0
19865,8,11,0
19865,16,11,0
19865,37,11,0
19865,80,11,0
19865,95,11,0
19877,2,11,0
19877,56,11,0
19877,64,11,0
19877,76,11,0
19877,88,11,0
19889,5,11,0
19889,21,11,0
19889,40,11,0
19889,59,11,0
19889,116,11,0
19889,139,11,0
19897,10,11,0
19897,30,11,0
19897,60,11,0
19897,76,11,0
19897,91,11,0
19897,108,11,0
19900,7,11,0
19900,18,11,0
19900,30,11,0
19900,41,11,0
19900,75,11,0
19900,85,11,0
19939,3,11,1
19939,61,11,1
19939,73,11,1
19939,85,11,1
19949,4,11,1
19949,19,11,1
19949,49,11,1
19949,64,11,1
19971,21,11,1
19971,39,11,1
19971,59,11,1
19971,130,11,1
19971,172,11,1
19971,195,11,1
19980,14,11,1
19980,26,11,1
19980,55,11,1
19980,86,11,1
19980,101,11,1
19991,1,11,0
19991,38,11,0
19991,56,11,0
19991,75,11,0
19991,93,11,0
19991,130,11,0
20035,14,11,0
20035,123,11,0
20035,133,11,0
20035,138,11,0
20035,141,11,0
20035,145,11,0
20035,146,11,0
20035,147,11,0
20039,5,11,0
20039,7,11,0
20039,8,11,0
20039,93,11,0
20039,94,11,0
20039,95,11,0
20039,100,11,0
20039,104,11,0
20041,11,11,1
20041,33,11,1
20041,43,11,1
20041,65,11,1
20041,87,11,1
20041,99,11,1
20041,121,11,1
20059,25,11,0
20059,42,11,0
20059,57,11,0
20059,90,11,0
20059,106,11,0
20065,32,11,0
20065,51,11,0
20065,67,11,0
20065,94,11,0
20065,117,11,0
20065,151,11,0
20065,166,11,0
20071,10,11,0
20071,29,11,0
20071,82,11,0
20071,117,11,0
20071,134,11,0
20095,24,11,1
20095,48,11,1
20095,61,11,1
20095,73,11,1
20095,86,11,1
20107,33,11,0
20107,51,11,0
20107,72,11,0
20107,91,11,0
20107,147,11,0
20112,17,11,0
20112,35,11,0
20112,91,11,0
20112,109,11,0
20112,128,11,0
20118,11,11,0
20118,33,11,0
20118,75,11,0
20118,98,11,0
20118,141,11,0
20133,1,11,1
20133,16,11,1
20133,56,11,1
20133,75,11,1
20133,93,11,1
20133,112,11,1
20136,3,11,0
20136,27,11,0
20136,39,11,0
20136,67,11,0
20136,79,11,0
20136,92,11,0
20153,9,11,1
20153,32,11,1
20153,96,11,1
20153,118,11,1
20171,122,11,0
20171,124,11,0
20171,255,11,0
20171,256,11,0
20171,257,11,0
20171,258,11,0
20171,259,11,0
20171,260,11,0
20193,52,11,0
20193,76,11,0
20193,103,11,0
20193,130,11,0
20193,185,11,0
20193,209,11,0
20221,12,11,0
20221,30,11,0
20221,46,11,0
20221,61,11,0
20221,113,11,0
20221,127,11,0
20229,8,11,0
20229,27,11,0
20229,59,11,0
20229,82,11,0
20229,101,11,0
20229,120,11,0
20233,22,11,0
20233,35,11,0
20233,47,11,0
20233,61,11,0
20233,75,11,0
20233,89,11,0
20233,114,11,0
20233,127,11,0
20241,3,11,0
20241,17,11,0
20241,32,11,0
20241,37,11,0
20241,53,11,0
20241,59,11,0
20242,47,11,0
20242,64,11,0
20242,97,11,0
20242,113,11,0
20242,130,11,0
20242,163,11,0
20242,178,11,0
20254,9,11,1
20254,28,11,1
20254,66,11,1
20254,85,11,1
20254,106,11,1
20254,125,11,1
20258,1,12,1
20258,1,22,1
20258,33,11,1
20258,95,11,1
20258,115,11,1
20258,130,11,1
20258,133,11,1
20264,16,11,1
20264,39,11,1
20264,83,11,1
20264,105,11,1
20264,128,11,1
20264,150,11,1
20290,39,11,0
20290,55,11,0
20290,70,11,0
20290,86,12,0
20290,86,22,0
20290,113,11,0
20290,124,11,0
20293,20,11,1
20293,34,11,1
20293,46,11,1
20293,60,11,1
20293,74,11,1
20293,101,11,1
20294,2,11,0
20294,50,11,0
20294,64,11,0
20294,76,11,0
20294,87,11,0
20294,98,11,0
20338,63,11,0
20338,139,11,0
20338,140,11,0
20338,142,11,0
20338,143,11,0
20338,145,11,0
20338,146,11,0
20338,148,11,0
20340,13,11,1
20340,14,11,1
20340,15,11,1
20340,16,11,1
20340,90,11,1
20340,91,11,1
20340,92,11,1
20340,93,11,1
20341,1,11,0
20341,2,11,0
20341,3,11,0
20341,4,11,0
20341,93,11,0
20341,94,11,0
20341,95,11,0
20341,96,11,0
20506,7,11,1
20506,39,11,1
20506,55,11,1
20506,71,11,1
20506,103,11,1
20552,16,11,0
20552,21,11,0
20552,30,11,0
20552,36,11,0
20552,45,11,0
20552,52,11,0
20593,15,11,1
20593,29,11,1
20593,54,11,1
20593,92,11,1
20593,112,11,1
20647,10,11,0
20647,22,11,0
20647,38,11,0
20647,53,11,0
20647,67,12,0
20647,67,22,0
20647,109,11,0
20668,1,11,0
20668,2,11,0
20668,3,11,0
20668,31,11,0
20668,33,11,0
20668,34,11,0
20668,41,11,0
20668,42,11,0
20669,7,11,0
20669,68,11,0
20669,88,11,0
20669,108,11,0
20669,128,11,0
20669,149,11,0
20729,12,11,0
20729,29,11,0
20729,45,11,0
20729,61,11,0
20729,112,11,0
20729,127,11,0
20734,6,11,0
20734,27,11,0
20734,34,11,0
20734,47,11,0
20734,53,11,0
20734,59,11,0
20734,66,11,0
20734,72,11,0
20739,26,11,0
20739,57,11,0
20739,88,11,0
20739,121,11,0
20764,25,11,0
20764,26,11,0
20764,63,11,0
20764,64,11,0
20764,65,11,0
20764,68,11,0
20764,69,11,0
20764,70,11,0
15017,2,11,1
15017,22,11,1
15017,31,11,1
15017,112,11,1
15032,22,11,0
15032,49,11,0
15032,66,11,0
15032,79,11,0
15032,95,11,0
15032,105,11,0
15036,11,11,0
15036,23,11,0
15036,45,11,0
15036,59,11,0
15036,71,11,0
15036,83,11,0
15049,3,11,0
15049,11,11,0
15049,20,11,0
15049,29,11,0
15049,34,11,0
15049,36,11,0
15066,14,11,1
15066,49,11,1
15066,61,11,1
15073,15,11,1
15073,99,11,1
15073,130,11,1
15101,15,11,1
15101,23,11,1
15101,41,11,1
15101,58,11,1
15101,73,11,1
15101,82,11,1
15106,4,11,0
15106,21,11,0
15106,39,11,0
15106,91,11,0
15106,126,11,0
15106,141,11,0
15106,159,11,0
15106,175,11,0
15111,27,11,0
15111,28,11,0
15111,29,11,0
15111,54,11,0
15111,55,11,0
15111,56,11,0
15111,57,11,0
15111,58,11,0
15127,33,11,0
15127,34,11,0
15127,35,11,0
15127,36,11,0
15127,129,11,0
15127,130,11,0
15127,131,11,0
15127,132,11,0
15142,25,11,1
15142,27,11,1
15142,28,11,1
15142,162,11,1
15142,163,11,1
15142,164,11,1
15147,89,11,0
15147,90,11,0
15147,91,11,0
15147,92,11,0
15147,193,11,0
15147,194,11,0
15147,195,11,0
15147,196,11,0
15184,5,11,1
15184,6,11,1
15184,7,11,1
15184,8,11,1
15184,80,11,1
15184,83,11,1
15184,84,11,1
15193,10,11,0
15193,26,11,0
15193,41,11,0
15193,56,12,0
15193,56,22,0
15193,88,11,0
15193,104,11,0
15203,51,11,0
15203,70,11,0
15203,90,11,0
15203,132,11,0
15203,150,11,0
15230,6,11,1
15230,79,11,1
15230,123,11,1
15230,137,11,1
15232,4,11,0
15232,28,11,0
15232,50,11,0
15232,72,11,0
15232,96,11,0
15232,119,11,0
15262,8,11,1
15262,18,11,1
15262,48,11,1
15262,62,11,1
15262,76,11,1
15262,102,11,1
15269,81,11,0
15269,163,11,0
15269,164,11,0
15269,165,11,0
15269,166,11,0
15269,167,11,0
15269,168,11,0
15269,169,11,0
15305,13,11,0
15305,39,11,0
15305,52,11,0
15305,80,11,0
15305,95,11,0
15305,114,11,0
15314,13,11,1
15314,61,11,1
15314,130,11,1
15314,176,11,1
15314,199,11,1
15326,21,11,0
15326,22,11,0
15326,23,11,0
15326,24,11,0
15326,131,11,0
15326,133,11,0
15326,141,11,0
15326,143,11,0
15338,10,11,0
15338,12,11,0
15338,86,11,0
15338,87,11,0
15338,93,11,0
15338,94,11,0
15338,95,11,0
15338,104,11,0
15346,10,11,0
15346,28,11,0
15346,50,11,0
15346,58,11,0
15346,67,11,0
15346,74,11,0
15346,78,11,0
15346,101,11,0
15350,1,11,0
15350,2,11,0
15350,3,11,0
15350,73,11,0
15350,74,11,0
15350,75,11,0
15350,78,11,0
15350,80,11,0
15368,5,11,1
15368,16,11,1
15368,21,11,1
15368,32,11,1
15368,38,11,1
15368,47,11,1
15368,53,11,1
15390,47,11,1
15390,48,11,1
15390,108,11,1
15390,109,11,1
15390,110,11,1
15390,111,11,1
15390,112,11,1
15402,18,11,0
15402,93,11,0
15402,144,11,0
15402,169,11,0
15402,194,11,0
15402,219,11,0
15405,21,11,1
15405,53,11,1
15405,69,11,1
15405,86,11,1
15420,12,11,0
15420,38,11,0
15420,65,11,0
15420,79,11,0
15420,92,11,0
15420,102,11,0
15423,7,11,0
15423,23,11,0
15423,54,11,0
15423,70,11,0
15423,87,11,0
15423,103,11,0
15442,27,11,1
15442,61,11,1
15442,79,11,1
15442,96,11,1
15442,131,11,1
15442,147,11,1
15469,65,11,0
15469,66,11,0
15469,67,11,0
15469,68,11,0
15469,182,11,0
15469,183,11,0
15469,184,11,0
15469,185,11,0
15473,9,11,0
15473,22,11,0
15473,34,11,0
15473,47,11,0
15473,60,11,0
15473,73,11,0
15473,112,11,0
15473,136,11,0
15489,17,11,0
15489,18,11,0
15489,19,11,0
15489,20,11,0
15489,53,11,0
15489,54,11,0
15489,55,11,0
15489,56,11,0
15499,2,11,1
15499,14,11,1
15499,51,11,1
15499,63,11,1
15499,111,11,1
15517,17,11,0
15517,18,11,0
15517,19,11,0
15517,20,11,0
15517,113,11,0
15517,114,11,0
15517,115,11,0
15517,116,11,0
15524,29,11,1
15524,30,11,1
15524,31,11,1
15524,32,11,1
15524,97,11,1
15524,98,11,1
15524,99,11,1
15524,100,11,1
15525,7,11,0
15525,85,11,0
15525,100,11,0
15525,117,11,0
15542,9,11,0
15542,26,11,0
15542,41,11,0
15542,58,11,0
15542,76,11,0
15542,95,11,0
15542,109,11,0
15542,140,11,0
15554,25,11,0
15554,61,11,0
15554,80,11,0
15554,98,11,0
15559,5,11,0
15559,34,11,0
15559,49,11,0
15559,79,11,0
15559,95,11,0
15559,124,11,0
15559,137,11,0
15589,17,11,0
15589,31,11,0
15589,43,11,0
15589,66,11,0
15589,94,11,0
15589,103,11,0
15599,26,11,0
15599,39,11,0
15599,53,11,0
15599,80,11,0
15599,93,11,0
15606,12,11,0
15606,31,11,0
15606,85,11,0
15606,102,11,0
15606,119,11,0
15615,12,11,1
15615,47,11,1
15615,65,11,1
15615,117,11,1
15615,190,11,1
15640,10,11,1
15640,24,11,1
15640,37,11,1
15640,51,11,1
15640,78,11,1
15640,91,11,1
15640,105,11,1
15650,14,11,1
15650,31,11,1
15650,64,11,1
15650,81,11,1
15650,115,11,1
15662,21,11,0
15662,37,11,0
15662,53,11,0
15662,69,11,0
15662,85,11,0
15662,101,11,0
15678,13,11,0
15678,21,11,0
15678,31,11,0
15678,38,11,0
15678,53,11,0
15678,75,11,0
15688,19,11,0
15688,53,11,0
15688,64,12,0
15688,75,11,0
15688,85,11,0
15696,21,11,1
15696,41,11,1
15696,116,11,1
15696,133,11,1
15696,151,11,1
15709,14,11,0
15709,82,11,0
15709,98,11,0
15709,115,11,0
15709,129,11,0
15709,141,11,0
15746,181,11,1
15746,182,11,1
15746,183,11,1
15746,381,11,1
15780,11,11,0
15780,59,11,0
15780,87,11,0
15780,102,11,0
15780,117,11,0
15780,128,11,0
15792,6,11,0
15792,23,12,0
15792,23,22,0
15792,41,11,0
15792,56,11,0
15792,125,11,0
15792,140,11,0
15814,14,11,0
15814,45,11,0
15814,48,11,0
15814,82,11,0
15814,100,11,0
15814,117,11,0
15816,13,11,1
15816,21,11,1
15816,42,11,1
15816,58,11,1
15816,72,11,1
15836,4,11,0
15836,38,11,0
15836,71,11,0
15836,91,11,0
15836,107,11,0
15836,141,11,0
15844,13,11,0
15844,33,11,0
15844,53,11,0
15844,64,11,0
15844,72,11,0
15844,83,11,0
15856,12,11,1
15856,23,11,1
15856,33,11,1
15856,56,11,1
15856,78,11,1
15875,9,11,0
15875,10,11,0
15875,11,11,0
15875,105,11,0
15875,106,11,0
15875,107,11,0
15875,108,11,0
15875,110,11,0
15879,17,11,0
15879,35,11,0
15879,50,11,0
15879,89,11,0
15879,119,11,0
15879,131,11,0
15879,147,11,0
15879,162,11,0
15901,20,11,1
15901,68,11,1
15901,82,11,1
15901,109,11,1
15901,137,11,1
15901,151,11,1
15913,45,11,0
15913,47,11,0
15913,48,11,0
15913,144,11,0
15913,145,11,0
15913,147,11,0
15913,148,11,0
15913,149,11,0
15937,6,11,1
15937,8,11,1
15937,61,11,1
15937,63,11,1
15937,64,11,1
15937,65,11,1
15937,67,11,1
15951,93,11,0
15951,94,11,0
15951,96,11,0
15951,208,11,0
15951,209,11,0
15951,210,11,0
15951,211,11,0
15951,212,11,0
15953,8,11,0
15953,48,11,0
15953,64,11,0
15953,84,11,0
15953,102,11,0
15953,119,11,0
15959,13,11,0
15959,28,11,0
15959,51,11,0
15959,64,11,0
15959,77,11,0
15959,90,11,0
15973,11,11,1
15973,50,11,1
15973,76,11,1
15988,10,11,0
15988,23,11,0
15988,42,11,0
15988,50,11,0
15988,71,11,0
15988,80,11,0
15994,7,11,0
15994,19,11,0
15994,31,11,0
15994,56,11,0
15994,74,11,0
15994,79,11,0
16019,12,11,0
16019,54,11,0
16019,73,11,0
16019,92,11,0
16019,110,11,0
16019,128,11,0
16030,2,11,1
16030,20,11,1
16030,92,11,1
16030,109,11,1
16042,5,11,1
16042,7,11,1
16042,8,11,1
16042,129,11,1
16042,130,11,1
16042,133,11,1
16042,134,11,1
16060,13,11,0
16060,14,11,0
16060,15,11,0
16060,16,11,0
16060,41,11,0
16060,42,11,0
16060,46,11,0
16060,70,11,0
16068,53,11,0
16068,54,11,0
16068,55,11,0
16068,56,11,0
16068,129,11,0
16068,131,11,0
16068,133,11,0
16068,135,11,0
16089,5,11,0
16089,8,11,0
16089,73,11,0
16089,74,11,0
16089,75,11,0
16089,76,11,0
16089,77,11,0
16089,78,11,0
16096,75,11,0
16096,77,11,0
16096,78,11,0
16096,143,11,0
16096,144,11,0
16096,145,11,0
16096,147,11,0
16096,148,11,0
16115,41,11,1
16115,42,11,1
16115,43,11,1
16115,44,11,1
16115,244,11,1
16115,245,11,1
16115,246,11,1
16115,248,11,1
16127,9,11,1
16127,10,11,1
16127,11,11,1
16127,12,11,1
16127,117,11,1
16127,118,11,1
16127,119,11,1
16127,120,11,1
16137,5,11,0
16137,6,11,0
16137,7,11,0
16137,103,11,0
16137,104,11,0
16137,106,11,0
16137,107,11,0
16137,108,11,0
16142,42,12,0
16142,42,22,0
16142,44,11,0
16142,246,11,0
16142,247,11,0
16142,248,11,0
16142,249,11,0
16142,250,11,0
16142,251,11,0
16152,73,11,0
16152,74,11,0
16152,75,11,0
16152,76,11,0
16152,237,11,0
16152,238,11,0
16152,239,11,0
16152,240,11,0
16162,1,11,1
16162,10,11,1
16162,18,11,1
16162,26,11,1
16162,43,11,1
16162,61,11,1
16162,67,11,1
16162,76,11,1
16165,15,11,0
16165,36,11,0
16165,48,11,0
16165,67,11,0
16165,126,11,0
16165,165,11,0
16165,185,11,0
16184,11,11,0
16184,26,11,0
16184,50,11,0
16184,59,11,0
16184,75,11,0
16193,24,11,0
16193,58,11,0
16193,74,11,0
16193,109,11,0
16193,124,11,0
16193,141,11,0
16193,156,11,0
16203,17,11,0
16203,65,11,0
16203,95,11,0
16203,108,11,0
16203,118,11,0
16220,13,11,0
16220,27,11,0
16220,54,11,0
16220,81,11,0
16220,86,11,0
16220,108,11,0
16232,10,11,0
16232,20,11,0
16232,49,11,0
16232,64,11,0
16232,80,11,0
16232,95,11,0
16243,31,11,0
16243,60,11,0
16243,108,11,0
16243,140,11,0
16243,160,11,0
16243,185,11,0
16268,13,11,0
16268,31,11,0
16268,57,11,0
16268,67,11,0
16268,103,11,0
16268,122,11,0
16268,158,11,0
16268,177,11,0
16282,55,11,1
16282,85,11,1
16282,100,11,1
16282,144,11,1
16295,4,11,1
16295,25,11,1
16295,47,11,1
16295,68,11,1
16295,154,11,1
16302,4,12,1
16302,4,22,1
16302,18,11,1
16302,47,11,1
16302,61,11,1
16308,9,11,1
16308,25,11,1
16308,60,11,1
16308,76,11,1
16308,108,11,1
16310,20,11,0
16310,44,11,0
16310,110,11,0
16310,157,11,0
16310,180,11,0
16310,202,11,0
16318,45,11,1
16318,62,11,1
16318,100,11,1
16318,119,11,1
16318,136,11,1
16318,152,11,1
16341,12,11,0
16341,37,11,0
16341,70,11,0
16341,81,11,0
16341,89,11,0
16341,98,11,0
16344,30,11,0
16344,67,11,0
16344,85,11,0
16344,103,11,0
16344,138,11,0
16344,174,11,0
16344,190,11,0
16357,27,11,0
16357,64,11,0
16357,80,11,0
16357,115,11,0
16357,133,11,0
16357,149,11,0
16381,27,11,1
16381,42,11,1
16381,57,11,1
16381,101,11,1
16381,114,11,1
16387,4,11,0
16387,17,11,0
16387,38,11,0
16387,92,11,0
16387,106,11,0
16400,43,11,0
16400,60,11,0
16400,97,11,0
16400,115,11,0
16400,133,11,0
16400,142,11,0
16413,20,11,0
16413,39,11,0
16413,52,11,0
16413,63,11,0
16413,75,11,0
16413,85,11,0
16422,2,11,1
16422,21,11,1
16422,63,11,1
16422,84,11,1
16422,104,11,1
16432,11,11,0
16432,20,11,0
16432,49,11,0
16432,57,11,0
16432,68,11,0
16432,75,11,0
16452,13,11,0
16452,14,11,0
16452,15,11,0
16452,16,11,0
16452,128,11,0
16452,129,11,0
16452,130,11,0
16452,132,11,0
16463,81,11,0
16463,83,11,0
16463,200,11,0
16463,201,11,0
16463,203,11,0
16463,204,11,0
16463,205,11,0
16463,206,11,0
16470,10,11,0
16470,11,11,0
16470,12,11,0
16470,203,11,0
16470,205,11,0
16470,206,11,0
16470,214,11,0
16470,217,11,0
16493,18,11,1
16493,20,11,1
16493,46,11,1
16493,47,11,1
16493,49,11,1
16493,50,11,1
16493,51,11,1
16493,57,11,1
16494,12,11,1
16494,29,11,1
16494,36,11,1
16494,70,11,1
16494,78,11,1
16496,2,11,1
16496,3,11,1
16496,90,11,1
16496,92,11,1
16496,93,11,1
16496,94,11,1
16496,95,11,1
16496,96,11,1
16514,1,11,0
16514,2,11,0
16514,3,11,0
16514,50,11,0
16514,52,11,0
16514,53,11,0
16514,54,11,0
16514,56,11,0
16526,28,11,0
16526,42,11,0
16526,56,11,0
16526,70,11,0
16526,91,11,0
16526,110,11,0
16526,124,11,0
16526,150,11,0
16535,11,11,1
16535,22,11,1
16535,33,11,1
16535,45,11,1
16535,56,11,1
16557,17,11,0
16557,40,11,0
16557,63,11,0
16557,131,11,0
16557,154,11,0
16557,176,11,0
16579,1,11,0
16579,9,11,0
16579,17,11,0
16579,28,11,0
16579,45,11,0
16579,78,11,0
16579,86,11,0
16579,94,11,0
16592,13,11,0
16592,14,11,0
16592,15,11,0
16592,106,11,0
16592,109,11,0
16592,110,11,0
16592,114,11,0
16592,115,11,0
16627,5,11,0
16627,7,11,0
16627,8,11,0
16627,90,11,0
16627,91,11,0
16627,92,11,0
16627,93,11,0
16627,94,11,0
16643,17,11,0
16643,18,11,0
16643,19,11,0
16643,20,11,0
16643,42,11,0
16643,43,11,0
16643,44,11,0
16643,45,11,0
16650,49,11,0
16650,50,11,0
16650,51,11,0
16650,52,11,0
16650,164,11,0
16650,165,11,0
16650,166,11,0
16650,168,11,0
16659,61,11,0
16659,62,11,0
16659,63,11,0
16659,64,11,0
16659,177,11,0
16659,179,11,0
16659,181,11,0
16659,182,11,0
16661,69,11,1
16661,70,11,1
16661,71,11,1
16661,72,11,1
16661,241,11,1
16661,242,11,1
16661,243,11,1
16661,244,11,1
16668,12,11,0
16668,31,11,0
16668,64,11,0
16668,81,11,0
16668,99,11,0
16668,132,11,0
16672,11,11,0
16672,28,11,0
16672,42,11,0
16672,58,11,0
16672,74,11,0
16672,108,11,0
16677,6,11,0
16677,18,11,0
16677,27,11,0
16677,39,11,0
16677,79,11,0
16677,86,11,0
16677,100,11,0
16700,31,11,1
16700,76,11,1
16700,99,11,1
16700,144,11,1
16718,5,11,0
16718,24,11,0
16718,79,11,0
16718,98,11,0
16718,115,11,0
16718,132,11,0
16726,38,11,1
16726,66,11,1
16726,78,11,1
16726,104,11,1
16726,117,11,1
16730,9,11,0
16730,23,11,0
16730,58,11,0
16730,70,11,0
16730,85,11,0
16730,94,11,0
16736,34,11,0
16736,55,11,0
16736,77,11,0
16736,98,11,0
16736,140,11,0
16736,162,11,0
16755,47,11,0
16755,48,11,0
16755,51,11,0
16755,110,11,0
16755,111,11,0
16755,112,11,0
16755,113,11,0
16755,114,11,0
16769,13,11,0
16769,14,11,0
16769,15,11,0
16769,16,11,0
16769,93,11,0
16769,94,11,0
16769,95,11,0
16769,96,11,0
16775,37,11,0
16775,38,11,0
16775,39,11,0
16775,40,11,0
16775,107,11,0
16775,108,11,0
16775,109,11,0
16775,110,11,0
16803,18,11,1
16803,55,11,1
16803,74,11,1
16803,92,11,1
16803,129,11,1
16803,148,11,1
16803,167,11,1
16825,61,11,1
16825,63,11,1
16825,64,11,1
16825,141,11,1
16825,142,11,1
16825,143,11,1
16825,144,11,1
16826,69,11,1
16826,71,11,1
16826,168,11,1
16826,169,11,1
16826,170,11,1
16826,172,11,1
16826,174,11,1
16826,175,11,1
16832,6,11,0
16832,17,11,0
16832,38,11,0
16832,49,11,0
16832,60,11,0
16832,81,11,0
16832,92,11,0
16832,103,11,0
16852,59,11,0
16852,74,11,0
16852,89,11,0
16852,105,11,0
16852,117,11,0
16852,132,11,0
16852,147,11,0
16853,21,11,0
16853,32,11,0
16853,42,11,0
16853,52,11,0
16853,62,11,0
16853,73,11,0
16902,13,11,0
16902,34,11,0
16902,73,11,0
16902,91,11,0
16902,109,11,0
16902,127,11,0
16904,7,11,1
16904,14,11,1
16904,31,11,1
16904,72,11,1
16920,7,11,0
16920,25,11,0
16920,43,11,0
16920,80,11,0
16920,116,11,0
16924,22,11,1
16924,31,11,1
16924,33,11,1
16924,35,11,1
16943,26,11,0
16943,67,11,0
16943,88,11,0
16943,108,11,0
16943,128,11,0
16962,36,11,0
16962,50,11,0
16962,67,11,0
16962,101,11,0
16962,117,11,0
16962,131,11,0
16967,10,11,0
16967,29,11,0
16967,67,11,0
16967,105,11,0
16967,124,11,0
16967,141,11,0
16973,16,11,0
16973,40,11,0
16973,63,11,0
16973,86,11,0
16973,134,11,0
16973,158,11,0
16977,1,11,0
16977,39,11,0
16977,58,11,0
16977,77,11,0
16977,96,11,0
16977,115,11,0
16995,1,11,0
16995,15,11,0
16995,38,11,0
16995,52,11,0
16995,65,11,0
16995,78,11,0
17010,3,11,0
17010,24,11,0
17010,34,11,0
17010,44,11,0
17010,55,11,0
17010,65,11,0
17016,3,11,0
17016,18,11,0
17016,34,11,0
17016,48,11,0
17016,64,11,0
17016,92,11,0
17025,17,11,1
17025,91,11,1
17025,113,11,1
17025,135,11,1
17025,157,11,1
17043,11,11,1
17043,65,11,1
17043,83,11,1
17056,3,11,1
17056,24,11,1
17056,66,11,1
17056,87,11,1
17056,107,11,1
17056,128,11,1
17061,8,11,1
17061,26,11,1
17061,42,11,1
17061,58,11,1
17061,93,11,1
17081,77,11,1
17081,78,11,1
17081,79,11,1
17081,80,11,1
17081,238,11,1
17081,239,11,1
17089,17,11,0
17089,18,11,0
17089,19,11,0
17089,20,11,0
17089,44,11,0
17089,45,11,0
17089,46,11,0
17089,47,11,0
17103,3,11,0
17103,19,11,0
17103,26,11,0
17103,49,11,0
17103,64,11,0
17103,84,11,0
17131,12,11,0
17131,26,11,0
17131,40,11,0
17131,54,11,0
17131,82,11,0
17131,95,11,0
17131,138,11,0
17132,1,11,0
17132,18,11,0
17132,45,11,0
17132,62,11,0
17132,66,11,0
17132,83,11,0
17132,90,11,0
17149,11,11,1
17149,32,11,1
17149,73,11,1
17149,93,11,1
17149,155,11,1
17151,20,11,0
17151,50,11,0
17151,65,11,0
17151,79,11,0
17151,94,11,0
17151,109,11,0
17151,138,11,0
17151,153,11,0
17187,13,11,0
17187,25,11,0
17187,36,11,0
17187,71,11,0
17187,82,11,0
17187,93,11,0
17188,11,11,0
17188,24,11,0
17188,55,11,0
17188,85,11,0
17188,101,11,0
17188,132,11,0
17212,7,11,1
17212,16,11,1
17212,25,11,1
17212,34,11,1
17212,60,11,1
17217,3,11,1
17217,16,11,1
17217,24,11,1
17217,47,11,1
17217,57,11,1
17217,87,11,1
17228,1,11,0
17228,31,11,0
17228,43,11,0
17228,56,11,0
17228,67,11,0
17228,108,11,0
17236,2,11,0
17236,11,11,0
17236,14,11,0
17236,20,11,0
17236,23,11,0
17236,26,11,0
17255,49,11,0
17255,50,11,0
17255,51,11,0
17255,52,11,0
17255,133,11,0
17255,134,11,0
17255,141,11,0
17255,142,11,0
17282,57,11,1
17282,58,11,1
17282,59,11,1
17282,60,11,1
17282,159,11,1
17282,161,11,1
17282,162,11,1
17282,163,11,1
17284,10,11,1
17284,17,11,1
17284,23,11,1
17284,29,11,1
17284,41,11,1
17284,51,11,1
17284,57,11,1
17287,21,11,1
17287,22,11,1
17287,23,11,1
17287,81,11,1
17287,88,11,1
17287,89,11,1
17287,90,11,1
17292,5,11,0
17292,6,11,0
17292,7,11,0
17292,62,11,0
17292,63,11,0
17292,64,11,0
17292,65,11,0
17292,67,11,0
17294,33,11,0
17294,34,11,0
17294,35,11,0
17294,36,11,0
17294,112,11,0
17294,113,11,0
17294,114,11,0
17294,115,11,0
17300,9,11,0
17300,26,11,0
17300,37,11,0
17300,46,11,0
17300,64,11,0
17300,71,11,0
17300,80,11,0
17300,91,11,0
17333,26,11,0
17333,69,11,0
17333,91,11,0
17333,113,11,0
17333,135,11,0
17333,156,11,0
17339,6,11,0
17339,36,11,0
17339,53,11,0
17339,86,11,0
17339,101,11,0
17339,131,11,0
17339,147,11,0
17363,8,11,0
17363,29,11,0
17363,49,11,0
17363,69,11,0
17363,109,11,0
17363,129,11,0
17363,168,11,0
17376,9,11,0
17376,34,11,0
17376,82,11,0
17376,107,11,0
17376,156,11,0
17396,27,11,0
17396,36,11,0
17396,45,11,0
17396,53,11,0
17396,62,11,0
17396,72,11,0
17397,10,11,0
17397,22,11,0
17397,34,11,0
17397,46,11,0
17397,58,11,0
17403,7,11,1
17403,23,11,1
17403,73,11,1
17403,106,11,1
17416,30,11,1
17416,62,11,1
17416,73,11,1
17425,44,11,1
17425,67,11,1
17425,90,11,1
17425,112,11,1
17425,135,11,1
17425,160,11,1
17425,205,11,1
17425,228,11,1
17440,5,11,0
17440,40,11,0
17440,57,11,0
17440,73,11,0
17440,106,11,0
17440,122,11,0
17451,11,11,0
17451,23,11,0
17451,35,11,0
17451,59,11,0
17451,72,11,0
17460,19,11,0
17460,33,11,0
17460,45,11,0
17460,59,11,0
17460,73,11,0
17460,87,11,0
17467,2,11,0
17467,23,11,0
17467,61,11,0
17467,80,11,0
17467,100,11,0
17474,17,11,0
17474,64,11,0
17474,87,11,0
17474,155,11,0
17474,178,11,0
17474,199,11,0
17496,18,11,1
17496,53,11,1
17496,71,11,1
17496,89,11,1
17496,107,11,1
17496,125,12,1
17496,125,22,1
17497,45,11,1
17497,61,11,1
17497,127,11,1
17503,10,11,1
17503,26,11,1
17503,57,11,1
17503,72,11,1
17503,88,11,1
17503,103,11,1
17544,26,11,0
17544,27,11,0
17544,28,11,0
17544,160,11,0
17544,163,11,0
17544,165,11,0
17544,166,11,0
17544,167,11,0
17557,21,11,0
17557,22,11,0
17557,23,11,0
17557,51,11,0
17557,52,11,0
17557,54,11,0
17557,57,11,0
17557,58,11,0
17558,1,11,0
17558,12,11,0
17558,39,11,0
17558,60,11,0
17558,71,11,0
17558,80,11,0
17558,90,11,0
17558,97,11,0
17579,14,11,0
17579,34,11,0
17579,76,12,0
17579,76,22,0
17579,97,11,0
17579,117,11,0
17579,138,11,0
17601,4,11,0
17601,22,11,0
17601,39,11,0
17601,55,11,0
17601,73,11,0
17601,91,11,0
17607,17,11,0
17607,52,11,0
17607,70,11,0
17607,88,11,0
17607,105,11,0
17607,123,11,0
17629,11,11,0
17629,62,11,0
17629,74,11,0
17629,87,11,0
17629,98,11,0
17629,111,11,0
17629,124,11,0
17640,13,11,1
17640,27,11,1
17640,40,11,1
17640,54,11,1
17640,121,11,1
17640,135,11,1
17657,21,11,0
17657,43,11,0
17657,87,11,0
17657,109,11,0
17657,131,11,0
17657,173,11,0
17658,16,11,1
17658,33,11,1
17658,47,11,1
17658,80,11,1
17658,97,11,1
17658,113,11,1
17663,15,13,0
17663,15,23,0
17663,15,33,0
17663,88,11,0
17663,114,11,0
17663,139,11,0
17663,165,11,0
17663,188,11,0
17667,20,11,0
17667,42,11,0
17667,64,11,0
17667,85,11,0
17667,107,11,0
17667,129,11,0
17691,12,11,0
17691,28,11,0
17691,57,11,0
17691,73,11,0
17691,90,11,0
17691,107,11,0
17706,11,11,0
17706,25,11,0
17706,51,11,0
17706,65,11,0
17706,80,11,0
17706,93,11,0
17720,7,11,0
17720,21,11,0
17720,36,11,0
17720,64,11,0
17720,79,11,0
17720,106,11,0
17727,74,11,1
17727,114,11,1
17727,134,11,1
17727,174,11,1
17730,3,11,1
17730,93,11,1
17730,124,11,1
17750,19,11,1
17750,38,11,1
17750,56,11,1
17750,94,11,1
17750,114,11,1
17750,133,11,1
17754,129,12,0
17754,129,22,0
17754,130,11,0
17754,131,11,0
17754,132,11,0
17754,253,11,0
17754,254,11,0
17754,255,11,0
17754,256,11,0
17782,13,11,0
17782,14,11,0
17782,15,11,0
17782,16,11,0
17782,162,11,0
17782,163,11,0
17782,164,11,0
17782,165,11,0
17803,13,11,1
17803,25,11,1
17803,37,11,1
17803,49,11,1
17803,62,11,1
17811,1,11,0
17811,65,11,0
17811,87,11,0
17811,108,11,0
17811,131,11,0
17828,13,11,0
17828,30,11,0
17828,48,11,0
17828,64,11,0
17828,99,11,0
17834,9,11,0
17834,27,11,0
17834,34,11,0
17834,63,11,0
17834,73,11,0
17834,94,11,0
17838,19,12,0
17838,50,11,0
17838,73,11,0
17838,93,11,0
17847,1,11,0
17847,26,11,0
17847,50,11,0
17847,75,11,0
17847,102,11,0
17847,149,11,0
17847,191,11,0
17847,215,11,0
17856,30,11,0
17856,52,11,0
17856,71,11,0
17856,90,11,0
17856,109,11,0
17856,129,11,0
17876,22,11,0
17876,38,11,0
17876,54,11,0
17876,73,11,0
17876,88,11,0
17876,111,11,0
17895,6,11,0
17895,28,11,0
17895,57,11,0
17895,72,11,0
17895,115,11,0
17895,180,11,0
17895,202,11,0
17897,44,11,0
17897,110,11,0
17897,173,11,0
17897,303,11,0
17897,369,11,0
17897,434,11,0
17909,36,11,0
17909,56,11,0
17909,78,11,0
17909,99,11,0
17909,128,11,0
17909,141,11,0
17923,13,11,0
17923,29,11,0
17923,58,11,0
17923,76,11,0
17923,91,11,0
17923,106,11,0
17938,2,11,0
17938,34,11,0
17938,117,11,0
17945,4,11,0
17945,23,11,0
17945,61,11,0
17945,80,11,0
17945,99,11,0
17945,120,11,0
17945,155,11,0
17945,174,11,0
17966,8,11,0
17966,29,11,0
17966,66,11,0
17966,87,11,0
17966,109,11,0
17966,129,11,0
17976,26,11,0
17976,39,11,0
17976,52,11,0
17976,65,11,0
17976,92,11,0
17976,113,11,0
17981,9,11,0
17981,29,11,0
17981,66,11,0
17981,79,11,0
17981,95,11,0
17981,104,11,0
17981,156,11,0
17981,160,11,0
17989,7,11,0
17989,23,11,0
17989,41,11,0
17989,55,11,0
17989,105,11,0
17989,122,11,0
17989,136,11,0
17989,152,11,0
18013,3,11,0
18013,15,11,0
18013,27,11,0
18013,50,11,0
18013,84,11,0
18013,93,11,0
18014,25,11,0
18014,76,11,0
18014,91,11,0
18014,128,11,0
18014,142,11,0
18034,19,11,0
18034,85,11,0
18034,123,11,0
18034,143,11,0
18050,12,11,0
18050,24,11,0
18050,36,11,0
18050,60,11,0
18050,73,11,0
18050,85,11,0
18057,2,11,0
18057,20,11,0
18057,45,11,0
18057,65,11,0
18057,86,11,0
18057,130,11,0
18067,29,11,0
18067,43,11,0
18067,58,11,0
18067,73,11,0
18067,87,11,0
18067,102,11,0
18082,7,11,0
18082,22,11,0
18082,53,11,0
18082,69,11,0
18082,100,11,0
18082,130,11,0
18097,10,11,0
18097,38,11,0
18097,77,11,0
18097,140,12,0
18097,140,22,0
18097,162,11,0
18097,183,11,0
18109,12,11,0
18109,70,11,0
18109,93,11,0
18109,117,11,0
18109,140,11,0
18109,183,11,0
18132,6,11,0
18132,22,11,0
18132,37,11,0
18132,52,11,0
18132,69,11,0
18132,77,11,0
18132,145,11,0
18144,12,11,0
18144,47,11,0
18144,82,11,0
18144,99,11,0
18144,117,11,0
18149,1,11,0
18149,20,11,0
18149,38,11,0
18149,72,11,0
18149,88,11,0
18149,104,11,0
18180,35,11,1
18180,51,11,1
18180,67,11,1
18180,99,11,1
18180,153,11,1
18187,58,11,1
18187,89,11,1
18187,118,11,1
18187,132,11,1
18204,14,11,1
18204,31,11,1
18204,81,11,1
18204,97,11,1
18204,114,11,1
18206,24,11,1
18206,64,11,1
18206,84,11,1
18206,100,11,1
18206,123,11,1
18228,16,11,1
18228,85,11,1
18228,103,11,1
18228,171,11,1
18239,27,11,0
18239,44,11,0
18239,62,11,0
18239,97,11,0
18239,115,11,0
18239,132,11,0
18257,7,11,1
18257,48,11,1
18257,76,11,1
18257,103,11,1
18263,25,11,1
18263,43,11,1
18263,44,11,1
18263,128,11,1
18263,129,11,1
18263,145,11,1
18266,11,11,1
18266,70,11,1
18266,91,11,1
18266,170,11,1
18266,189,11,1
18269,55,11,1
18269,72,11,1
18269,121,11,1
18269,137,11,1
18311,25,11,1
18311,51,11,1
18311,65,11,1
18311,93,11,1
18311,103,11,1
18314,207,11,1
18314,298,11,1
18314,389,12,1
18314,389,22,1
18314,435,11,1
18330,9,11,1
18330,26,11,1
18330,72,11,1
18330,85,11,1
18330,101,11,1
18330,124,11,1
18330,133,11,1
18336,5,11,1
18336,22,11,1
18336,87,11,1
18336,104,11,1
18374,9,11,0
18374,26,11,0
18374,56,11,0
18374,69,11,0
18374,100,11,0
18378,10,11,1
18378,29,11,1
18378,67,11,1
18378,87,11,1
18378,106,11,1
18378,126,11,1
18392,11,11,0
18392,25,11,0
18392,39,11,0
18392,68,11,0
18392,81,11,0
18392,106,11,0
18416,5,11,0
18416,23,11,0
18416,60,11,0
18416,77,11,0
18416,93,11,0
18416,106,11,0
18421,32,11,0
18421,51,11,0
18421,69,11,0
18421,88,11,0
18421,107,11,0
18421,143,11,0
18426,67,11,1
18426,168,11,1
18430,29,11,0
18430,38,11,0
18430,48,11,0
18430,58,11,0
18430,78,11,0
18430,89,11,0
18466,41,11,1
18466,53,11,1
18490,4,11,1
18490,15,11,1
18490,24,11,1
18490,50,11,1
18490,73,11,1
18499,37,11,1
18499,50,11,1
18499,90,11,1
18499,112,11,1
18500,44,11,1
18500,58,11,1
18500,91,11,1
18500,107,11,1
18500,123,11,1
18514,21,11,0
18514,22,11,0
18514,55,11,0
18514,56,11,0
18514,57,11,0
18514,64,11,0
18514,66,11,0
18514,67,11,0
18520,2,11,1
18520,9,11,1
18520,17,11,1
18520,30,11,1
18520,53,11,1
18520,67,11,1
18520,82,11,1
18530,69,11,1
18530,71,11,1
18530,72,11,1
18530,202,11,1
18530,203,11,1
18530,204,11,1
18530,205,11,1
18535,65,11,0
18535,66,11,0
18535,67,11,0
18535,182,11,0
18535,183,11,0
18535,184,11,0
18535,185,11,0
18536,3,11,0
18536,13,11,0
18536,23,11,0
18536,34,11,0
18536,81,11,0
18536,103,11,0
18536,112,11,0
18536,117,11,0
18542,6,11,0
18542,14,11,0
18542,20,11,0
18542,27,11,0
18542,34,11,0
18542,49,11,0
18542,63,11,0
18542,82,11,0
18570,15,11,0
18570,35,11,0
18570,53,11,0
18570,92,11,0
18570,109,11,0
18574,17,11,0
18574,49,11,0
18574,75,11,0
18574,83,11,0
18574,108,11,0
18593,1,11,0
18593,23,11,0
18593,33,11,0
18593,56,11,0
18593,76,11,0
18602,8,11,0
18602,22,11,0
18602,42,11,0
18602,91,11,0
18602,107,11,0
18602,121,11,0
18624,5,11,0
18624,50,11,0
18624,72,11,0
18624,93,11,0
18624,112,11,0
18624,154,11,0
18626,10,11,1
18626,44,11,1
18638,4,11,1
18638,15,11,1
18638,46,11,1
18638,67,11,1
18674,4,11,0
18674,18,11,0
18674,44,11,0
18674,58,11,0
18674,88,11,0
18688,1,11,0
18688,17,11,0
18688,49,11,0
18688,66,11,0
18688,82,11,0
18688,98,11,0
18696,6,11,1
18696,66,11,1
18696,112,11,1
18705,10,11,1
18705,22,11,1
18705,44,11,1
18705,55,11,1
18705,78,11,1
18709,1,11,0
18709,32,11,0
18709,47,11,0
18709,77,11,0
18709,93,11,0
18715,46,11,0
18715,47,11,0
18715,48,11,0
18715,176,11,0
18715,177,11,0
18715,178,11,0
18715,179,11,0
18715,180,11,0
18732,38,11,0
18732,39,11,0
18732,40,11,0
18732,109,11,0
18732,110,11,0
18732,111,11,0
18732,112,11,0
18732,113,11,0
18761,13,11,1
18761,15,11,1
18761,16,11,1
18761,139,11,1
18761,140,11,1
18761,142,11,1
18761,143,11,1
18774,17,11,1
18774,18,11,1
18774,19,11,1
18774,20,11,1
18774,107,11,1
18774,108,11,1
18793,18,11,0
18793,43,11,0
18793,93,11,0
18793,118,11,0
18793,143,11,0
18793,168,11,0
18798,5,11,0
18798,21,11,0
18798,52,11,0
18798,83,11,0
18798,98,11,0
18798,127,11,0
18807,17,11,1
18807,50,11,1
18807,67,11,1
18807,101,11,1
18807,118,11,1
18813,36,11,0
18813,60,11,0
18813,74,11,0
18813,87,11,0
18813,99,11,0
18813,112,11,0
18813,125,11,0
18848,14,11,0
18848,26,11,0
18848,41,11,0
18848,56,11,0
18848,87,11,0
18848,102,11,0
18858,37,11,1
18858,50,11,1
18858,63,11,1
18858,77,11,1
18858,92,11,1
18880,8,11,1
18880,59,11,1
18880,80,11,1
18880,89,11,1
18880,91,11,1
18886,35,11,0
18886,53,11,0
18886,70,11,0
18886,108,11,0
18886,125,11,0
18888,6,11,0
18888,23,11,0
18888,54,11,0
18888,70,11,0
18888,87,11,0
18888,111,11,0
18888,149,11,0
18894,3,11,0
18894,15,11,0
18894,39,11,0
18894,65,11,0
18894,79,11,0
18905,14,11,0
18905,29,11,0
18905,45,11,0
18905,62,11,0
18905,78,11,0
18905,128,11,0
18924,5,11,1
18924,23,11,1
18924,40,11,1
18924,127,11,1
18924,142,11,1
18950,11,11,0
18950,27,11,0
18950,42,11,0
18950,58,11,0
18950,74,11,0
18950,91,11,0
18962,22,11,0
18962,39,11,0
18962,51,11,0
18962,114,11,0
18975,45,11,0
18975,60,11,0
18975,76,11,0
18975,91,11,0
18975,106,11,0
18975,135,11,0
18982,48,11,0
18982,68,11,0
18982,90,11,0
18982,111,11,0
18982,132,11,0
18996,39,11,1
18996,58,11,1
18996,78,11,1
18996,98,11,1
18996,137,11,1
19003,21,11,1
19003,41,11,1
19003,61,11,1
19003,81,11,1
19003,101,11,1
19018,23,11,0
19018,24,11,0
19018,98,11,0
19018,100,11,0
19018,101,11,0
19018,102,11,0
19018,103,11,0
19018,104,11,0
19022,8,11,0
19022,17,11,0
19022,37,11,0
19022,47,11,0
19022,56,11,0
19022,73,11,0
19022,91,11,0
19022,98,11,0
19043,13,11,1
19043,14,11,1
19043,16,11,1
19043,33,11,1
19043,45,11,1
19043,47,11,1
19069,14,11,0
19069,34,11,0
19069,51,11,0
19069,68,11,0
19069,120,11,0
19069,137,11,0
19069,179,11,0
19078,13,11,0
19078,26,11,0
19078,53,11,0
19078,67,11,0
19078,80,11,0
19078,93,11,0
19081,11,11,1
19081,29,11,1
19081,47,11,1
19081,83,11,1
19081,134,11,1
19081,154,11,1
19081,171,11,1
19084,5,11,0
19084,17,11,0
19084,42,11,0
19084,52,11,0
19084,58,11,0
19084,63,11,0
19121,17,11,0
19121,34,11,0
19121,86,11,0
19121,103,11,0
19121,120,11,0
19121,138,11,0
19123,28,11,0
19123,48,11,0
19123,87,11,0
19123,109,11,0
19123,129,11,0
19123,150,11,0
19127,10,11,1
19127,30,11,1
19127,56,11,1
19127,75,11,1
19127,84,11,1
19144,27,11,0
19144,147,11,0
19144,149,11,0
19144,150,11,0
19144,151,11,0
19144,152,11,0
19144,157,11,0
19144,158,11,0
19145,25,11,0
19145,26,11,0
19145,28,11,0
19145,122,11,0
19145,123,11,0
19145,124,11,0
19145,126,11,0
19145,128,11,0
19202,9,11,0
19202,57,11,0
19202,88,11,0
19202,103,11,0
19202,119,11,0
19202,135,11,0
19203,14,11,0
19203,60,11,0
19203,69,11,0
19203,87,11,0
19203,107,11,0
19203,136,11,0
19203,151,11,0
19210,9,11,0
19210,32,11,0
19210,54,11,0
19210,77,11,0
19210,100,11,0
19210,145,11,0
19226,12,11,0
19226,36,11,0
19226,52,11,0
19226,61,11,0
19226,69,11,0
19226,89,11,0
19226,98,11,0
19227,8,11,1
19227,24,11,1
19227,75,11,1
19227,93,11,1
19227,109,11,1
19233,4,11,1
19233,16,11,1
19233,41,11,1
19233,54,11,1
19233,66,11,1
19233,79,11,1
19248,19,11,0
19248,39,11,0
19248,83,11,0
19248,105,11,0
19248,126,11,0
19248,148,11,0
19263,18,11,0
19263,42,11,0
19263,68,11,0
19263,91,11,0
19263,166,11,0
19263,185,11,0
19292,11,11,0
19292,24,11,0
19292,35,11,0
19292,62,11,0
19292,75,11,0
19292,89,11,0
19299,1,11,0
19299,16,11,0
19299,39,11,0
19299,55,11,0
19299,72,11,0
19299,99,11,0
19312,24,11,0
19312,38,11,0
19312,55,11,0
19312,70,11,0
19312,86,11,0
19312,116,11,0
19317,8,11,0
19317,23,11,0
19317,38,11,0
19317,52,11,0
19317,67,11,0
19317,83,11,0
19320,13,11,0
19320,32,11,0
19320,70,11,0
19320,89,11,0
19320,108,11,0
19320,127,11,0
19338,6,11,0
19338,18,11,0
19338,25,11,0
19338,31,11,0
19338,37,11,0
19338,43,11,0
19346,11,11,1
19346,23,11,1
19346,33,11,1
19346,56,11,1
19346,80,11,1
19361,2,11,1
19361,14,11,1
19361,38,11,1
19361,62,11,1
19361,74,11,1
19365,29,11,1
19365,66,11,1
19365,84,11,1
19365,103,11,1
19365,121,11,1
19397,25,11,0
19397,26,11,0
19397,27,11,0
19397,28,11,0
19397,133,11,0
19397,134,11,0
19397,135,11,0
19397,136,11,0
19415,81,11,1
19415,82,11,1
19415,83,11,1
19415,84,11,1
19415,172,11,1
19415,173,11,1
19415,174,11,1
19415,175,11,1
19421,29,11,0
19421,30,11,0
19421,33,11,0
19421,34,11,0
19421,80,11,0
19421,81,11,0
19421,82,11,0
19421,83,11,0
19437,4,11,1
19437,33,11,1
19437,34,11,1
19437,35,11,1
19437,36,11,1
19437,38,11,1
19437,39,11,1
19437,40,11,1
19444,1,11,0
19444,14,11,0
19444,26,11,0
19444,38,11,0
19444,49,11,0
19444,85,11,0
19444,115,11,0
19459,33,11,1
19459,47,11,1
19459,61,11,1
19459,76,11,1
19467,2,11,0
19467,41,11,0
19467,70,11,0
19497,11,11,0
19497,28,11,0
19497,65,11,0
19497,118,11,0
19506,70,11,0
19506,93,11,0
19506,106,11,0
19517,7,11,1
19517,31,11,1
19517,47,11,1
19517,60,11,1
19517,84,11,1
19517,100,11,1
19520,13,11,1
19520,33,11,1
19520,77,11,1
19520,126,11,1
19520,192,11,1
19533,36,11,0
19533,49,11,0
19533,75,11,0
19533,100,11,0
19533,113,11,0
19537,97,11,0
19537,100,11,0
19537,238,11,0
19537,239,11,0
19537,240,11,0
19537,242,11,0
19540,13,11,0
19540,14,11,0
19540,15,11,0
19540,78,11,0
19540,79,11,0
19540,92,11,0
19540,97,11,0
19540,98,11,0
19552,13,11,0
19552,15,11,0
19552,16,11,0
19552,168,11,0
19552,170,11,0
19552,171,11,0
19552,173,11,0
19586,3,11,0
19586,20,11,0
19586,38,11,0
19586,92,11,0
19586,129,11,0
19586,165,11,0
19586,183,11,0
19586,201,11,0
19587,34,11,0
19587,35,11,0
19587,135,11,0
19587,136,11,0
19587,137,11,0
19587,139,11,0
19587,140,11,0
19601,18,11,1
19601,65,11,1
19601,68,11,1
19601,77,11,1
19601,78,11,1
19601,79,11,1
19601,80,11,1
19619,11,11,1
19619,25,11,1
19619,28,11,1
19619,29,11,1
19619,30,11,1
19619,49,11,1
19619,52,11,1
19619,53,11,1
19630,7,11,0
19630,24,11,0
19630,59,11,0
19630,77,11,0
19630,94,11,0
19630,112,11,0
19639,19,11,1
19639,38,11,1
19639,78,11,1
19639,98,11,1
19639,117,11,1
19639,138,11,1
19668,24,11,0
19668,41,11,0
19668,79,11,0
19668,98,11,0
19668,116,11,0
19668,134,11,0
19677,33,11,1
19677,85,11,1
19677,103,11,1
19677,120,11,1
19685,6,11,0
19685,19,11,0
19685,44,11,0
19685,57,11,0
19685,72,11,0
19685,85,11,0
19696,13,11,0
19696,14,11,0
19696,15,11,0
19696,16,11,0
19696,84,11,0
19696,85,11,0
19696,86,11,0
19696,87,11,0
19700,93,11,0
19700,94,11,0
19700,95,11,0
19700,96,11,0
19700,202,11,0
19700,203,11,0
19700,204,11,0
19700,209,11,0
19720,37,11,1
19720,38,11,1
19720,39,11,1
19720,40,11,1
19720,118,11,1
19720,119,11,1
19720,120,11,1
19730,13,11,0
19730,66,11,0
19730,85,11,0
19730,103,11,0
19730,122,11,0
19730,156,11,0
19730,175,11,0
19740,4,11,0
19740,28,11,0
19740,51,11,0
19740,122,11,0
19740,145,11,0
19740,169,11,0
19751,20,11,1
19751,37,11,1
19751,51,11,1
19751,84,11,1
19751,102,12,1
19751,102,22,1
19751,117,11,1
19777,8,11,0
19777,20,11,0
19777,42,11,0
19777,54,11,0
19777,68,11,0
19777,80,11,0
19783,25,11,1
19783,40,11,1
19783,76,11,1
19783,88,11,1
19783,100,11,1
19783,111,11,1
19807,222,11,0
19807,453,11,0
19807,454,11,0
19807,455,11,0
19807,456,11,0
19807,457,11,0
19807,458,11,0
19807,459,11,0
19817,14,11,1
19817,15,11,1
19817,109,11,1
19817,110,11,1
19817,112,11,1
19818,11,11,1
19818,20,11,1
19818,45,11,1
19818,62,11,1
19818,70,11,1
19818,79,11,1
19843,8,11,0
19843,46,11,0
19843,67,11,0
19843,86,11,0
19843,124,11,0
19843,141,11,0
19844,6,11,0
19844,41,11,0
19844,76,11,0
19844,93,11,0
19844,129,11,0
19844,143,11,0
19854,6,11,0
19854,24,11,0
19854,39,11,0
19854,55,11,0
19854,106,11,0
19854,135,11,0
19854,152,11,0
19856,15,11,0
19856,33,11,0
19856,71,11,0
19856,89,11,0
19856,127,11,0
19869,19,11,0
19869,73,11,0
19869,89,11,0
19869,108,11,0
19869,123,11,0
19871,9,11,0
19871,33,11,0
19871,67,11,0
19871,85,11,0
19871,105,11,0
19871,123,11,0
19876,19,11,0
19876,26,11,0
19876,39,11,0
19876,76,11,0
19876,101,11,0
19882,25,11,0
19882,39,11,0
19882,68,11,0
19882,84,11,0
19882,99,11,0
19882,115,11,0
19890,3,11,0
19890,22,11,0
19890,47,11,0
19890,56,11,0
19890,74,11,0
19901,15,11,0
19901,29,11,0
19901,47,11,0
19901,70,11,0
19901,120,11,0
19901,159,11,0
19955,15,11,1
19955,23,11,1
19955,29,11,1
19955,43,11,1
19961,25,11,1
19961,42,11,1
19961,76,11,1
19961,111,11,1
19961,143,12,1
19961,143,22,1
19963,29,11,1
19963,72,11,1
19963,94,11,1
19963,115,11,1
19963,138,11,1
19972,36,11,1
19972,46,11,1
19972,62,11,1
19972,119,11,1
20009,393,11,0
20009,394,11,0
20009,395,11,0
20009,400,11,0
20009,403,11,0
20009,404,11,0
20009,408,11,0
20009,410,11,0
20021,85,11,1
20021,86,11,1
20021,88,11,1
20021,216,11,1
20021,217,11,1
20021,218,11,1
20021,219,11,1
20021,220,11,1
20037,21,11,0
20037,35,11,0
20037,46,11,0
20037,57,11,0
20037,63,11,0
20037,72,11,0
20037,80,11,0
20037,82,11,0
20050,26,11,0
20050,39,11,0
20050,53,11,0
20050,85,11,0
20050,122,11,0
20069,11,11,0
20069,33,11,0
20069,74,11,0
20069,117,12,0
20069,117,22,0
20069,139,11,0
20077,3,11,0
20077,18,11,0
20077,50,11,0
20077,79,11,0
20077,95,11,0
20077,110,11,0
20077,125,11,0
20077,140,11,0
20089,30,11,1
20089,62,11,1
20089,80,11,1
20089,117,11,1
20098,14,11,1
20098,29,11,1
20098,104,11,1
20098,116,11,1
20104,3,11,0
20104,24,11,0
20104,62,11,0
20104,82,11,0
20104,102,11,0
20104,122,11,0
20113,11,11,0
20113,24,11,0
20113,46,11,0
20113,57,11,0
20113,80,11,0
20113,94,11,0
20123,13,11,0
20123,28,11,0
20123,58,11,0
20123,74,11,0
20123,89,11,0
20123,107,11,0
20142,3,11,0
20142,31,11,0
20142,44,11,0
20142,52,11,0
20142,76,11,0
20142,105,11,0
20152,18,11,1
20152,28,11,1
20152,49,11,1
20152,67,11,1
20152,76,11,1
20152,85,11,1
20163,49,11,0
20163,50,11,0
20163,51,11,0
20163,52,11,0
20163,154,11,0
20163,155,11,0
20163,156,11,0
20163,158,11,0
20170,6,11,1
20170,7,11,1
20170,8,11,1
20170,22,11,1
20170,23,11,1
20170,29,11,1
20196,11,11,0
20196,27,11,0
20196,57,11,0
20196,72,11,0
20196,88,11,0
20196,105,11,0
20213,5,11,0
20213,17,11,0
20213,43,11,0
20213,59,11,0
20213,69,11,0
20213,84,11,0
20231,2,11,0
20231,10,11,0
20231,16,11,0
20231,24,11,0
20231,31,11,0
20231,46,11,0
20243,14,11,0
20243,72,11,0
20243,86,11,0
20243,101,11,0
20243,113,11,0
20243,125,11,0
20245,15,11,0
20245,50,11,0
20245,105,11,0
20245,123,11,0
20245,141,11,0
20245,158,11,0
20271,9,11,1
20271,24,11,1
20271,55,11,1
20271,70,11,1
20271,101,11,1
20282,16,11,1
20282,35,11,1
20282,53,11,1
20282,109,11,1
20282,145,12,1
20282,145,22,1
20287,6,11,1
20287,28,11,1
20287,72,11,1
20287,117,11,1
20287,140,11,1
20303,10,11,0
20303,25,11,0
20303,46,11,0
20303,65,11,0
20303,115,11,0
20303,140,11,0
20305,17,11,0
20305,37,11,0
20305,60,11,0
20305,80,11,0
20305,101,11,0
20305,123,11,0
20326,65,11,0
20326,66,11,0
20326,71,11,0
20326,72,11,0
20326,167,11,0
20326,168,11,0
20326,169,11,0
20326,170,11,0
20330,47,11,0
20330,48,11,0
20330,179,11,0
20330,180,11,0
20330,181,11,0
20330,182,11,0
20330,183,11,0
20330,184,11,0
20348,29,11,1
20348,30,11,1
20348,31,11,1
20348,69,11,1
20508,28,11,1
20508,38,11,1
20508,57,11,1
20508,85,11,1
20508,94,11,1
20508,104,11,1
20511,9,11,0
20511,10,11,0
20511,12,11,0
20511,65,11,0
20511,66,11,0
20511,67,11,0
20511,68,11,0
20511,69,11,0
20534,61,11,0
20534,62,11,0
20534,64,11,0
20534,131,11,0
20534,132,11,0
20534,133,11,0
20534,135,11,0
20535,14,11,0
20535,37,11,0
20535,83,11,0
20535,151,11,0
20535,172,11,0
20595,25,11,1
20595,26,11,1
20595,27,11,1
20595,28,11,1
20595,97,11,1
20595,99,11,1
20595,100,11,1
20595,101,11,1
20606,7,11,1
20606,18,11,1
20606,28,11,1
20606,39,11,1
20606,60,11,1
20606,71,11,1
20606,102,11,1
20606,113,11,1
20607,77,11,1
20607,78,11,1
20607,80,11,1
20607,178,11,1
20607,179,11,1
20607,182,11,1
20607,183,11,1
20616,73,11,1
20616,74,11,1
20616,76,11,1
20616,145,11,1
20616,146,11,1
20616,149,11,1
20616,151,11,1
20616,152,11,1
20619,9,11,0
20619,30,11,0
20619,46,11,0
20619,62,11,0
20619,114,11,0
20622,14,11,1
20622,72,11,1
20622,86,11,1
20622,99,11,1
20622,113,11,1
20670,5,11,0
20670,6,11,0
20670,7,11,0
20670,8,11,0
20670,53,11,0
20670,54,11,0
20670,55,11,0
20670,56,11,0
20719,49,11,0
20719,50,11,0
20719,51,11,0
20719,52,11,0
20719,107,11,0
20719,108,11,0
20719,109,11,0
20719,110,11,0
20727,21,11,1
20727,23,11,1
20727,24,11,1
20727,53,11,1
20727,56,11,1
20727,57,11,1
20727,58,11,1
20727,60,11,1
20728,3,11,0
20728,18,11,0
20728,46,11,0
20728,61,11,0
20728,105,11,0
20752,30,11,0
20752,47,11,0
20752,65,11,0
20752,116,11,0
20752,132,11,0
20752,148,11,0
20754,1,11,0
20754,14,11,0
20754,20,11,0
20754,28,11,0
20754,45,11,0
20754,53,11,0
20755,22,11,1
20755,23,11,1
20755,63,11,1
20755,64,11,1
20755,66,11,1
20755,68,11,1
20755,72,11,1
20757,33,11,0
20757,34,11,0
20757,35,11,0
20757,36,11,0
20757,82,11,0
20757,84,11,0
20757,85,11,0
20757,86,11,0
20758,4,11,0
20758,36,11,0
20758,50,11,0
20758,66,11,0
20758,82,11,0
20758,98,11,0
20759,4,11,0
20759,11,11,0
20759,32,11,0
20759,44,11,0
20759,53,11,0
20759,63,11,0
20766,81,11,0
20766,82,11,0
20766,83,11,0
20766,84,11,0
20766,193,11,0
20766,194,11,0
20766,195,11,0
20766,196,11,0
20767,7,11,0
20767,24,11,0
20767,96,11,0
20767,114,11,0
20767,132,11,0
20767,150,11,0
20817,17,11,0
20817,18,11,0
20817,19,11,0
20817,20,11,0
20817,77,11,0
20817,78,11,0
20817,79,11,0
20817,80,11,0
20852,8,11,0
20852,19,11,0
20852,41,11,0
20852,52,11,0
20852,63,11,0
20852,74,11,0
20852,96,11,0
20852,107,11,0
20853,8,11,0
20853,22,11,0
20853,36,11,0
20853,64,11,0
20853,108,11,0
20853,121,11,0
20854,6,11,0
20854,23,11,0
20854,39,11,0
20854,56,11,0
20854,89,11,0
20854,106,11,0
20855,1,11,0
20855,2,11,0
20855,3,11,0
20855,4,11,0
20855,29,11,0
20855,32,11,0
20855,33,11,0
20855,34,11,0
20857,31,11,0
20857,46,11,0
20857,77,11,0
20857,93,11,0
20857,108,11,0
20858,26,11,0
20858,33,11,0
20858,41,11,0
20858,48,11,0
20858,55,11,0
20858,63,11,0
20858,77,11,0
20858,80,11,0
20859,10,11,0
20859,33,11,0
20859,56,11,0
20859,68,11,0
20859,79,11,0
20859,91,11,0
